:1000000000040020810A000015070000610A0000BA
:100010001F07000029070000330700000000000050
:10002000000000000000000000000000A50A000021
:100030003D070000000000004707000051070000D6
:100040005B070000650700006F07000079070000EC
:10005000830700008D07000097070000A10700003C
:10006000AB070000B5070000BF070000C90700008C
:10007000D3070000DD070000E7070000F1070000DC
:10008000FB070000050800000F0800001908000029
:10009000230800002D080000370800004108000078
:1000A0004B080000550800005F08000069080000C8
:1000B000730800007D080000870800009108000018
:1000C0009B080000A5080000AF080000B908000068
:1000D000C3080000CD080000D7080000E1080000B8
:1000E000EB080000F5080000FF0800000909000007
:1000F000130900001D090000270900003109000054
:100100003B0900001FB500F003F88DE80F001FBD8C
:1001100000F0ACBC40F6FC7108684FF01022401CA7
:1001200008D00868401C09D00868401C04D0086842
:1001300000F037BA9069F5E79069F9E7704770B554
:100140000B46010B184400F6FF70040B4FF0805073
:100150000022090303692403406943431D1B104621
:1001600000F048FA29462046BDE8704000F042BA47
:10017000F0B54FF6FF734FF4B4751A466E1E11E0DA
:10018000A94201D3344600E00C46091B30F8027B3B
:10019000641E3B441A44F9D19CB204EB134394B25D
:1001A00004EB12420029EBD198B200EB134002EBB2
:1001B000124140EA0140F0BDF34992B00446D1E952
:1001C0000001CDE91001FF224021684600F0F4FB58
:1001D00094E80F008DE80F00684610A902E004C8FB
:1001E00041F8042D8842FAD110216846FFF7C0FF7C
:1001F0001090AA208DF8440000F099F9FFF78AFFCB
:1002000040F6FC7420684FF01025401C0FD0206889
:1002100010226946803000F078F92068401C08D030
:100220002068082210A900F070F900F061F9A869AF
:10023000EEE7A869F5E74FF080500369406940F6A2
:10024000FC71434308684FF01022401C06D0086838
:1002500000F58050834203D2092070479069F7E788
:100260000868401C04D00868401C03D00020704778
:100270009069F9E70420704770B504460068C34DE3
:10028000072876D2DFE800F033041929631E250021
:10029000D4E9026564682946304600F062F92A46CE
:1002A0002146304600F031F9AA002146304600F0E0
:1002B00057FB002800D0032070BD00F009FC4FF46C
:1002C000805007E0201D00F040F90028F4D100F034
:1002D000FFFB60682860002070BD241D94E80700C3
:1002E000920000F03DFB0028F6D00E2070BDFFF715
:1002F000A2FF0028FAD1D4E901034FF0805100EBAE
:10030000830208694D69684382420ED840F6F8704E
:1003100005684FF010226D1C09D0056805EB8305B8
:100320000B6949694B439D4203D9092070BD55694A
:10033000F4E70168491C03D00068401C02D003E0C8
:100340005069FAE70F2070BD2046FFF735FFFFF731
:1003500072FF0028F7D1201D00F0F7F80028F2D135
:1003600060680028F0D100F0E2F8FFF7D3FE00F05B
:10037000BFF8072070BD10B50C46182802D0012028
:10038000086010BD2068FFF777FF206010BD41684E
:10039000054609B1012700E0002740F6F8742068FF
:1003A0004FF01026401C2BD02068AA68920000F065
:1003B000D7FA38B3A86881002068401C27D020688D
:1003C000FFF7BDFED7B12068401C22D026684FF051
:1003D0008050AC686D68016942695143A9420DD9EA
:1003E000016940694143A14208D92146304600F0E5
:1003F000B8F822462946304600F087F800F078F831
:100400007069D2E700F093F8FFF784FEF6E77069B1
:10041000D6E77669DBE740F6FC7420684FF01026DB
:10042000401C23D02068401C0CD02068401C1FD0EA
:100430002568206805F18005401C1BD027683879A5
:10044000AA2819D040F6F8700168491C42D001680A
:10045000491C45D00168491C3ED001680968491C07
:100460003ED00168491C39D000683EE0B069DAE747
:10047000B569DEE7B769E2E710212846FFF778FEA5
:100480003968814222D12068401C05D0D4F8001080
:1004900001F18002C03107E0B169F9E730B108CA63
:1004A00051F8040D984201D1012000E000208A4259
:1004B000F4D158B1286810B1042803D0FEE72846CB
:1004C000FFF765FF3149686808600EE0FFF722FE1C
:1004D00000F00EF87169BBE77169BFE7706904E06D
:1004E0004FF480500168491C01D000F0CBFAFEE7C0
:1004F000BFF34F8F26480168264A01F4E06111439B
:100500000160BFF34F8F00BFFDE72DE9F0411746B3
:100510000D460646002406E03046296800F054F8EF
:10052000641C2D1D361DBC42F6D3BDE8F08140F69B
:10053000FC700168491C04D0D0F800004FF48051D1
:10054000FDE54FF010208069F8E74FF080510A690F
:10055000496900684A43824201D810207047002050
:10056000704770B50C4605464FF4806608E0284693
:1005700000F017F8B44205D3A4F5806405F5805562
:10058000002CF4D170BD0000F40A0000000000202F
:100590000CED00E00400FA05144801680029FCD0C5
:1005A0007047134A0221116010490B68002BFCD0E0
:1005B0000F4B1B1D186008680028FCD0002010603D
:1005C00008680028FCD07047094B10B501221A605A
:1005D000064A1468002CFCD0016010680028FCD08A
:1005E0000020186010680028FCD010BD00E4014015
:1005F00004E5014070B50C46054600F073F810B9EB
:1006000000F07EF828B121462846BDE8704000F091
:1006100007B821462846BDE8704000F037B8000012
:100620007FB5002200920192029203920A0B000B06
:100630006946012302440AE0440900F01F0651F80C
:10064000245003FA06F6354341F82450401C8242F8
:10065000F2D80D490868009A10430860081D016827
:10066000019A1143016000F03DF800280AD00649C4
:1006700010310868029A10430860091D0868039A3F
:10068000104308607FBD00000006004030B50F4CED
:10069000002200BF04EB0213D3F800582DB9D3F8A1
:1006A000045815B9D3F808581DB1521C082AF1D3C3
:1006B00030BD082AFCD204EB0212C2F80008C3F8CD
:1006C00004180220C3F8080830BD000000E0014013
:1006D0004FF08050D0F83001082801D0002070473A
:1006E000012070474FF08050D0F83011062905D016
:1006F000D0F83001401C01D0002070470120704725
:100700004FF08050D0F830010A2801D00020704707
:100710000120704708208F490968095808471020B0
:100720008C4909680958084714208A4909680958FA
:100730000847182087490968095808473020854923
:100740000968095808473820824909680958084744
:100750003C20804909680958084740207D490968BC
:100760000958084744207B49096809580847482028
:1007700078490968095808474C207649096809589A
:10078000084750207349096809580847542071499F
:1007900009680958084758206E49096809580847E8
:1007A0005C206C4909680958084760206949096854
:1007B00009580847642067490968095808476820AC
:1007C00064490968095808476C2062490968095852
:1007D000084770205F4909680958084774205D4937
:1007E00009680958084778205A490968095808478C
:1007F0007C205849096809580847802055490968EC
:10080000095808478420534909680958084788202F
:1008100050490968095808478C204E490968095809
:10082000084790204B4909680958084794204949CE
:10083000096809580847982046490968095808472F
:100840009C204449096809580847A0204149096883
:1008500009580847A4203F49096809580847A820B3
:100860003C49096809580847AC203A4909680958C1
:100870000847B0203749096809580847B420354966
:10088000096809580847B8203249096809580847D3
:10089000BC203049096809580847C0202D4909681B
:1008A00009580847C4202B49096809580847C82037
:1008B0002849096809580847CC2026490968095879
:1008C0000847D0202349096809580847D4202149FE
:1008D000096809580847D8201E4909680958084777
:1008E000DC201C49096809580847E02019490968B3
:1008F00009580847E4201749096809580847E820BB
:100900001449096809580847EC2012490968095830
:100910000847F0200F49096809580847F4200D4995
:10092000096809580847F8200A490968095808471A
:10093000FC2008490968095808475FF48070054998
:10094000096809580847000003480449024A034B54
:100950007047000000000020000B0000000B0000AA
:1009600040EA010310B59B070FD1042A0DD310C82C
:1009700008C9121F9C42F8D020BA19BA884201D97E
:10098000012010BD4FF0FF3010BD1AB1D30703D0C6
:10099000521C07E0002010BD10F8013B11F8014B7C
:1009A0001B1B07D110F8013B11F8014B1B1B01D198
:1009B000921EF1D1184610BD02F0FF0343EA032254
:1009C00042EA024200F005B87047704770474FF0A6
:1009D00000020429C0F0128010F0030C00F01B800C
:1009E000CCF1040CBCF1020F18BF00F8012BA8BF1A
:1009F00020F8022BA1EB0C0100F00DB85FEAC17CDE
:100A000024BF00F8012B00F8012B48BF00F8012B90
:100A100070474FF0000200B51346944696462039C1
:100A200022BFA0E80C50A0E80C50B1F12001BFF4A7
:100A3000F7AF090728BFA0E80C5048BF0CC05DF80D
:100A400004EB890028BF40F8042B08BF704748BF5B
:100A500020F8022B11F0804F18BF00F8012B7047CF
:100A6000014B1B68DB6818470000002009480A4951
:100A70007047FFF7FBFFFFF745FB00BD20BFFDE719
:100A8000064B1847064A1060016881F308884068E1
:100A900000470000000B0000000B000017040000DE
:100AA000000000201EF0040F0CBFEFF30881EFF3ED
:100AB0000981886902380078182803D100E0000015
:100AC000074A1047074A12682C3212681047000084
:100AD00000B5054B1B68054A9B58984700BD0000B0
:100AE0007703000000000020F00A0000040000006E
:100AF000001000000000000000FFFFFF0090D00386
:10100000B00F002021AE010065B0000087AD0100E7
:1010100065B0000065B0000065B000000000000091
:10102000000000000000000000000000ADAE010064
:1010300065B000000000000065B0000065B0000071
:1010400015AF01001BAF010065B0000065B00000E6
:1010500065B0000065B0000065B0000065B000003C
:1010600021AF010065B0000065B0000027AF0100AE
:1010700065B000002DAF010033AF010039AF0100B2
:1010800065B0000065B0000065B0000065B000000C
:1010900065B0000065B0000065B0000065B00000FC
:1010A00065B000003FAF010065B0000065B0000012
:1010B00065B0000065B0000065B0000065B00000DC
:1010C00045AF010065B0000065B0000065B00000EC
:1010D00065B0000065B0000065B0000065B00000BC
:1010E00065B0000065B0000065B0000065B00000AC
:1010F00065B0000065B0000065B0000065B000009C
:1011000065B0000065B0000000F002F819F077FE4D
:101110000AA090E8000C82448344AAF10107DA4552
:1011200001D119F06CFEAFF2090EBAE80F0013F00E
:10113000010F18BFFB1A43F00103184770A201000A
:1011400090A201000A4410F8014B14F00F0508BFEB
:1011500010F8015B240908BF10F8014B6D1E05D083
:1011600010F8013B6D1E01F8013BF9D1641E03D05C
:10117000641E01F8015BFBD19142E4D3704700008B
:101180000023002400250026103A28BF78C1FBD890
:10119000520728BF30C148BF0B6070471FB500F031
:1011A00003F88DE80F001FBD19F026BE70B51B4C6B
:1011B00005460A202070A01C00F0D7F85920A08016
:1011C00029462046BDE8704006F0FEBE06F00CBF82
:1011D00070B50C461249097829B1A0F160015E2969
:1011E00008D3012013E0602804D0692802D043F21C
:1011F00001000CE020CC0B4E94E80E0006EB8000C2
:10120000A0F58050241FD0F8806E2846B04720609B
:1012100070BD0120704706207047000008000020C4
:101220001800002074AF01003249884201D2012029
:1012300070470020704770B50446A0F500002E4EA0
:10124000B0F1786F02D23444A4F5000429488442F6
:1012500001D2012500E0002500F043F848B125B98E
:10126000B44204D32548006808E0012070BD002086
:1012700070BD002DF9D1B442F9D321488442F6D291
:10128000F3E710B50446A0F50000B0F1786F03D283
:1012900019480444A4F5000400F023F84FF08041FD
:1012A00030B11648006804E08C4204D2012003E00B
:1012B00013488442F8D2002080F0010010BD10B520
:1012C00020B1FFF7DEFF08B1012010BD002010BDE6
:1012D00010B520B1FFF7AFFF08B1012010BD00200D
:1012E00010BD084808490068884201D101207047B4
:1012F0000020704700C00100000000201C000020FA
:101300000800002058000020BEBAFECA10B50446EE
:101310000021012000F041F800210B2000F03DF8F1
:101320000021082000F039F80421192000F035F8D8
:1013300004210D2000F031F804210E2000F02DF8DA
:1013400004210F2000F029F80421C84300F025F8FB
:101350000621162000F021F80621152000F01DF8C6
:101360002046FFF723FF002010BDCC2101807047ED
:10137000FFF72CBF1148704710487047104A10B54E
:1013800014680F4B0F4A08331A60FFF721FF0C480F
:10139000001D046010BD704770474907090E002802
:1013A00004DB00F1E02080F80014704700F00F002B
:1013B00000F1E02080F8141D7047000003F900429E
:1013C000100502400100000130B5FF4D0446062C17
:1013D000A9780ED2DFE804F0030E0E0E0509FFDF38
:1013E00008E0022906D0FFDF04E0032902D0FFDF76
:1013F00000E0FFDFAC7030BDF34810B5407E41081F
:10140000F14800F11A0005D00DF043FBBDE8104093
:1014100006F07ABC0DF024FBF8E730B50446A1F1E4
:1014200020000D460A2847D2DFE800F005070C1916
:10143000202532373C41FFDF3FE0207820283CD197
:10144000FFDF3AE0E0488078052836D0207824286D
:1014500033D0252831D023282FD0FFDF2DE020786E
:1014600022282AD0232828D8FFDF26E02078222827
:1014700023D0FFDF21E0207822281ED024281CD092
:1014800026281AD0272818D0292816D0FFDF14E0E4
:101490002078252811D0FFDF0FE0207825280CD0F8
:1014A000FFDF0AE02078252807D0FFDF05E020785D
:1014B000282802D0FFDF00E0FFDF257030BD1FB518
:1014C0000022ADF800200C88ADF802404B88ADF842
:1014D0000430CA88ADF808208988ADF806100021CC
:1014E000ADF80A10ADF80C1080B14FF6FF70062170
:1014F000844201D1ADF80210834201D1ADF804104D
:10150000824203D14FF44860ADF8080068460DF000
:10151000BEFB06F0F9FB04B010BD70B514460D46D5
:101520000646FFF788FE60B90DB1A54201D90C202F
:1015300070BD002409E000BF56F82400FFF77BFED1
:1015400008B1102070BD641CE4B2AC42F4D300209A
:1015500070BD2DE9F04105461F4690460E46002419
:101560000068FFF7B5FE30B9A98828680844401E16
:10157000FFF7AEFE10B11020BDE8F081286800280A
:10158000A88802D0B84202D850E00028F4D0092040
:10159000F2E72968085DB8B1671CCA5D152A2ED02C
:1015A0003CDC152A3AD2DFE802F039122222282840
:1015B0002A2A313139393939393939393939220019
:1015C000085D30BB641CA4B2A242F9D833E0022803
:1015D000DDD1A01C085C88F80000072801D2400774
:1015E00001D40A20C8E7307840F0010015E0C1437B
:1015F000C90707E0012807D010E00620BCE7010773
:10160000A1F180510029F5D01846B5E7307881075F
:1016100001D50B20B0E740F0020030702868005D73
:10162000384484B2A888A04202D2B0E74FF44853AD
:1016300082B2A242ADD800209EE710B502785408CD
:1016400009D0012243F20223012C07D0022C0DD035
:10165000032C13D10FE00020087005E080790324EB
:10166000B4EB901F0AD10A70002010BD8079B2EB54
:10167000901F03D1F7E780798009F4D0184610BD98
:1016800008B500208DF800004F4890F8221051B1A5
:1016900090F8230002280FD003280FD0FFDF00BFEF
:1016A0009DF8000008BD48486946193001F0C6F9A8
:1016B0000028F5D0FFDFF3E7032000E001208DF8DC
:1016C0000000EDE738B50C460546694601F0B6F96D
:1016D00000280DD19DF80010207861F3470020709C
:1016E00055F8010FC4F80100A888A4F805000020EF
:1016F00038BD38B51378C0B1022816D033A46D4672
:10170000246800944C7905EB9414247864F347031F
:10171000137003280ED003F0FE0010700868C2F8A2
:1017200001008888A2F8050038BD23F0FE0313707D
:101730000228EED1D8B240F00100EEE702210EF00F
:10174000BDBC38B50C460978222901D2082038BD25
:10175000ADF800008DF8022068460DF0D9F906F0CA
:10176000D3FA050003D121212046FFF756FE284673
:1017700038BD1CB500208DF80000CDF80100ADF893
:101780000500114890F82200022801D0012000E055
:1017900000208DF8070068460DF024FA002800D0DC
:1017A000FFDF1CBD2DE9FF478CB00025BDF834607C
:1017B00082461C4690468DF81C50700703D5606821
:1017C000FFF739FD90B903E0A00100200302FF01FB
:1017D000FE4F4FF0010997F8220058B197F8230007
:1017E000022807D16068FFF773FD18B1102010B010
:1017F000BDE8F087300702D5A089802815D870078A
:1018000004D4B8F1000F01D0387E70B1E07DC0F390
:1018100000108DF81B00617D072041B1012906D021
:101820000229E4D00429E2D117E00720DFE78DF890
:1018300017908DF819908DF81580606878B107A918
:10184000FFF7FBFE0028D2D1606850F8011FCDF8E9
:101850000F108088ADF8130005E00620C7E7CDF82B
:101860000F50ADF81350E07B0028F6D1207C002803
:10187000F3D1607C0028F0D1A07C0028EDD1E07C81
:10188000C006EAD18DF800A0BDF83400ADF8020022
:10189000A0680190A0680290CDA0D0E90010CDE929
:1018A0000A10E07C0AA901EB501000788DF80C00BA
:1018B000FFF7E6FE8DF80D009DF81C008DF80E0078
:1018C0008DF818508DF816508DF81A5009A96846F1
:1018D0000DF02CFA06F018FA89E7F0B58FB0002465
:1018E0008DF830408DF814408DF8344006468DF860
:1018F0002840019402940394049419B10FC901ADD6
:1019000085E80F00B14DA878052801D004280CD136
:1019100001986968884200D120B90398E968884233
:1019200003D110B108200FB0F0BD1F273B460DAA10
:1019300005A903A8FFF70DFE0028F4D13B460AAA2B
:101940000CA901A8FFF705FE0028ECD19DF81400B2
:10195000C00701D00A20E6E7A88A410708D4A97D7C
:1019600031B19DF82810890702D043F20120DAE74F
:101970009DF82810C90709D0400707D4288818B156
:1019800044F25061884201D90720CCE78DF8184015
:101990008DF81960BDF80800ADF81A00019807909D
:1019A00006A80DF0CEF906F0AFF90028BBD18DF8EE
:1019B00020408DF82160BDF81000ADF8220003989A
:1019C000099008A80DF0DFF906F09EF90028AAD1C9
:1019D00001AC2D1D94E80F0085E80F000020A2E760
:1019E00070B50646FFF7AAFE054606F06FFB040039
:1019F00000D1FFDF6680207820F00F00801C20F0EF
:101A0000F000203020700320207295F83E006072B4
:101A1000BDE8704006F05EBB2DE9F04385B00400E0
:101A200000D1FFDF2078694E20F00F00801C20F0ED
:101A3000F0007030207060680178C91F14292AD224
:101A4000DFE801F04DF3290AF3F33AF2292966F2AF
:101A5000F2F129F2F2F0EFF286883046FFF76EFEDF
:101A60000546304608F0BDF8C0B16068807985F859
:101A70003E0021212846FFF7D0FC304603F0FAF95A
:101A8000304604F0ADFB3146012012F047F9A87F43
:101A900020F01000A87705B0BDE8F083207820F092
:101AA000F00020302070032020726680606880790A
:101AB000607206F00FFBDCE785882846FFF73EFEE4
:101AC00000B9FFDF60688078012800D0FFDF606820
:101AD000817905B02846BDE8F04308F04ABA868807
:101AE0003046FFF72BFE050000D1FFDF06F0F2FACB
:101AF00060683146C08828816068008968816068B4
:101B00004089A881012012F009F90020A875C2E7D8
:101B1000807828B10228BED03C28BCD0FFDFBAE7CD
:101B200006F0D8FA6568A879AD1C00B9FFDFF77830
:101B3000B5F80290B046384606F05FF8060000D1CE
:101B4000FFDF0022022148460EF0AFFA040000D168
:101B5000FFDF22212046FFF760FCA17F012060F318
:101B60000101A177298B2181698B6181A98BA181D9
:101B700084F822708DF80800B0680090F068019039
:101B80006A46032148460EF090FA00B9FFDFB0889C
:101B9000ADF81000B0788DF8120004AA052148466F
:101BA0000EF083FA00B9FFDFB088ADF80C00F078D2
:101BB0008DF80E0003AA042148460EF076FA00B90B
:101BC000FFDF062105F1120006E00000A001002061
:101BD000070605040302010000F04DFF30B36879E9
:101BE000800700D5FFDF6979E07D61F34700E0758C
:101BF000D5F80600A0616889A083062105F10C00D4
:101C000000F039FFE0B198F819104A08617862F3E2
:101C100047016170D8F81A10C4F80210B8F81E0015
:101C200017E028E020E033E02DE017E0E07D20F031
:101C3000FE00801CE075D5F81200A061E88ADBE7A1
:101C4000607820F0FE00801C6070E868C4F8020034
:101C5000288AE0800320FFF7B7FB1CE705B0204689
:101C6000BDE8F04301F092BC06F034FA16F8240FF8
:101C700040F0020005E006F02DFA16F8240F40F0BF
:101C80000400307007E705B0BDE8F04306F022BA63
:101C9000B178052909D00429DFD106F01BFA02200A
:101CA00005B0BDE8F043FFF78FBB80780028D4D0A3
:101CB000F07800F0AAFE06F00DFA0320F0E72DE917
:101CC000F047054600780027000991460C463E463D
:101CD000012871D0022870D007280AD00A286DD0B8
:101CE000FFDF00BFA9F800600CB1278066800020EC
:101CF0007EE5D5F804C0DFF8448804F108009CF8BC
:101D000000204FF0010AD21F4FF6FF71142A76D23D
:101D1000DFE802F00AF9F9F9F9F9F91DF9F926C035
:101D2000889DF91061D476EE12271026BCF80400C5
:101D30002146F3E01C270A26ECB3BCF80200A08081
:101D4000686800792072686840796072CAE71B276A
:101D5000092684B30320207268684088A080C1E708
:101D60009CF802103C29BDD010272C260CF1020C47
:101D70000CB3BCF80210A180BCF818106182BCF84A
:101D800018102182BCF81A10A182BCF81C10E18244
:101D90009CF8053002460CF106011846FFF7A9FC35
:101DA0009CF8040001289DD184F80FA00020207623
:101DB00008F1040003E00BE0A8E0B2E0EAE090E8FC
:101DC0000E00D8F81000C4E90930C4E9071289E709
:101DD000A9F800608BE720271126002CF8D0A180FD
:101DE000686804F10A02807820726868807A6072FC
:101DF00069680B1DC8781946FFF77BFC72E782E023
:101E000021270A26002CE3D0BCF80200A0806868D5
:101E10000079207268684079607298F8241021F087
:101E2000040162E022270B26002CD1D0BCF804006C
:101E3000A0806868807820726868807900F02AFE47
:101E400060726868C07900F025FEA0724AE7262714
:101E50001C26002CBCD0A1806868C07860726868BD
:101E60008079A07208F1040090E80E00D8F8100004
:101E7000C4E90530C4E90312686880783C2803D0BF
:101E8000432804D0FFDF2DE784F808A02AE70220CA
:101E9000207227E724271026002C99D0BCF80200D6
:101EA000A0806868007920816868007A608168682D
:101EB000C088A08168684089E08113E72327102645
:101EC000002C85D0BCF80200A08068688088208142
:101ED0006868C088608168680089A08168684089F6
:101EE000E08198F8241021F0020188F82410F9E626
:101EF0002F272A26002C86D0A18069682222891CDF
:101F00000BF017FAEEE64A46214644E0287A02280A
:101F100001D0FFDFE6E612271026688800F098FD62
:101F2000E0E6287AB0B3012835D0022833D0032860
:101F300001D0FFDFD6E611270926002C8AD0B5F89C
:101F400002804046FFF7FAFB90F822A0A4F8048034
:101F5000687A2072042140460EF0C2F805214046FE
:101F60000EF0BEF8002140460EF0BAF801214046BE
:101F70000EF0B6F8032140460EF0B2F802214046BA
:101F80000EF0AEF8062140460EF0AAF8504600F0DA
:101F90003CFDA7E6FFE72846BDE8F04701F02CBC72
:101FA00070B5012801D0FFDF70BD8DB22846FFF764
:101FB000C5FB040000D1FFDF20782128F4D006F013
:101FC00085F880B1017821F00F01891C21F0F00122
:101FD000103101700221017245800020A075BDE81A
:101FE000704006F077B821462846BDE870401322BD
:101FF000FFF7A7BB2DE9F04116460C00804600D143
:10200000FFDF307820F00F00801C20F0F00010304F
:1020100030702078022802D0FFDFBDE8F081404612
:10202000FFF78CFB050000D1FFDFA1884FF6FF70A2
:102030000027814202D1E288824203D0814201D14D
:10204000E08840B106F046F894E80F00083686E8CC
:102050000F00AF75E1E7A87D0128DED178230022CB
:10206000414611F0B1FD0220A875D6E738B5054606
:102070000C460846FFF7DFF8A8B9242D31D006DC5E
:10208000202D0AD0212D0AD0222D04D124E0252D87
:102090001BD03F2D2DD0072038BD062038BD6068ED
:1020A000FFF70DF908B1102038BD618820886A4615
:1020B0000CF0E1FF05F028FE0028F5D16168002949
:1020C000F2D0BDF800200A8038BDA07800F00101F0
:1020D00020880DF001F808E02068BDE8384001F0E4
:1020E000C0BD618820880CF05FFFBDE8384005F076
:1020F0000BBE207800F001008DF8000068460CF05F
:10210000BDFD05F001FE38BD70B505460C4608461C
:10211000FFF7B7F808B1102070BD202D07D0212D92
:102120000DD0222D0BD0252D09D0072070BD208881
:10213000A11C0CF03CFDBDE8704005F0E5BD06209B
:1021400070BDFE481930704708B528220021FB48B1
:102150000BF019F90120FFF737F9F84968461A31F1
:1021600005F04AFFF5489DF80020417E62F34701E3
:1021700021F001014176002180F822104FF46171B5
:102180000184022180F82310FFF736F900B1FFDF48
:1021900000F0AEFC01F0CCF908BD10B50C464022B1
:1021A000002120460BF0EFF8A07F20F00300A0777D
:1021B000202020700020A07584F8230010BD7047F7
:1021C0002DE9FC410746FFF736F810B11020BDE8B5
:1021D000FC81DA4E06F11901D6F819000090B6F824
:1021E0001D50ADF80450F47F8DF806403846FFF7D7
:1021F00069FA0028EBD1FFF7FFF80028E7D0009933
:1022000046F8191FB580B471E1E710B50446FFF731
:1022100038F808B1102010BDC848C8492246407E91
:102220001A314008FFF765FA002010BD3EB504469C
:102230000D460846FFF725F808B110203EBD14B141
:1022400043F204003EBDBD488078052803D0042831
:1022500001D008203EBD694602A80BF01AFB2A46B1
:1022600069469DF80800FFF744FA00203EBDFEB520
:102270000D4604004FF0000711D00822FFF74DF97A
:10228000002811D1002608E054F826006946FFF71F
:10229000D4F9002808D1761CF6B2AE42F4D30CF083
:1022A00037FB10B143F20320FEBDA44E3776FCB1DC
:1022B00000271AE054F8270002A9FFF7BEF900B181
:1022C000FFDF9DF808008DF8000054F8270050F853
:1022D000011FCDF801108088ADF8050068460CF0AC
:1022E0003CFB00B1FFDF7F1CFFB2AF42E2D335768B
:1022F0000020FEBD2DE9F0478AB01546894604004E
:102300001DD00F4608222946FFF707F9002810D1F3
:10231000002612E054F826006946103000F08EFBCB
:10232000002806D13FB157F82600FEF784FF10B110
:1023300010200AB0DCE4761CF6B2AE42EAD30026E6
:10234000A5F101081CE000BF06F1010A0AF0FF0731
:1023500012E000BF54F82600017C4A0854F8271008
:102360000B7CB2EB530F05D10622113011310AF06C
:10237000B3FF58B17F1CFFB2AF42EBD30AF0FF06A8
:102380004645E1DB4E4624B1012003E043F205203F
:10239000CFE700200CF000FB10B90CF009FB10B1E6
:1023A00043F20420C5E75CB300270DF1170825E0D0
:1023B00054F827006946103000F040FB00B1FFDF01
:1023C00054F82700102250F8111FCDF80110808812
:1023D000ADF8050054F827100DF107000AF0A9FF29
:1023E00096B156F82710102240460AF0A2FF684620
:1023F0000CF098FA00B1FFDF7F1CFFB2AF42D7D3D9
:10240000FFF7B7F9002094E7404601F01EFCEEE725
:1024100030B585B00446FEF70EFF18B96068FEF7C8
:1024200057FF10B1102005B030BD60884AF2B811D6
:10243000884206D82078414D28B1012806D00228CC
:1024400004D00720EFE7FEF7D7FF18E060780228F6
:1024500004D0032802D043F20220E4E785F82300E9
:10246000C1B200200090ADF8040002292CD003294D
:1024700027D0FFDF68460CF00CFB05F045FC002878
:10248000D1D1606801F0D4FB207858B101208DF8DB
:1024900000000DF1010001F0D8FB68460CF075FE5C
:1024A00000B1FFDF207885F82200FFF762F960882D
:1024B00060B1288480B20CF067FA00B1FFDF002021
:1024C000B1E78DF80500D5E74020FAE74FF46170D9
:1024D000EFE710B50446FEF7D4FE20B9606838B1C6
:1024E000FEF7EDFE08B1102010BD606801F0ADFBF5
:1024F000124830F8201F6180C178617080782070A8
:10250000002010BD2DE9F843144689460646FEF723
:10251000B8FEB8B94846FEF7DBFE98B92046FEF78C
:10252000D7FE78B9054DA878012800D154B131788B
:10253000FF2909D061B143F2040001E0A0010020AD
:10254000BDE8F8831020F8E7012801D00420F4E763
:10255000CCB3052811D004280FD06946204600F0DE
:10256000A4FA0028E9D1217D49B1012909D0022925
:1025700009D0032909D00720DFE70820DDE702465C
:1025800004E0012202E0022200E00322804623460A
:10259000174600200099FFF705F90028CDD1A08942
:1025A0002880A07BE875BDF80000A882AF75BDF853
:1025B0000010090701D5A18931B1A1892980C0077F
:1025C00004D0032003E006E08021F7E70220FEF7B5
:1025D000FBFE86F800804946BDE8F8430020FFF77F
:1025E0007CB92DE9FC41FF4C06460D46A078022837
:1025F00003D0032801D00820E9E516B143F2040016
:10260000E5E506200DF00EFD10B9A078032849D0AD
:102610000FF07CFC074610F0DBFE381A00F0FF08D4
:1026200006200DF0F7FC074606200DF0FBFC391ADA
:10263000A078042809D000221144A8EB010111F070
:10264000FF0F04D0032804D00DE00122F4E713208B
:10265000BDE5284605F0D1FA10B3407810B32846FE
:1026600005F0D6FDE570FFF70BF80BF054F80120EC
:102670008DF800008DF801008DF802602088ADF81B
:102680000400E07D8DF8060068460CF050FC05F073
:102690003BFB0028B0D1A078032805D0042010E02F
:1026A000052094E5122092E5E07805F0A6FA0400F2
:1026B00000D1FFDF607800B9FFDF6078401E6070F6
:1026C0000520FEF781FE002081E51CB510B143F224
:1026D00004001CBDC34CA078042803D0052801D0F9
:1026E00008201CBD00208DF8000001218DF801108C
:1026F0008DF8020068460CF01AFC05F005FB002876
:10270000EFD1A078052805D05FF00200FEF75CFE4F
:1027100000201CBDE07800F078F90320F6E72DE9F1
:10272000FC4180460D4603260846FEF7D1FD08B160
:1027300010204CE54046FFF701F8040004D0207853
:10274000222804D2082042E543F202003FE5A07FA0
:1027500000F003073DB1012F0AD000202946FEF703
:10276000AEFE0600E5D1012F04D0FFDF30462EE596
:102770000120F3E7A07D2946022801D011B107E02E
:10278000112024E5684600F0E7FA0028D1D1694617
:10279000404607F0CEFB0600E8D10120A075E5E732
:1027A00070B50C460546FEF7C9FF010005D022466C
:1027B0002846BDE87040FEF7C4BF43F2020070BD7A
:1027C00010B5012807D1874B9B78012B00D011B1A0
:1027D00043F2040010BD0CF009F9BDE8104005F00B
:1027E00093BA012300F01BB900231A46194600F0E2
:1027F00016B970B5064615460C460846FEF741FD6B
:1028000018B92846FEF73DFD08B1102070BD2A46D4
:10281000214630460CF017FC05F076FA0028F5D179
:1028200021787F29F2D1052070BD7CB505460C4684
:102830000846FEF700FD08B110207CBD2846FEF7D3
:102840007DFF20B10078222804D208207CBD43F20D
:1028500002007CBD634890F82400400701D5112098
:102860007CBD2178C80802D16078C20801D0072059
:102870007CBD890801D1800801D006207CBDADF85F
:10288000005020788DF8020060788DF80300022057
:10289000ADF8040068460BF00FFF05F035FA7CBD7B
:1028A00070B586B014460D460646FEF747FF28B1C0
:1028B0000078222805D2082006B070BD43F202003D
:1028C000FAE72846FEF704FD20B944B12046FEF79A
:1028D000F6FC08B11020EFE700202060A0804148FE
:1028E00090F82400800701D51120E5E703A93046C0
:1028F0000BF01FFF18B100BF05F006FADCE7ADF8DA
:102900000060BDF81400ADF80200BDF81600ADF887
:102910000400BDF81000BDF81210ADF80600ADF8C7
:1029200008107DB1298809B1ADF80610698809B190
:10293000ADF80210A98809B1ADF80810E98809B10D
:10294000ADF80410DCB1BDF80610814201D9081AB7
:102950002080BDF80210BDF81400814201D9081A88
:102960006080BDF80800BDF80410BDF816200144D1
:10297000BDF812001044814201D9081AA0806846AF
:102980000BF074FFB8E770B505460C460846FEF735
:1029900078FC08B1102070BD214628460CF04AF999
:1029A000BDE8704005F0B0B93EB505460C46084696
:1029B000FEF767FC08B110203EBD0020009001909A
:1029C0000290ADF800502089ADF8080020788DF80D
:1029D0000200606801902089ADF808006089ADF8B8
:1029E0000A0001E0A001002068460CF031F905F072
:1029F0008BF93EBD0EB5ADF8000000200190684691
:102A00000CF026F905F080F90EBD10B505F0F5F8CB
:102A1000040000D1FFDF6078401C607010BD1CB561
:102A2000ADF800008DF802308DF803108DF8042009
:102A300068460CF0D7FA05F067F91CBD0278520819
:102A400004D0012A02D043F202207047FEF7F5BD00
:102A500070B50C0006460DD0FEF770FE050000D1E3
:102A6000FFDFA68028892081288960816889A0816C
:102A7000A889E08170BD10B500231A4603E0845C8C
:102A80002343521CD2B28A42F9D30BB1002010BDAD
:102A9000012010BD00B530B1012803D0022801D0BB
:102AA000FFDF002000BDFF2000BD00220A8092B29F
:102AB00022F060020A800078062817D2DFE800F0D2
:102AC000160306090C1142F0110007E042F01D0048
:102AD00009E042F0150006E042F0100040F002006C
:102AE00001E042F010000880002070470720704786
:102AF000FD48002101604160018170472DE9FF4FD1
:102B000093B09B46209F160004460DD01046FEF75A
:102B100092FB18B1102017B0BDE8F08F31460120AC
:102B2000FEF7CDFC0028F6D101258DF842504FF478
:102B3000C050ADF84000002210A9284603F016FE50
:102B40000028E8D18DF84250A8464FF428500025BF
:102B5000ADF840001C222946684607950AF013FC90
:102B60009DF81C000DF11C0A20F00F00401C20F005
:102B7000F00010308DF81C0020788DF81D00617871
:102B80009DF81E000DF1400961F3420040F0010084
:102B90008DF81E009DF8000008AA40F002008DF894
:102BA00000002089ADF83000ADF832506089ADF8F2
:102BB0003400CDF82CA060680E900AA9CDF82890BA
:102BC000684603F0C8FB0028A5D16068FEF777FBD4
:102BD00040B16068FEF77CFB20B9607800F003002C
:102BE000022801D0012000E00020BF4C08AA0AA959
:102BF0002072BDF8200020808DF8428042F601202E
:102C0000ADF840009DF81E0020F00600801C20F06A
:102C100001008DF81E000220ADF83000ADF8340040
:102C200014A80E90684603F096FB002889D1BDF8E1
:102C30002000608036B1211D304600F059F900288F
:102C4000C2D109E0BBF1000F05D00AF017F9E8BBCB
:102C50000AF014F9D0BBA58017B1012F43D04AE088
:102C60008DF8428042F6A620ADF8400046461C2270
:102C70000021684607950AF086FB9DF81C00ADF818
:102C8000346020F00F00401C20F0F00010308DF870
:102C90001C009DF81D0020F0FF008DF81D009DF820
:102CA0001E0020F0060040F00100801C8DF81E0080
:102CB0009DF800008DF8446040F002008DF800009F
:102CC000CDE90A9AADF8306011A800E011E00E904D
:102CD00008AA0AA9684603F03EFB0028A6D1BDF861
:102CE0002000E08008E00AF0C9F810B90AF0C6F840
:102CF00008B103200FE7E58000200CE73EB504464D
:102D0000794D0820ADF80000A88828B12046FEF7CC
:102D100092FA18B110203EBD06203EBD214601208A
:102D2000FEF7CDFB0028F8D12088ADF804006088BC
:102D3000ADF80600A088ADF80800E088ADF80A00FC
:102D4000A88801AB6A46002103F00CFFBDF8001013
:102D50000829E2D003203EBD7FB5634D0446A88814
:102D600068B1002002900820ADF80800CDF80CD022
:102D70002046FEF760FA20B1102004B070BD062096
:102D8000FBE7A98802AA4FF6FF7004F02DF900288E
:102D9000F3D1BDF80810082901D00320EDE7BDF8F4
:102DA00000102180BDF802106180BDF80410A180E0
:102DB000BDF80610E180E0E701B582B00220ADF871
:102DC0000000494802AB6A464088002103F0CAFE71
:102DD000BDF80010022900D003200EBD1CB5002153
:102DE00000910221ADF800100190FEF74AFA08B1F7
:102DF00010201CBD3C486A4641884FF6FF7004F025
:102E0000F3F8BDF800100229F3D003201CBDFEB575
:102E1000354C06461546207A0F46C00705D00846B1
:102E2000FEF709FA18B11020FEBD0F20FEBDF82DE7
:102E300001D90C20FEBD3046FEF7FDF918BB2088F5
:102E400001A902F08AFF0028F4D130788DF805003E
:102E5000208801A903F064FE0028EBD100909DF8C2
:102E600000009DF8051040F002008DF800000907F1
:102E700003D040F008008DF800002088694603F078
:102E8000ECFD0028D6D1ADF8085020883B4602AAB8
:102E9000002103F067FEBDF80810A942CAD0032044
:102EA000FEBD7CB505460020009001900888ADF875
:102EB00000000C4628460195FEF701FA18B9204695
:102EC000FEF7DFF908B110207CBD15B1BDF8000098
:102ED00060B105486A4601884FF6FF7004F084F837
:102EE000BDF8001021807CBDC80100200C20FAE74D
:102EF00030B5044693B000200D46014600901422E0
:102F000001A80AF040FA1C22002108A80AF03BFAA6
:102F10009DF80000CDF808D020F00F00401C20F0F4
:102F2000F00010308DF800009DF8010006AA20F096
:102F3000FF008DF801009DF8200001A940F002007B
:102F40008DF8200001208DF8460042F60420ADF8EF
:102F5000440011A801902088ADF83C006088ADF8CD
:102F60003E00A088ADF84000E088ADF842009DF832
:102F7000020020F00600801C20F001008DF8020005
:102F80000820ADF80C00ADF810000FA8059008A8B7
:102F900003F0E1F9002803D1BDF8180028800020D3
:102FA00013B030BD0A4810B5046809490948083112
:102FB00008600FF0BEFE0648001D046010BD064903
:102FC000002008604FF0E0210220C1F88002704725
:102FD0001005024001000001FC1F00400548064AA0
:102FE0000168914201D1002101600449012008607B
:102FF0007047000058000020BEBAFECA40E50140FC
:103000002CFFFFFFDBE5B15100C00100CC00FFFF4A
:1030100071000000C1CF6A00FEA0D9111C1006C3C8
:1030200089CCFC7A7B3B49141906A8C010B504462C
:10303000FEF701F908B1102010BD2078C0F302108E
:10304000042807D86078072804D3A178102901D86C
:10305000814201D2072010BDE078410706D42179D2
:103060004A0703D4000701D4080701D5062010BD84
:10307000002010BD70B514460D46064605F026F832
:1030800080B10178182221F00F01891C21F0F00194
:10309000A03100F8081B21460AF04BF9BDE870404A
:1030A00005F018B829463046BDE870401322FEF7F7
:1030B00048BB2DE9F047064608A8904690E8300442
:1030C00089461F461422002128460AF05CF9002197
:1030D000CAF80010B8F1000F03D0B9F1000F03D106
:1030E00014E03878C00711D02068FEF7CAF8C0BBDA
:1030F000B8F1000F07D12068123028602068143022
:1031000068602068A8602168CAF8001038788007D5
:1031100024D56068FEF7D3F818BBB9F1000F21D0B1
:10312000FFF70FF80168C6F868118188A6F86C11DE
:10313000807986F86E0101F034FAF84FEF6062682A
:1031400062B196F8680106F2691140081032FEF784
:10315000D0FA1022394660680AF0EBF80020BDE88A
:10316000F08706E0606820B1E8606068C6F8640136
:10317000F4E71020F3E730B5054608780C4620F058
:103180000F00401C20F0F001103121700020607011
:1031900095F8230030B104280FD0052811D0062857
:1031A00014D0FFDF20780121B1EB101F04D295F875
:1031B000200000F01F00607030BD21F0F0002030D2
:1031C00002E021F0F00030302070EBE721F0F00059
:1031D0004030F9E7F0B591B0022715460C46064697
:1031E0003A46ADF80870092103AB05F070FD049074
:1031F000002810D004208DF804008DF80170E03410
:10320000099605948DF818500AA968460EF051FCED
:1032100000B1FFDF012011B0F0BD2DE9F84F0646E7
:10322000808A0C4680B28246FEF788FA0546BB4F7C
:103230003078203F4FF002094FF000080F287CD271
:10324000DFE800F07BA39D082C5B6A7CBADAFD976F
:1032500048979700012150460CF030FF040000D140
:10326000FFDF97F85C00C00701D0386E0BE0032148
:1032700004F11D0010F06BFAD4F81D00A849B0FB52
:10328000F1F201FB1200C4F81D0070686067B068BD
:10329000A0672878252872D0FFDF70E00121504612
:1032A0000CF00CFF060000D1FFDF3078810702D55B
:1032B0002978252904D040F001003070BDE8F88F4E
:1032C00084F80090307F207106F11D002D36C4E98E
:1032D0000206F3E7012150460CF0F0FE050000D194
:1032E000FFDF2878C10604D5072020703D356560D2
:1032F000E4E740F008002870E0E7E87F000700D529
:10330000FFDF307CB28800F0010301B05046BDE819
:10331000F04F092106F06FBD05B9FFDF716821B1DB
:10332000102205F124000AF004F828212846FEF7AF
:1033300074F8307A85F82000C0E7F7E001215046A4
:103340000CF0BCFE050000D1FFDF022105F1850075
:1033500010F0FDF90420207005F5B4706060B5F838
:10336000850020826D4810387C356561C4E90270A3
:10337000A4E7012150460CF0A1FE00B9FFDF324660
:1033800029465046BDE8F84F74E605B9FFDF2878B6
:10339000212893D93079012803D1E87F40F0080033
:1033A000E877324629465046FFF764FE2846BDE8D6
:1033B000F84F2321FEF731B83279A28004F10803D7
:1033C0000921504605F083FCE06010B10520207013
:1033D00074E74546012150460CF070FE040000D110
:1033E000FFDF04F1620102231022081F0CF0FFFC32
:1033F00005703179417061E7012150460CF05EFEA5
:10340000040000D1FFDF94F8840000F003000128DD
:1034100059D1E87F10F0010003D194F8A010C9073A
:103420002AD0D4F8602132B394F88330117C63F34E
:1034300087011174AA7FD30963F3410100E071E0B1
:10344000D4F860211174D4F8602160F30001117484
:1034500090B1D4F86001102205F12401883409F0FC
:1034600068FF207E40F001002076207820F00100E7
:1034700004F8880919E0C0B994F88810C90714D075
:10348000D4F85C218AB194F88330117C63F387010E
:103490001174AA7FD309D4F85C2163F3410111743C
:1034A000D4F85C2160F30001117494F8880080075F
:1034B00009D594F87C00D4F86421400804F17D011A
:1034C0001032FEF716F98DF8009094F884006A46E1
:1034D00000F003008DF8010094F888108DF80210B8
:1034E00094F8A0008DF803002946504601F042F8F8
:1034F0002878252805D0212807D0FFDF2878222822
:1035000003D922212846FDF788FF012150460CF0FF
:10351000E7FD00283FF4DDAEFFDFCFE6F401002039
:1035200040420F00716881F80180C7E6FFDFC5E601
:1035300070B5FE4C002584F85C5025660EF085FAC7
:1035400004F11001204604F07DFD84F8305070BD78
:1035500070B50D46FEF7F2F8040000D1FFDF4FF41E
:10356000B8720021284609F00EFF2434012105F12C
:10357000E0002C610EF06AFA002800D0FFDF70BD79
:103580000A46014602F1E0000EF081BA70B5054628
:10359000406886B00178082906D00B2933D00C2961
:1035A0002FD0FFDF06B070BD46883046FEF7C6F864
:1035B000040000D1FFDF20782128F3D028281BD178
:1035C000686802210C3000F0A0FFA8B168680821EB
:1035D000001D00F09AFF78B104F1240130460BF091
:1035E000A8FC04F091FB00B1FFDF06B02046BDE867
:1035F00070402921FDF711BF06B0BDE8704004F00E
:1036000069BD01218171686886883046FEF796F8A9
:10361000040000D1FFDF20782128C3D068688179B9
:1036200009B1807808B1FFDFBCE704F053FDA07F4B
:10363000000622D5E07FC00705D094F8200000F0F6
:103640001F00102817D0052084F82300207829288F
:1036500015D02428A6D13146042010F05FFB22218A
:103660002046FDF7DAFE012130460CF039FD002836
:1036700098D0FFDF96E70620E6E70420E4E7012183
:1036800030460CF01BFD050000D1FFDF2521204650
:10369000FDF7C3FE03208DF80000694605F1E00048
:1036A0000EF0ECF90228BFD00028BDD0FFDF79E78B
:1036B0002DE9F04788B09A46164688468146FEF7BF
:1036C0003DF805003AD02878222837D3232835D072
:1036D000E87F000732D40027012148460CF0EEFCB9
:1036E000040005D10121002248460CF0DEFC04460E
:1036F000694600F066FF009800B9FFDF00983CB112
:10370000E03404612878222804D0242802D005E07F
:10371000076103E025212846FDF77FFE009801217F
:103720004170C0F824908680C0E9028A01A90EF099
:10373000C0F9022802D0002800D0FFDF08B00EE553
:1037400070B586B00546FDF7F9FF0078222814D938
:10375000012128460CF0B2FC04002CD1FFDF2AE046
:10376000B4F85E0004F1620630440178427829B171
:1037700021462846FFF72EFDB0B913E7ADF8042027
:103780000921284602AB05F0A2FA03900028F4D0E4
:1037900005208DF80000694604F1E0000EF06EF996
:1037A000022801D000B1FFDF02231022314604F1CC
:1037B0005E000CF052FBB4F860000028D0D1F1E6B6
:1037C00010B586B00446FDF7B9FF0078222811D95C
:1037D000012120460CF072FC040000D1FFDF06201E
:1037E0008DF80000694604F1E0000EF047F900286A
:1037F00000D0FFDF06B010BD2DE9F84F0546007878
:103800000C460027010904F1080090463E46BA46DE
:10381000009002297ED0072902D00A2909D142E06E
:1038200068680178082905D00B292CD00C292AD0EA
:10383000FFDF72E114271C26002C6CD04088A0808A
:10384000FDF77CFF5FEA000900D1FFDF99F8170060
:1038500009F118014008009AFDF74BFF686880895C
:10386000208268684168C4F812108068C4F81600A5
:10387000A07E20F0060040F00100A07699F81E001E
:1038800040F020014FE01A270A26002CD5D080886E
:10389000A080FDF753FF050000D1FFDF2846009907
:1038A000FFF769FC39E10CB1A88BA080287A4FF0B2
:1038B000010B0B287ED006DC01287CD0022808D022
:1038C000032804D137E00D2876D00E2875D0FFDF0D
:1038D00023E11E270926002CAFD0A088FDF72EFF7C
:1038E0005FEA000900D1FFDF287B00F00300012818
:1038F000207A1DD020F001002072297B890861F315
:1039000041002072297BC90861F382002072297B63
:10391000090901E0F7E0AEE061F3C300207299F815
:103920001E0040F0400189F81E10F6E0D40100208E
:1039300040F00100E0E713270D26002CA6D0A08858
:10394000FDF7FCFE81460121A0880CF0B7FB0500C5
:1039500000D1FFDF686F817801F003010129217A2E
:1039600050D021F00101217283789B0863F341015B
:1039700021728378DB0863F38201217283781B094B
:1039800063F3C3012172037863F306112172437854
:1039900063F3C711217284F809A0C178A17202797A
:1039A000E17A62F30001E1720279520862F34101A7
:1039B000E17203E029E067E04EE05FE002799208FF
:1039C00062F38201E1720279D20862F3C301E1720B
:1039D0004279217B62F3000121734279520862F33C
:1039E000410121734279920862F382012173407987
:1039F000C00860F3C301217399F8000023282AD975
:103A0000262139E041F00101ADE71827102694B3D3
:103A1000A088FDF793FE00900121A0880CF04EFBDA
:103A20005FEA000900D1FFDFE868A06099F80000B4
:103A300040F0040189F8001099F80100800708D5CA
:103A400084F80CB000980078232866D927210098C4
:103A500052E084F80CA060E015270F265CB1A08826
:103A6000FDF76CFE81460622E868009909F0E9FC42
:103A700084F80EB085E042E048463DE0162709266E
:103A8000ECB3287B207248E0287B19270E26B4B3BC
:103A9000C4F808A0A4F80CA0012807D0022808D078
:103AA00003280CD004280AD0FFDF15E084F808B002
:103AB00001E002202072607A20F003000BE0697BB5
:103AC000042801F00F0141F080012172F3D1607AE6
:103AD00020F00300401C6072A088FDF72FFE054611
:103AE0000078212819D0232800D0FFDF0121A088E9
:103AF0000CF0F6FA22212846FDF78FFC0DE0FFE7D7
:103B0000A8F800600EE00CB16888A080287A10B395
:103B1000012809D002283AD0FFDFA8F800600CB1D4
:103B200027806680002007E415270F26002CE7D0A9
:103B3000A088FDF703FE0121A0880CF0BFFA050064
:103B400000D1FFDFD5F81D000622009909F079FCAD
:103B500084F80EA0E1E717270926002CD0D0A08812
:103B6000FDF7ECFD81460121A0880CF0A7FA0500C5
:103B700000D1FFDF6878800701D5022000E0012036
:103B8000207299F800002328C7D9272174E7192744
:103B90000E26002CB4D0A088FDF7D0FD5FEA000906
:103BA00000D1FFDFC4F808A0A4F80CA084F808A096
:103BB000A07A40F00300A07299F81E10C90961F3C1
:103BC0008200A07299F81F2099F81E1012EAD11FE6
:103BD00005D099F8201001F01F01102925D020F000
:103BE0000800A07299F81F10607A61F3C300607238
:103BF000697A01F0030101298FD140F0040060725D
:103C0000E87A217B60F300012173AA7A607B62F37A
:103C100000006073EA7A520862F341012173A97AC5
:103C2000490861F34100607377E740F00800D8E786
:103C300010B5F84C30B10146102204F1200009F013
:103C400078FB012084F8300010BD10B5044600F068
:103C5000A8FCF04920461022BDE81040203109F0B0
:103C600068BB70B5EB4D06004FF0000412D0FDF7B5
:103C7000E2FA08B110240BE00621304609F0C8FB37
:103C8000411C04D02866012085F85C0000E0072470
:103C9000204670BD0020F7E7007810F00F0204D036
:103CA000012A05D0022A0CD110E0000909D10AE04E
:103CB0000009012807D0022805D0032803D00428D2
:103CC00001D0072070470870002070470620704719
:103CD00005282AD2DFE800F003070F171F00087835
:103CE00020F0FF001EE0087820F00F00401C20F0BC
:103CF000F000103016E0087820F00F00401C20F093
:103D0000F00020300EE0087820F00F00401C20F07A
:103D1000F000303006E0087820F00F00401C20F062
:103D2000F0004030087000207047072070472DE9F0
:103D3000F043804687B00D464FF000090846FDF776
:103D4000C7FAA8B94046FDF7F9FC060003D0307861
:103D500022280BD104E043F2020007B0BDE8F08353
:103D600035B1B07FC10601D4000703D50820F4E7C0
:103D70001020F2E7F07F000701D50D20EDE70027C6
:103D8000012140460CF09AF9040006D101210022DD
:103D900040460CF08AF9040005D0694600F011FC99
:103DA000009818B901E00420D7E7FFDF009802214E
:103DB000E0344170C0F82480446107810121017121
:103DC000297801F00102017E62F3010101762A786F
:103DD000520862F3820101762A78920862F3C301E5
:103DE00001762A78D20862F3041101762421304644
:103DF000FDF713FB01A900980DF05BFE022801D02E
:103E000000B1FFDF4846A8E72DE9FF4F0E46824983
:103E1000904697B09A4607C914AB4FF0000983E863
:103E200007001798FDF78AFC050006D02878262899
:103E300006D008201BB0BDE8F08F43F20200F9E77E
:103E400026B94046FFF7F2F80028F3D10121179870
:103E50000CF034F9040000D1FFDF852E27D007DCF9
:103E6000EEB1812E1DD0822E1DD0832E08D11CE0F4
:103E7000862E1ED0882E1ED0892E1ED08A2E1ED0B1
:103E80000F2020710F281CD004F020F9D8B1012098
:103E90008DF83400201D0E902079B0B126E100206D
:103EA000EFE70120EDE70220EBE70320E9E705203B
:103EB000E7E70620E5E70820E3E70920E1E70A2035
:103EC000DFE70720B6E71120B4E798F80000D4E94F
:103ED0001D764208A87F002162F3C710A87798F8E2
:103EE00000008208E87F62F30000E87798F800009D
:103EF000C209607862F34100607098F8000002091E
:103F0000207862F34710207098F80000C2086078AB
:103F100062F30000607098F80100607198F800008A
:103F200000F00102B07862F30100B070AA7FD209FC
:103F300062F38200B070EA7F62F3C300B07062780F
:103F400062F30410B0702278C0F3C00052093270DE
:103F50006278C2F34002727098F80220F2707171B8
:103F60003171B978C1F3C00108405FEA000B2ED06F
:103F70005046FDF760F978BBDAF80C00FDF75BF905
:103F800050BBDAF81C00FDF756F928BBDAF80C0034
:103F9000A060DAF81C00E06060787A7842EA5001AC
:103FA00061F341006070B978C0B200EA111161F3A9
:103FB000000060700020207705F117006061681C28
:103FC000A061B07800F00300012806D046E06078D8
:103FD0007A7802EA5001E3E719E0B87800F00300CC
:103FE00001283BD1321D711D404600F099FA31790C
:103FF000387901408DF8281070797A7910408DF861
:10400000300001432AD05046FDF715F930B1102099
:1040100010E70000D4010020E8B001000AF1100010
:1040200004F5AE7304F18C028DE80D0000210AAB9B
:104030005A462046FFF73DF80028E9D104F5B07252
:1040400004F1A403CDF800A0CDE9013201210CABAD
:104050005A462046FFF72DF80028D9D1607880070E
:1040600022D4B078B978C0F38000C1F3800108434E
:104070001AD0307814AA397832F810204B00DA4080
:1040800002F00309B9F1030F01D14FF00209BBF1AE
:10409000000F09D0012801D0042805D1012901D041
:1040A000042901D14FF00409A87F40F08000A877CF
:1040B000E97F6BF30001E9776078800706D503207C
:1040C000A071BBF1000F11D100202CE00220B9F14A
:1040D000020F1AD0B9F1010F19D0B9F1040F2AD08B
:1040E0000020A071A87F20F08000A8772521284615
:1040F000FDF793F90DA904F1E0000DF0BFFC10B13C
:10410000022800D0FFDF002094E6A071DCE7A07158
:104110000D22002104F1200009F035F9207840F04B
:104120000200207001208DF84C0013AA2946179830
:1041300000F020FADAE70120A071D7E72DE9F0437B
:1041400087B09046894604460025FDF7F7FA070038
:1041500004D03878272804D00820FEE543F2020076
:10416000FBE5012120460BF0A9FF040000D1FFDF91
:10417000A6795FEA090005D0012821D0B9F1020F24
:1041800026D110E0B8F1000F22D1012E05D0022E69
:1041900005D0032E05D0FFDF2EE00C252CE00125F5
:1041A0002AE0022528E04046FDF745F8B0B9032E85
:1041B0000ED11022414604F11D0009F0BAF81BE0AF
:1041C000012E02D0022E03D104E0B8F1000F13D06B
:1041D0000720C2E54046FDF72EF808B11020BCE5E7
:1041E0001022002104F11D0009F0CDF806214046FF
:1041F00009F00EF9C4F81D002078252140F00200D6
:1042000020703846FDF709F92078C10713D020F057
:104210000100207002208DF8000004F11D000290C2
:104220008DF804506946C3300DF028FC022803D0F5
:1042300010B1FFDF00E0257700208EE530B587B0B4
:104240000D460446FDF77AFA60B1012120460BF0D5
:1042500035FF04000CD02846FCF7EDFF28B11020F4
:1042600007B030BD43F20200FAE72078400701D4DE
:104270000820F5E7294604F13D002022054609F013
:1042800058F8207840F01000207001070FD520F07A
:104290000800207007208DF80000694604F1E00056
:1042A00001950DF0EBFB022801D000B1FFDF0020EB
:1042B000D6E770B50D460646FDF740FA18B100780E
:1042C000272817D102E043F2020070BD01213046D9
:1042D0000BF0F4FE040000D1FFDFA079022809D121
:1042E0006078C00706D02A4621463046FEF772FFA6
:1042F00010B10FE0082070BDB4F860000E280BD29A
:1043000004F1620102231022081F0BF070FD01214D
:1043100001704570002070BD112070BD70B506465B
:1043200014460D460846FCF786FF18B92046FCF7F0
:10433000A8FF08B1102070BDA6F57F40FF380ED051
:104340003046FDF7FBF938B1417822464B08811C15
:104350001846FDF7CEF907E043F2020070BD204693
:10436000FDF753FF0028F9D11021E01D0FF0EFF900
:10437000E21D294604F1170000F033F9002070BD5A
:104380002DE9F04104468AB015460E46002708463E
:10439000FCF79EFF18B92846FCF79AFF18B11020C9
:1043A0000AB0BDE8F0812046FDF7C8F95FEA0008D1
:1043B00004D098F80000272810D102E043F2020050
:1043C000EEE7012120460BF079FE040000D1FFDF6B
:1043D0002078400702D56078800701D40820DFE705
:1043E000D4E91D01497801B18DB1407800B176B1B1
:1043F000ADB1EA1D06A8E16800F0F3F8102206A9A5
:1044000005F1170008F068FF18B1042707E007203E
:10441000C6E71022E91D04F12D0008F08AFF2EB135
:104420001022F11D04F11D0008F083FF20782521E2
:1044300040F0020020704046FCF7EFFF2078C107F3
:1044400015D020F00100207002208DF8000004F14A
:104450001D000290103003908DF804706946B3304F
:104460000DF00CFB022803D010B1FFDF00E027772E
:10447000002095E770B50D4606460BB1072070BDCC
:10448000FDF75CF9040007D02078222802D3A07F32
:10449000800604D4082070BD43F2020070BDADB1A7
:1044A000294630460AF045FD03F02EFC297C4A08D7
:1044B000A17F62F3C711A177297CE27F61F300023B
:1044C000E277297C890884F8201004E030460AF05D
:1044D00053FD03F019FCA17F21F02001A17770BDED
:1044E00070B50D46FDF72AF9040005D02846FCF703
:1044F000C8FE20B1102070BD43F2020070BD2946F5
:104500002046FEF738FE002070BD04E010F8012BB5
:104510000AB100207047491E89B2F7D201207047C6
:1045200010B5C4780B7864F300030B70C47864088A
:1045300064F341030B70C478A40864F382030B7026
:10454000C478E40864F3C3030B700379117863F350
:104550000001117003795B0863F341011170037965
:104560009B0863F3820111700079C00860F3C301F6
:10457000117010BD70B51546064603F0A7FD040086
:1045800000D1FFDF207820F00F00801C20F0F00029
:104590002030207066802868A060BDE8704003F07D
:1045A00099BD10B5134C94F83000002808D104F1DF
:1045B0002001A1F110000DF0A3FA012084F83000D1
:1045C00010BD10B190F8B9202AB10A4890F8350012
:1045D00018B1002003E0B83001E00648343008602C
:1045E000704708B50023009313460A460BF065FF99
:1045F00008BD0000D4010020F0B5007B059F1E46D9
:1046000014460D46012800D0FFDF0C2030803A20F0
:104610003880002C08D0287A032806D0287B01286F
:1046200000D0FFDF17206081F0BDA889FBE72DE9EE
:10463000F04786B0144691F80C900E9A0D46B9F1E9
:10464000010F0BD01021007B2E8A8846052807D049
:10465000062833D0FFDF06B0BDE8F0870221F2E77D
:10466000E8890C2100EB400001EB4000188033206A
:104670001080002CEFD0E889608100271AE00096B6
:10468000688808F1020301AA696900F086FF06EB59
:104690000800801C07EB470186B204EB4102BDF81D
:1046A000040090810DF1060140460E320DF09EFA95
:1046B0007F1CBFB26089B842E1D8CCE734201080BB
:1046C000E889B9F1010F11D0122148430E3018804A
:1046D000002CC0D0E88960814846B9F1010F00D0B4
:1046E0000220207300270DF1040A1FE00621ECE7E9
:1046F0000096688808F1020301AA696900F04DFF7D
:1047000006EB0800801C86B2B9F1010F12D007EB4E
:10471000C70004EB4000BDF80410C18110220AF16B
:104720000201103008F005FE7F1CBFB26089B8425C
:10473000DED890E707EB470104EB4102BDF8040027
:10474000D0810AF10201404610320DF04FFAEBE73A
:104750002DE9F0470E4688B090F80CC096F80C8012
:10476000378AF5890C20109902F10C044FF0000AE9
:10477000BCF1030F08D0BCF1040F3FD0BCF1070F10
:104780007ED0FFDF08B067E705EB850C00EB4C003F
:10479000188031200880002AF4D0A8F1060000F02B
:1047A000FF09558126E01622002101A808F0EBFD43
:1047B00000977088434601AA716900F0EEFEBDF8CB
:1047C00004002080BDF80600E080BDF808002081CC
:1047D000A21C0DF10A0148460DF008FAB9F1000FCC
:1047E00000D018B184F804A0A4F802A007EB0800D8
:1047F00087B20A346D1EADB2D5D2C3E705EB850C86
:1048000000EB4C00188032200880002ABAD0A8F1B2
:10481000050000F0FF09558137E000977088434696
:1048200001AA716900F0B9FE9DF80600BDF80410F8
:10483000E1802179420860F3000162F341018208BE
:1048400062F38201C20862F3C301020962F3041138
:10485000420962F34511820962F386112171C00990
:104860006071BDF80700208122460DF1090148461C
:104870000DF0BCF918B184F802A0A4F800A000E083
:1048800007E007EB080087B20A346D1EADB2C4D250
:1048900078E7A8F1020084B205FB08F000F10E0CE5
:1048A000A3F800C035230B80002AA6D0558194813F
:1048B000009783B270880E32716900F06EFE61E776
:1048C0002DE9F84F1E460A9D0C4681462AB1607AB2
:1048D00000F58070D080E089108199F80C000C27D9
:1048E0004FF000084FF00E0A0D2872D2DFE800F0FA
:1048F0009D070E1B272F374554697272720021469F
:1049000048460095FFF778FEBDE8F88F207B91467A
:10491000082802D0032800D0FFDF3780302009E0CC
:10492000A9F80A80F0E7207B9146042800D0FFDF39
:10493000378031202880B9F1000FF1D1E4E7207BE6
:104940009146042800D0FFDF37803220F2E7207B39
:104950009146022800D0FFDF37803320EAE7207B32
:104960001746022800D0FFDF3420A6F800A02880D8
:10497000002FC9D0A7F80A80C6E7207B1746042875
:1049800000D0FFDF3520A6F800A02880002FBBD084
:104990004046A7F80A8012E0207B1746052802D07F
:1049A000062800D0FFDF1020308036202880002F1E
:1049B000AAD0E0897881A7F80E80B9F80E00B881F6
:1049C000A2E7207B9146072800D0FFDF3780372001
:1049D000B0E72AE04FF0120018804FF038001700BF
:1049E000288091D0E0897881A7F80E80A7F8108000
:1049F00099F80C000A2805D00B2809D00C280DD0F6
:104A0000FFDF81E7207B0A2800D0FFDF01200AE0DA
:104A1000207B0B2800D0FFDF042004E0207B0C2843
:104A200000D0FFDF052038736EE7FFDF6CE770B55D
:104A30000C460546FCF782FE20B10078222804D2FD
:104A4000082070BD43F2020070BD052128460BF01E
:104A500035FB206008B1002070BD032070BD30B46C
:104A60004880087820F00F00C01C20F0F000903043
:104A700001F8080B1DCA81E81D0030BC03F02ABBF9
:104A80002DE9FF4784B00027824602970798904699
:104A90008946123006F043FB401D20F003060798BC
:104AA00028B907A95046FFF7C2FF002854D1B9F131
:104AB000000F05D00798017B19BB052504681BE092
:104AC00098F80000092803D00D2812D0FFDF46E037
:104AD000079903254868B0B3497B428871439142E6
:104AE00039D98AB2B3B2011D0BF06DF904460780C3
:104AF00002E0079C042508340CB1208810B1032D76
:104B000029D02CE007980121123006F03AFBADF8CD
:104B10000C00024602AB2946504604F0D8F80700C4
:104B200001D1A01C029007983A461230C8F8040040
:104B3000A8F802A003A94046029B06F02FFBD8B1BB
:104B40000A2817D200E006E0DFE800F00709141495
:104B5000100B0D141412132014E6002012E611207D
:104B600010E608200EE643F203000BE6072009E6F4
:104B70000D2007E6032005E6BDF80C002346CDE92D
:104B800000702A465046079900F017FD57B9032DCB
:104B900008D10798B3B2417B406871438AB2011DC6
:104BA0000BF025F9B9F1000FD7D0079981F80C90D7
:104BB000D3E72DE9FE4F91461A881C468A46804667
:104BC000FAB102AB494604F082F8050019D040461C
:104BD000A61C27880BF0B7FB3246072629463B4622
:104BE00000960AF0D6FF20882346CDE900504A46B9
:104BF0005146404600F0E1FC002020800120BDE845
:104C0000FE8F0020FBE710B586B01C46AAB1042336
:104C10008DF800301388ADF808305288ADF80A20BE
:104C20008A788DF80E200988ADF80C1000236A46AA
:104C30002146FFF725FF06B010BD1020FBE770B539
:104C40000D4605210BF03AFA040000D1FFDF29469A
:104C500004F11200BDE8704006F07CBA2DE9F8437B
:104C60000D468046002603F031FA044628781028C5
:104C700078D2DFE800F0773B3453313112313131F3
:104C80000831313131312879001FC0B2022801D0FA
:104C9000102810D114BBFFDF35E004B9FFDF052178
:104CA00040460BF00BFA007B032806D004280BD0FB
:104CB000072828D0FFDF072655E02879801FC0B2DB
:104CC000022820D050B1F6E72879401FC0B2022850
:104CD00019D0102817D0EEE704B9FFDF13E004B9AC
:104CE000FFDF287901280ED1172137E00521404642
:104CF0000BF0E4F9070000D1FFDF07F11201404695
:104D000006F005FA2CB12A4621464046FFF7A7FED9
:104D100029E013214046FDF743FD24E004B9FFDFFD
:104D2000052140460BF0CAF9060000D1FFDF6946B5
:104D300006F1120006F0F5F9060000D0FFDFA988A1
:104D4000172901D2172200E00A46BDF8000082426E
:104D500002D9014602E005E01729C5D3404600F01C
:104D60003CFCD0E7FFDF3046BDE8F883401D20F073
:104D7000030219B102FB01F0001D00E00020104405
:104D8000704713B5009848B1002468460AF0C5FF83
:104D9000002C02D1F74A009911601CBD01240020AB
:104DA000F4E72DE9F0470C46154624220021204661
:104DB00008F0E9FA05B9FFDFA87860732888DFF802
:104DC000B4A3401D20F00301AF788946DAF8000053
:104DD0000AF0C1FF060000D1FFDF4FF00008266097
:104DE000A6F8008077B109FB07F1091D0AD0DAF8AF
:104DF00000000AF0B0FF060000D1FFDF6660C6F8D1
:104E0000008001E0C4F80480298804F11200BDE8A4
:104E1000F04706F06DB92DE9F047804601F1120028
:104E20000D46814606F07BF9401DD24F20F003026B
:104E30006E7B1446296838680AF0B8FF3EB104FB5F
:104E400006F2121D03D0696838680AF0AFFF05202A
:104E50000BF0E0F8044605200BF0E4F8201A0128D6
:104E600002D138680AF06CFF49464046BDE8F04779
:104E700006F054B970B5054605210BF01FF9040082
:104E800000D1FFDF04F112012846BDE8704006F0B2
:104E90003EB92DE9F04F91B04FF0000BADF834B0B2
:104EA000ADF804B047880C460546924605213846C1
:104EB0000BF004F9060000D1FFDF24B1A780A4F8AD
:104EC00006B0A4F808B0297809220B20B2EB111F14
:104ED0007ED12A7A04F1100138274FF00C084FF0E8
:104EE00001090391102A74D2DFE802F073F3F2F1A2
:104EF0008008D3898EA03DDCF4EFB7B7307B022861
:104F000000D0FFDFA88908EBC001ADF80410302104
:104F1000ADF83410002C25D06081B5F80E90002734
:104F20001DE004EBC708317C88F80E10F189A8F861
:104F30000C10CDF800906888042304AA296900F0B9
:104F40002CFBBDF81010A8F8101009F10400BDF8F2
:104F500012107F1C1FFA80F9A8F81210BFB26089E6
:104F6000B842DED80EE1307B022800D0FFDFE989AD
:104F700008EBC100ADF804003020ADF83400287B08
:104F80000A90001FC0B20F90002CEBD06181B5F8E1
:104F90001090002726E000BFCDF80090688869696E
:104FA00003AA0A9B00F0F9FA0A9804EBC7084844E0
:104FB0001FFA80F908F10C0204A90F980CF016FEF4
:104FC00018B188F80EB0A8F80CB0BDF80C1001E0CC
:104FD000D4E0D1E0A8F81010BDF80E107F1CA8F89E
:104FE0001210BFB26089B842D6D8CBE00DA80090AD
:104FF00001AB224629463046FFF719FBC2E0307B61
:10500000082805D0FFDF03E0307B082800D0FFDF51
:10501000E8891030ADF804003620ADF83400002CDB
:105020003FD0A9896181F189A18127E0307B0928DE
:1050300000D0FFDFA88900F10C01ADF80410372182
:10504000ADF83410002C2CD06081E8890090AB8939
:10505000688804F10C02296956E0E889392110308A
:1050600080B2ADF80400ADF83410002C74D0A989DA
:105070006181287A0E280AD002212173E989E18111
:10508000288A0090EB8968886969039A3CE00121CD
:10509000F3E70DA8009001AB224629463046FFF702
:1050A00057FB6FE0307B0A2800D0FFDF1220ADF8FD
:1050B0000400ADF834704CB3A9896181A4F810B034
:1050C000A4F80EB084F80C905CE020E002E031E03F
:1050D00039E042E0307B0B2800D0FFDF288AADF8B2
:1050E00034701230ADF8040084B104212173A98911
:1050F0006181E989E181298A2182688A00902B8A6D
:10510000688804F11202696900F047FA3AE0307BDE
:105110000C2800D0FFDF1220ADF80400ADF8347089
:105120003CB305212173A4F80AB0A4F80EB0A4F88A
:1051300010B027E00DA8009001AB2246294630466A
:10514000FFF75AFA1EE00DA8009001AB224629464F
:105150003046FFF7B5FB15E034E03B21ADF8040025
:10516000ADF8341074B3A4F80690A4F808B084F82D
:105170000AB007E010000020FFDF03E0297A0129D0
:1051800017D0FFDFBDF80400AAF800006CB1BDF82D
:1051900034002080BDF804006080BDF83400392858
:1051A00003D03C2801D086F80CB011B00020BDE837
:1051B000F08F3C21ADF80400ADF8341014B1697AD9
:1051C000A172DFE7AAF80000EFE72DE9F84356885F
:1051D0000F4680461546052130460AF06FFF040051
:1051E00000D1FFDF123400943B46414630466A68E6
:1051F00006F008F9B8E570B50D4605210AF05EFF26
:10520000040000D1FFDF294604F11200BDE8704020
:1052100005F092BF70B50D4605210AF04FFF04005E
:1052200000D1FFDF294604F11200BDE8704005F00F
:10523000B0BF70B5054605210AF040FF040000D15B
:10524000FFDF04F1080321462846BDE87040042230
:10525000AFE470B5054605210AF030FF040000D127
:10526000FFDF214628462368BDE870400522A0E400
:1052700070B5064605210AF021FF040000D1FFDFCA
:1052800004F1120005F04BFF401D20F0030511E072
:10529000011D00880322431821463046FFF789FC90
:1052A00000280BD0607BABB2684382B26068011DFE
:1052B0000AF0D3FD606841880029E9D170BD70B55E
:1052C0000E46054602F002FF040000D1FFDF012078
:1052D000207266726580207820F00F00C01C20F0DC
:1052E000F00030302070BDE8704002F0F3BE2DE9D0
:1052F000F0438BB00D461446814606A9FFF797FB95
:10530000002814D14FF6FF7601274FF420588CB1B6
:1053100003208DF800001020ADF8100007A80590BC
:1053200007AA204604A90CF080FC78B107200BB036
:10533000BDE8F0830820ADF808508DF80E708DF8A8
:105340000000ADF80A60ADF80C800CE00698A1787A
:1053500001742188C1818DF80E70ADF80850ADF848
:105360000C80ADF80A606A4602214846069BFFF7AA
:1053700087FBDCE708B501228DF8022042F6020225
:10538000ADF800200A4603236946FFF73CFC08BD40
:1053900008B501228DF8022042F60302ADF8002084
:1053A0000A4604236946FFF72EFC08BD00B587B006
:1053B00079B102228DF800200A88ADF808204988CA
:1053C000ADF80A1000236A460521FFF759FB07B024
:1053D00000BD1020FBE709B1072314E40720704744
:1053E00070B588B00D461446064606A9FFF71FFBA8
:1053F00000280ED17CB10620ADF808508DF80000D1
:10540000ADF80A40069B6A460821DC813046FFF76A
:1054100037FB08B070BD05208DF80000ADF80850CE
:10542000F0E700B587B059B107238DF80030ADF82B
:105430000820039100236A460921FFF721FBC6E7F4
:105440001020C4E770B588B00C460646002506A9B2
:10545000FFF7EDFA0028DCD106980121123005F0A3
:1054600090FE9CB12178062921D2DFE801F02005C9
:1054700005160318801E80B2C01EE28880B20AB1F1
:10548000A3681BB1824203D90C20C2E71020C0E7F9
:10549000042904D0A08850B901E00620B9E7012909
:1054A00013D0022905D004291CD005292AD00720B1
:1054B000AFE709208DF800006088ADF80800E088AB
:1054C000ADF80A00A068039023E00A208DF80000E0
:1054D0006088ADF80800E088ADF80A00A0680A25E9
:1054E000039016E00B208DF800006088ADF80800EE
:1054F000A088ADF80A00E088ADF80C00A0680B2584
:10550000049006E00C208DF8000060788DF808000B
:105510000C256A4629463046069BFFF7B1FA78E724
:1055200000B587B00D228DF80020ADF808100023DB
:105530006A461946FFF7A4FA49E700B587B071B18A
:1055400002228DF800200A88ADF808204988ADF8BD
:105550000A1000236A460621FFF792FA37E7102067
:1055600035E770B586B0064601200D46ADF8081047
:105570008DF80000014600236A463046FFF780FAA6
:10558000040008D12946304601F006FB00213046D0
:1055900001F020FB204606B070BDF8B51C4615464C
:1055A0000E46069F0AF0BDFE2346FF1DBCB23146E3
:1055B0002A4600940AF0B9FAF8BD30B41146DDE984
:1055C00002423CB1032903D0002330BC04F013BCD9
:1055D0000123FAE71A8030BC704770B50C460546C7
:1055E000FFF72DFB2146284601F0E5FA2846BDE8E5
:1055F0007040012101F0EEBA18B18178012938D14B
:1056000001E010207047018842F60112881A914289
:1056100031D018DC42F60102A1EB020091422AD0FF
:105620000CDC41B3B1F5C05F25D06FF4C050081851
:1056300021D0A0F57060FF381BD11CE001281AD0E2
:1056400002280AD117E0B0F5807F14D008DC0128C9
:1056500011D002280FD003280DD0FF2809D10AE06D
:10566000B0F5817F07D0A0F58070033803D0012802
:1056700001D0002070470F2070470A281FD008DC97
:105680000A2818D2DFE800F0191B1F1F171F231D5F
:105690001F21102815D008DC0B2812D00C2810D0A0
:1056A0000D2816D00F2806D10DE011280BD0842824
:1056B0000BD087280FD003207047002070470520AB
:1056C0007047072070470F2070470420704706205E
:1056D00070470C20704743F20200704738B50C4603
:1056E000050041D06946FEF7D7FA002819D19DF888
:1056F0000010607861F3020060706946681CFEF774
:10570000CBFA00280DD19DF80010607861F3C50038
:105710006070A978C1F34101012903D0022905D0A5
:10572000072038BD217821F0200102E0217841F0E6
:1057300020012170410704D0A978C90861F38610BF
:105740006070607810F0380F07D0A978090961F30C
:10575000C710607010F0380F02D16078400603D592
:10576000207840F040002070002038BD70B504461D
:105770000020088015466068FFF7B0FF002816D1AA
:105780002089A189884211D860688078C0070AD032
:10579000B1F5007F0AD840F20120B1FBF0F200FB26
:1057A0001210288007E0B1F5FF7F01D90C2070BDF1
:1057B00001F201212980002070BD10B50478137812
:1057C00064F3000313700478640864F341031370F6
:1057D0000478A40864F3820313700478E40864F383
:1057E000C30313700478240964F30413137004785A
:1057F000640964F3451313700078800960F386131D
:10580000137031B10878C10701D1800701D501209B
:1058100000E0002060F3C713137010BD42785307F7
:1058200002D002F0070306E012F0380F02D0C2F3F4
:10583000C20300E001234A7863F302024A70407811
:1058400010F0380F02D0C0F3C20005E0430702D0C9
:1058500000F0070000E0012060F3C5024A707047C5
:105860002DE9F04F95B00D00824613D01222002191
:10587000284607F088FD4FF6FF7B05AA0121584610
:1058800007F049FB0024264637464FF420586FF4B2
:10589000205972E0102015B0BDE8F08F9DF81E0071
:1058A00001280AD1BDF81C1041450BD011EB0900AD
:1058B0000AD001280CD002280CD0042C0ED0052CC4
:1058C0000FD10DE0012400E00224BDF81A6008E0C9
:1058D000032406E00424BDF81A7002E0052400E069
:1058E0000624BDF81A10514547D12C74BEB34FF0B1
:1058F000000810AA4FF0070ACDE90282CDE900A8FE
:105900000DF13C091023CDF810904246314658461F
:1059100007F0D1FB08BBBDF83C002A46C0B210A975
:105920000CF064F9C8B9AE81CFB1CDE900A80DF192
:10593000080C0AAE40468CE8410213230022394687
:10594000584607F0B8FB40B9BDF83C00F11CC01E3A
:10595000C0B22A1D0CF04AF910B103209BE70AE0FF
:10596000BDF82900E881062C05D19DF81E00A8721B
:10597000BDF81C00288100208DE705A807F0D7FAA4
:1059800000288BD0FFF779FE85E72DE9F0471C460C
:10599000DDE90978DDF8209015460E00824600D139
:1059A000FFDF0CB1208818B1D5B11120BDE8F08718
:1059B000022D01D0012100E0002106F1140006F0C3
:1059C00073F9A8F8000002463B462946504603F00A
:1059D0007EF9C9F8000008B9A41C3C600020E5E786
:1059E0001320E3E7F0B41446DDE904528DB100233F
:1059F00014B1022C09D101E0012306E00D7CEE0771
:105A000003D025F0010501230D742146F0BC04F0FC
:105A1000F2B91A80F0BC70472DE9FE4F91461A8802
:105A20001C468A468046FAB102AB494603F04FF95C
:105A3000050019D04046A61C27880AF084FC32468F
:105A4000072629463B4600960AF0A3F820882346FD
:105A5000CDE900504A4651464046FFF7C3FF0020BB
:105A600020800120BDE8FE8F0020FBE72DE9F047F4
:105A700086B082460EA8904690E8B000894604AAF7
:105A800005A903A88DE807001E462A462146504670
:105A9000FFF77BFF039901B101213970002818D16C
:105AA000FA4904F1140204AB0860039805998DE8E3
:105AB000070042464946504606F0A9FCA8B109280D
:105AC00011D2DFE800F005080510100A0C0C0E00DA
:105AD000002006B06AE71120FBE70720F9E708205D
:105AE000F7E70D20F5E70320F3E7BDF81010039862
:105AF000CDE9000133462A4621465046FFF772FFA2
:105B0000E6E72DE9F04389B01646DDE910870D463A
:105B100081461C461422002103A807F034FC012012
:105B200002218DF810108DF80C008DF81170ADF871
:105B3000146064B1A278D20709D08DF81600E0880D
:105B4000ADF81A00A088ADF81800A068079008A862
:105B50000095CDE90110424603A948466B68FFF75E
:105B600085FF09B0BDE8F083F0B58BB00024064690
:105B7000069407940727089405A8099401940097B0
:105B80000294CDE903400D4610232246304607F02B
:105B900092FA78B90AA806A9019400970294CDE96F
:105BA0000310BDF8143000222946304607F021F8D2
:105BB000002801D0FFF761FD0BB0F0BD06F0B2BECA
:105BC0002DE9FC410C468046002602F07FFA05468E
:105BD00020780D287ED2DFE800F0BC0713B325BD86
:105BE00049496383AF959B00A848006820B141787C
:105BF00041F010014170ADE0404602F099FAA9E091
:105C0000042140460AF05AFA070000D1FFDF07F1ED
:105C10001401404605F0DDFFA5BB13214046FCF70B
:105C2000BFFD97E0042140460AF048FA070000D182
:105C3000FFDFE088ADF800000020B8819DF800008B
:105C4000010704D5C00602D5A088B88105E09DF8FB
:105C5000010040067ED5A088F88105B9FFDF224605
:105C60002946404601F0C0FC022673E0E188ADF809
:105C700000109DF8011009060FD5072803D006284B
:105C80000AD00AE024E0042140460AF017FA060090
:105C900000D1FFDFA088F0810226CDB9FFDF17E039
:105CA000042140460AF00AFA070000D1FFDF07F19D
:105CB000140006F06EFE90F0010F02D1E0790006AC
:105CC00048D5387C022640F00200387405B9FFDF61
:105CD000224600E03DE02946404601F085FC39E0DF
:105CE000042140460AF0EAF9017C002D01F0020689
:105CF000C1F340016171017C21F002010174E7D11F
:105D0000FFDFE5E702260121404602F043FA21E0E9
:105D1000042140460AF0D2F90546606800902089C7
:105D2000ADF8040001226946404602F054FA287C8E
:105D300020F0020028740DE0002DC9D1FFDFC7E775
:105D4000022600214046FFF765FA002DC0D1FFDF93
:105D5000BEE7FFDF3046BDE8FC813EB50C0009D050
:105D600001466B4601AA002007F02AFA20B1FFF78E
:105D700084FC3EBD10203EBD00202080A0709DF818
:105D8000050002A900F00700FDF7A2FF50B99DF839
:105D9000080020709DF8050002A9C0F3C200FDF7BD
:105DA00097FF08B103203EBD9DF8080060709DF884
:105DB0000500C109A07861F30410A0709DF80510DA
:105DC000890961F3C300A0709DF80410890601D50C
:105DD000022100E0012161F342009DF8001061F30F
:105DE0000000A07000203EBD70B5144606460D466A
:105DF00051EA040005D075B10846FBF760FA78B99E
:105E000001E0072070BD2946304607F040FA10B186
:105E1000BDE8704031E454B12046FBF750FA08B1B8
:105E2000102070BD21463046BDE8704095E7002047
:105E300070BD2DE9FC5F0C469046054600270178B1
:105E40000822007A3E46B2EB111F7DD104F10A010F
:105E500000910A31821E4FF0020A04F1080B0191F1
:105E6000092A72D2DFE802F0EDE005F528287BAAC6
:105E7000CE00688804210AF021F9060000D1FFDF76
:105E8000B08928B152270726C3E00000380200205D
:105E900051271026002C7DD06888A0800120A07199
:105EA000A88900220099FFF79FFF002873D1A889D5
:105EB0002081288AE081D1E0B5F81290072824D10A
:105EC000E87B000621D5512709F1140086B2002C89
:105ED000E1D0A88900220099FFF786FF00285AD157
:105EE0006888A08084F806A0A88920810120A0737A
:105EF000288A2082A4F81290A88A009068884B46CD
:105F0000A969019A01F04CFBA8E0502709F11200A1
:105F100086B2002C3ED0A88900225946FFF764FFC4
:105F2000002838D16888A080A889E080287A0728CE
:105F300013D002202073288AE081E87BC0096073B7
:105F4000A4F81090A88A01E085E082E000906888BB
:105F50004B4604F11202A969D4E70120EAE7B5F83B
:105F60001290512709F1140086B2002C66D068887F
:105F700004210AF0A3F883466888A080A88900223B
:105F80000099FFF731FF00286ED184F806A0A88998
:105F9000208101E052E067E00420A073288A20827B
:105FA000A4F81290A88A009068884B46A969019AC3
:105FB00001F0F6FAA989ABF80E104FE06888FBF7FC
:105FC000BDFB0746688804210AF078F8064607B941
:105FD000FFDF06B9FFDF687BC00702D05127142618
:105FE00001E0502712264CB36888A080502F06D0BD
:105FF00084F806A0287B594601F0E2FA2EE0287BBF
:10600000A11DF9E7FE49A8894989814205D1542794
:1060100006269CB16888A08020E053270BE06888A2
:10602000A080A889E08019E0688804210AF046F879
:1060300000B9FFDF55270826002CF0D1A8F8006032
:1060400011E056270726002CF8D06888A080002091
:1060500013E0FFDF02E0012808D0FFDFA8F80060AE
:106060000CB1278066800020BDE8FC9F57270726DB
:10607000002CE3D06888A080687AA071EEE7401D0C
:1060800020F0030009B14143091D01EB40007047B6
:1060900013B5DB4A00201071009848B1002468460F
:1060A00009F03BFE002C02D1D64A009911601CBDBC
:1060B00001240020F4E770B50D461446064686B06C
:1060C0005C220021284607F05EF904B9FFDFA078C2
:1060D0006874A2782188284601F09DFA0020A881E2
:1060E000E881228805F11401304605F056FD6A4624
:1060F0000121304606F00FFF1AE000BF9DF80300B3
:10610000000715D5BDF806103046FFF72DFD9DF8A8
:106110000300BDF8061040F010008DF80300BDF834
:106120000300ADF81400FF233046059A07F077F816
:10613000684606F0FCFE0028E0D006B070BD10B541
:106140000C4601F1140005F060FD0146627C20461A
:10615000BDE8104001F094BA30B50446A84891B0AB
:106160004FF6FF75C18905AA284606F0D4FE30E037
:106170009DF81E00A0422AD001282AD1BDF81C009B
:10618000B0F5205F03D042F60101884221D1002002
:1061900002AB0AAA0CA9019083E80700072000902F
:1061A000BDF81A1010230022284606F084FF38B9E3
:1061B000BDF828000BAAC0B20CA90BF017FD10B156
:1061C000032011B030BD9DF82E00A04201D1002067
:1061D000F7E705A806F0ABFE0028C9D00520F0E7D8
:1061E00070B50546042109F069FF040000D1FFDF06
:1061F00004F114010C46284605F0EBFC2146284624
:10620000BDE8704005F0ECBC70B58AB00C4606469F
:10621000FBF794FA050014D02878222827D30CB174
:10622000A08890B101208DF80C0003208DF810009B
:1062300000208DF8110054B1A088ADF81800206836
:1062400007E043F202000AB070BD0920FBE7ADF899
:10625000180005900421304609F030FF040000D1F9
:10626000FFDF04F1140005F0E6FC000701D408206C
:10627000E9E701F02BFF60B108A802210094CDE905
:10628000011095F8232003A930466368FFF7EEFB61
:10629000D9E71120D7E72DE9F04FB2F802A08346E5
:1062A00089B0154689465046FBF748FA074604214F
:1062B000504609F003FF0026044605964FF00208F9
:1062C0000696ADF81C6007B9FFDF04B9FFDF414651
:1062D000504603F0DAFE50B907AA06A905A88DE8D2
:1062E00007004246214650466368FFF74EFB44488C
:1062F00007AB0660DDE9051204F11400CDF800904B
:10630000CDE90320CDE9013197F8232059465046C5
:106310006B6805F0D9FC06000AD0022E04D0032ECB
:1063200014D0042E00D0FFDF09B03046BDE8F08F56
:10633000BDF81C000028F7D00599CDE900104246B1
:10634000214650466368FFF74DFBEDE7687840F063
:1063500008006870E8E72DE9F04F99B004464FF067
:1063600000082748ADF81C80ADF82080ADF82480E7
:10637000A0F80880ADF81480ADF81880ADF82C8036
:10638000ADF82880007916460D464746012808D00A
:10639000022806D0032804D0042802D0082019B00F
:1063A000C4E72046FAF747FF70BB2846FAF743FFD9
:1063B00050BB6068FAF78CFF30BB606848B16089F9
:1063C0002189884202D8B1F5007F01D90C20E6E787
:1063D00080460EAA06A92846FFF7C8F90028DED194
:1063E00068688078C0F34100022808D19DF8190040
:1063F00010F0380F03D02869FAF761FF20B904E0E4
:10640000380200201400002022E005A92069FFF7CF
:1064100065F90028C3D1206948B1607880079DF8EC
:10642000150000F0380001D5F0B300E0E0BB9DF8A6
:10643000140080060ED59DF8150010F0380F03D01B
:106440006068FAF73CFF18B96068FAF741FF08B1D5
:106450001020A4E70AA96069FFF740F900289ED13F
:10646000606940B19DF8290000F0070101293CD185
:1064700010F0380F39D00BA9A069FFF72FF90028C9
:106480008DD19DF8280080062FD49DF82C00800621
:106490002BD4A06950B19DF82D0000F0070101290F
:1064A00023D110F0380F00E01FE01ED0E06818B1D3
:1064B0000078D0B11C2818D20FAA611C2046FFF723
:1064C0007CF90121384661F30F2082468DF8521085
:1064D000B94642F603000F46ADF850000DF13F02F9
:1064E00018A928680BF0A1FB08B1072057E79DF811
:1064F000600015A9CDF80090C01CCDE9019100F015
:10650000FF0B00230BF20122514614A806F02EFCCB
:10651000F0BBBDF854000C90FE482A89296900920E
:10652000CDE901106B89BDF838202868069906F07E
:106530001DFC01007ED120784FF0020AC10601D473
:1065400080062BD5CDF80C90606950B90AA906A831
:10655000FFF764F99DF8290020F00700401C8DF832
:1065600029009DF8280008A940F0C8008DF82800EF
:106570008DF8527042F60210ADF8500003AACDF823
:1065800000A0CDE90121002340F2032214A800E07D
:106590001EE00A9906F0EAFB01004BD1DD484D46AA
:1065A00008385B460089ADF83D000FA8CDE90290A0
:1065B000CDF80490CDF810904FF007090022CDF8E7
:1065C0000090BDF854104FF6FF7006F012FB10B1AA
:1065D000FFF753F8E3E69DF83C00000624D5294672
:1065E000012060F30F218DF852704FF42450039571
:1065F000ADF8500062789DF80C00002362F30000B3
:106600008DF80C006278CDF800A0520862F34100CA
:106610008DF80C0003AACDE9012540F2032214A84D
:1066200006F0A4FB010005D1606888B32069A8B911
:1066300005A900E084E006A8FFF7F0F8607880077D
:1066400006D49DF8150020F038008DF8150005E0FF
:106650009DF8140040F040008DF814008DF8527041
:1066600042F60110ADF85000208940F20121B0FB44
:10667000F1F201FB1202606809ABCDF80080CDE9B0
:106680000103002314A8059906F070FB010057D1FF
:106690002078C00728D00395A06950B90BA906A897
:1066A000FFF7BCF89DF82D0020F00700401C8DF886
:1066B0002D009DF82C008DF8527040F040008DF8B0
:1066C0002C0042F60310ADF8500007A903AACDF83C
:1066D00000A0CDE90121002340F2032214A80B9968
:1066E00006F044FB01002BD1E06868B32946012085
:1066F00060F30F218DF8527042F60410ADF850008F
:10670000E068002302788DF8582040788DF8590011
:10671000E06816AA4088ADF85A00E06800798DF864
:106720005C00E068C088ADF85D00CDF80090CDE970
:1067300001254FF4027214A806F018FB010003D0E3
:106740000C9800F0C9FF2AE672480321083801714D
:1067500056B100893080BDF824007080BDF820005B
:10676000B080BDF81C00F080002018E670B501254F
:106770008AB016460B46012802D0022816D104E042
:106780008DF80E504FF4205003E08DF80E5042F675
:106790000100ADF80C005BB10024601C60F30F2415
:1067A00004AA08A918460BF040FA18B107204AE5D8
:1067B000102048E504A99DF820205648CDE9002185
:1067C000801E02900023214603A802F2012206F057
:1067D000CDFA10B1FEF751FF35E54E4808380EB13D
:1067E000C1883180057100202DE5F0B593B00746D2
:1067F00001268DF83E6041F60100ADF83C0012AA7A
:106800000FA93046FFF7B2FF002849D1414C0025BF
:10681000083CEFB31C22002102A806F0B4FD9DF84D
:1068200008008DF83E6040F020008DF8080042F628
:106830000520ADF83C000E959DF83A00119520F02A
:106840000600801C8DF83A009DF838006A4620F05A
:10685000FF008DF838009DF8390009A920F0FF00ED
:106860008DF839000420ADF82C00ADF830000EA8EA
:106870000A9011A80D900FA80990ADF82E5002A80B
:10688000FFF769FD00280BD1BDF80000608100E032
:1068900008E0BDF80400A081401CE08125710020C3
:1068A00013B0F0BD6581A581BDF84800F4E72DE97E
:1068B000F74F1849A0B00024083917940A79A14667
:1068C000012A04D0022A02D0082023B02EE5CA886B
:1068D000824201D00620F8E721988A46824201D1FF
:1068E0000720F2E70120214660F30F21ADF84800B0
:1068F0004FF6FF780691ADF84A808DF86E0042F6AB
:10690000020B8DF872401CA9ADF86CB0ADF8704068
:10691000139101E040020020ADF8508012A806F06B
:1069200035FB00252E462F460DAB072212A9404607
:1069300006F02FFB78B10A285DD195B38EB3ADF880
:106940006450ADF866609DF85E008DF8144019AC97
:10695000012864D06BE09DF83A001FB3012859D19B
:10696000BDF8381059451FD118A809A901940294FF
:10697000CDE9031007200090BDF836101023002247
:10698000404606F098FBB0BBBDF86000042801D07B
:1069900006284AD1BDF82410219881423AD10F200F
:1069A00093E73AE0012835D1BDF83800B0F5205F13
:1069B00003D042F6010188422CD1BAF80600BDF896
:1069C0003610884201D1012700E0002705B19EB1B1
:1069D000219881421ED118A809AA01940294CDE9F8
:1069E0000320072000900D4610230022404606F0A9
:1069F00062FB00B902E02DE04E460BE0BDF86000FE
:106A0000022801D0102810D1C0B217AA09A90BF092
:106A1000EDF850B9BDF8369086E7052055E705A991
:106A200017A8221D0BF001F908B103204DE79DF8CE
:106A300014000023001DC2B28DF814202298009289
:106A4000CDE901401BA8069906F090F910B9022281
:106A50008AF80420FEF711FE37E710B50B46401EFA
:106A600088B084B205AA00211846FEF7A6FE0020D1
:106A70000DF1080C06AA05A901908CE80700072073
:106A800000900123002221464FF6FF7006F0B1F876
:106A90000446BDF81800012800D0FFDF2046FEF7AD
:106AA000ECFD08B010BDF0B5F74F044687B038795B
:106AB0000E46032804D0042802D0082007B0F0BDF9
:106AC00004AA03A92046FEF751FE0500F6D160682E
:106AD0008078C0F3410002280AD19DF80D0010F023
:106AE000380F05D02069FAF7EAFB08B11020E5E776
:106AF000208905AA21698DE807006389BDF8102067
:106B00002068039906F032F910B1FEF7B6FDD5E71B
:106B100016B1BDF814003080042038712846CDE746
:106B2000F8B50C0006460CD001464FF6FF75002361
:106B30006A46284606F044FB28B100BFFEF79DFDDB
:106B4000F8BD1020F8BD69462046FEF7C7FD0028B5
:106B5000F8D1A078314600F001032846009A06F0EB
:106B60005EFBEBE730B587B0144600220DF1080C50
:106B700005AD01928CE82C00072200920A460146DE
:106B800023884FF6FF7006F034F8BDF8141021800A
:106B9000FEF773FD07B030BD70B50D46042109F056
:106BA0008DFA040000D1FFDF294604F11400BDE88E
:106BB000704005F039B870B50D46042109F07EFA31
:106BC000040000D1FFDF294604F11400BDE8704045
:106BD00005F04DB870B50D46042109F06FFA0400B8
:106BE00000D1FFDF294604F11400BDE8704005F034
:106BF00065B870B50546042109F060FA040000D1BB
:106C0000FFDF214628462368BDE870400122FEF7D9
:106C100003BF70B50646042109F050FA040000D104
:106C2000FFDF04F1140004F0F0FF401D20F0030525
:106C300011E0011D00880022431821463046FEF76E
:106C4000EBFE00280BD0607CABB2684382B2A06838
:106C5000011D09F002F9A06841880029E9D170BD41
:106C600070B50546042109F029FA040000D1FFDFC0
:106C7000214628466368BDE870400222FEF7CCBE7C
:106C800070B50E46054601F021FA040000D1FFDF81
:106C90000120207266726580207820F00F00001DB0
:106CA00020F0F00040302070BDE8704001F012BAD2
:106CB00010B50446012900D0FFDF2046BDE8104092
:106CC0000121FEF7A7BA2DE9F04F97B04FF0000A67
:106CD0000C008346ADF814A0D04619D0E06830B15E
:106CE000A068A8B10188ADF81410A0F800A058461B
:106CF000FAF724FD070043F2020961D03878222810
:106D00005CD30421584609F0D9F9050005D103E008
:106D1000102017B0BDE8F08FFFDF05F1140004F07C
:106D200074FF401D20F00306A078012803D002283C
:106D300001D00720EDE7218807AA584606F0EBF8B6
:106D400030BB07A806F0F3F810BB07A806F0EFF871
:106D500048B99DF82600012805D1BDF82400A0F50A
:106D60002451023902D04FF45050D2E7E068B0B15C
:106D7000CDE902A00720009005AACDF804A0049256
:106D8000A2882188BDF81430584605F032FF10B1B2
:106D9000FEF773FCBDE7A168BDF8140008809DF8FC
:106DA0001F00C00602D543F20140B2E70B9838B18C
:106DB000A1780078012905D080071AD40820A8E717
:106DC0004846A6E7C007F9D002208DF83C00A86825
:106DD0004FF00009A0B1697C4288714391420FD9FC
:106DE0008AB2B3B2011D08F0EEFF8046A0F800A001
:106DF00006E003208DF83C00D5F800804FF0010933
:106E00009DF8200010F0380F00D1FFDF9DF8200022
:106E10001E49C0F3C200084497F8231010F8010C73
:106E2000884201D90F2074E72088ADF8400014A9EA
:106E30000095CDE90191434607220FA95846FEF778
:106E400015FE002891D19DF8500050B9A078012876
:106E500007D1687CB3B2704382B2A868011D08F004
:106E6000C6FF002055E770B5064615460C46084695
:106E7000FEF7C2FB002805D12A4621463046BDE870
:106E8000704073E470BD12E538020020F2B00100DA
:106E900070B51E4614460D0009D044B1616831B189
:106EA00038B1FC49C988814203D0072070BD102049
:106EB00070BD2068FEF7A0FB0028F9D132462146BC
:106EC0002846BDE87040FFF746BA70B515460C007D
:106ED00006D038B1EF490989814203D0072070BD3F
:106EE000102070BD2068FEF787FB0028F9D12946E5
:106EF0002046BDE87040D6E570B5064686B00D4622
:106F000014461046FAF7BDF9D0BB6068FAF7E0F90D
:106F1000B0BBA6F57F40FF3803D03046FAF70EFC31
:106F200080B128466946FEF79BFC00280CD19DF8ED
:106F300010100F2008293DD2DFE801F008060606F0
:106F4000060A0A0843F2020006B070BD0320FBE700
:106F50009DF80210012908D1BDF80010B1F5C05FFD
:106F6000F2D06FF4C052D142EED09DF80610012944
:106F70000DD1BDF80410A1F52851062907D200E073
:106F800029E0DFE801F0030304030303DCE79DF8D5
:106F90000A1001290FD1BDF80810B1F5245FD3D034
:106FA000A1F60211B1F50051CED00129CCD00229B1
:106FB00001D1C9E7FFDF606878B9002305AA294637
:106FC000304606F0FDF810B1FEF757FBBCE79DF820
:106FD0001400800601D41020B6E7618822462846B6
:106FE0006368FFF7BFFDAFE72DE9F043814687B047
:106FF000884614461046FAF744F918B1102007B035
:10700000BDE8F083002306AA4146484606F0D8F8BA
:1070100018B100BFFEF731FBF1E79DF81800C0067C
:1070200002D543F20140EAE70025072705A80195AC
:1070300000970295CDE9035062884FF6FF734146F1
:10704000484606F038F8060013D16068FAF719F9D7
:1070500060B960680195CDE90250009704952388D6
:1070600062884146484606F026F80646BDF81400F8
:1070700020803046CEE739B1864B0A889B899A42F8
:1070800002D843F2030070471DE610B586B0814C6C
:107090000423ADF81430638943B1A4898C4201D232
:1070A000914205D943F2030006B010BD0620FBE76C
:1070B000ADF81010002100910191ADF800300221CF
:1070C0008DF8021005A9029104A90391ADF81220D0
:1070D0006946FFF7F8FDE7E72DE9FC4781460D46D5
:1070E0000846FAF7A8F888BB4846FAF727FB5FEA94
:1070F00000080AD098F80000222829D30421484625
:1071000008F0DCFF070005D103E043F20200BDE810
:10711000FC87FFDF07F1140004F08DFD0646287898
:10712000012803D0022804D00720F0E7B0070FD5CC
:1071300002E016F01C0F0BD0A8792C1DC00709D057
:10714000E08838B1A068FAF776F818B11020DEE7C9
:107150000820DCE721882A780720B1F5847F35D024
:107160001EDC40F20315A1F20313A94226D00EDC67
:10717000B1F5807FCBD003DCF9B1012926D1C6E778
:10718000A1F58073013BC2D0012B1FD113E0012B6D
:10719000BDD0022B1AD0032BB9D0042B16D112E08C
:1071A000A1F20912082A11D2DFE802F00B04041040
:1071B00010101004ABE7022AA9D007E0012AA6D0DC
:1071C00004E0320700E0F206002AA0DACDB200F0B7
:1071D0007DFF50B198F82300CDE90005FA892346D8
:1071E00039464846FEF78DFC91E711208FE72DE9DF
:1071F000F04F8BB01F4615460C4683460026FAF723
:107200009DFA28B10078222805D208200BB081E52C
:1072100043F20200FAE7B80801D00720F6E7032F8F
:1072200000D100274FF6FF79CCB1022D73D3204651
:10723000FAF74EF830B904EB0508A8F10100FAF7A7
:1072400047F808B11020E1E7AD1E38F8028CAAB269
:107250002146484606F007F940455CD1ADB20D49DC
:10726000B80702D58889401C00E001201FFA80F889
:10727000F80701D08F8900E04F4605AA41465846DD
:1072800005F049FE4FF0070A4FF00009DCB3204635
:107290000BE0000038020020408810283BD8361D43
:1072A000304486B2AE4236D2A01902884245F3D3AA
:1072B00051E000BF9DF8170002074CD594B304EBD2
:1072C0000608361DB8F80230B6B2102B23D89A192A
:1072D000AA4220D8B8F8002091421CD1C0061CD583
:1072E000CDE900A90DF1080C0AAAA11948468CE8BD
:1072F0000700B8F800100022584605F07AFC20B1CB
:10730000FEF7BBF982E726E005E0B8F80200BDF819
:107310002810884201D00B2078E7B8F802003044EA
:1073200086B207E0FFE7C00604D55846FEF71CFC0E
:10733000002888D19DF81700BDF81A1020F0100021
:107340008DF81700BDF81700ADF80000FF23584670
:10735000009A05F064FF05A805F0E9FD18B9BDF82D
:107360001A10B942A6D90421584608F0A7FE040015
:1073700000D1FFDFA2895AB1CDE900A94D46002313
:1073800021465846FEF7BDFB0028BBD1A5813DE74D
:1073900000203BE72DE9FF4F8BB01E4617000D463E
:1073A0004FF0000412D0B00802D007200FB0B1E4B3
:1073B000032E00D100265DB10846F9F780FF28B9F9
:1073C0003888691E0844F9F77AFF08B11020EDE704
:1073D000C74AB00701D5D18900E00121F0074FF677
:1073E000FF7802D0D089401E00E0404686B206AA4F
:1073F0000B9805F090FD4FF000094FF0070B0DF1D1
:10740000140A38E09DF81B00000734D5CDF804902D
:10741000CDF800B0CDF80890CDE9039A434600229C
:107420000B9805F048FE60BB05B3BDF814103A8810
:1074300021442819091D8A4230D3BDF81E2020F8A6
:10744000022BBDF8142020F8022BCDE900B9CDE9BC
:107450000290CDF810A0BDF81E10BDF81430002227
:107460000B9805F028FE08B103209FE7BDF8140033
:107470002044001D84B206A805F059FD20B10A2859
:1074800006D0FEF7FAF891E7BDF81E10B142B9D95F
:1074900034B17DB13888A11C884203D20C2085E725
:1074A000052083E722462946404605F0DCFF0146D9
:1074B00028190180A41C3C80002077E710B5044601
:1074C000F9F7DFFE08B1102010BD8948C08920807F
:1074D000002010BDF0B58BB00D46064614220021E9
:1074E00003A805F050FF01208DF80C008DF8100066
:1074F00000208DF81100ADF814503046FAF71EF94F
:1075000048B10078222812D30421304608F0D6FD75
:10751000040005D103E043F202000BB0F0BDFFDF31
:1075200004F11400074604F086FB800601D408200D
:10753000F3E7207C022140F00100207409A80094A8
:10754000CDE90110072203A930466368FEF78EFAE1
:1075500020B1217C21F001012174DEE7294630466B
:10756000FDF749FE08A9384604F054FB00B1FFDFDF
:10757000BDF82040172C01D2172000E02046A84279
:1075800001D92C4602E0172C00D2172421463046A0
:10759000FFF711FB21463046FDF751FB0020BCE709
:1075A000F8B51C4615460E46069F08F0BAFE23465F
:1075B000FF1DBCB231462A46009408F0B6FAF8BD69
:1075C00070B50C4605460E220021204605F0DBFE74
:1075D000002020802DB1012D01D0FFDF70BD0620DD
:1075E00000E00520A07170BD10B5488008781346F2
:1075F00020F00F00001D20F0F00080300C460870D5
:107600001422194604F1080005F093FE00F062FD13
:107610003748046010BD2DE9F047DFF8D890491DC8
:10762000064621F0030117460C46D9F8000008F081
:1076300092FB050000D1FFDF4FF000083560A5F890
:1076400000802146D9F8000008F085FB050000D134
:10765000FFDF7560A5F800807FB104FB07F1091D0D
:107660000BD0D9F8000008F076FB040000D1FFDF52
:10767000B460C4F80080BDE8F087C6F80880FAE777
:107680002DE9F0411746491D21F00302194D064628
:1076900001681446286808F089FB2246716828684A
:1076A00008F084FB3FB104FB07F2121D03D0B16860
:1076B000286808F07BFB042008F0ACFC044604209A
:1076C00008F0B0FC201A012804D12868BDE8F04178
:1076D00008F036BBBDE8F08110B50C4605F0EAFBBA
:1076E00000B1FFDF2046BDE81040FDF7C6BF000037
:1076F00038020020140000204FF0E0214FF4004039
:10770000C1F88001BFF34F8FBFF36F8F00F021B836
:1077100010B5044600F01DF8002C09D0124A12489A
:1077200012491432124B012C03D0022C07D0FFDF78
:1077300010BD0224046011604FF0407004E0032487
:10774000046011604FF40000186010BD00B5FFDF49
:1077500000BD054800210160016005494FF06070DF
:10776000091D08607047000000F500404802002035
:1077700004F501402DE9F05FDFF850A44FF0000858
:107780008B4606469AF80940474645469AF80190C6
:1077900008E0284601F00EF8817B407811FB007765
:1077A0006D1CEDB24D45F4D19AF8090020442044F7
:1077B00020440744FF2F01D94FF013083068C01C44
:1077C00020F0030232605BEA080021D1FF48FBB2DF
:1077D000062120300CF0C8F9002408E0062C0FD256
:1077E000DFE804F005030A0A0C05F94800E0F9484F
:1077F0000CF0DAF9054604E0F748F9E7F748F7E74F
:10780000FFDFA54200D0FFDF641CE4B2062CE5D305
:10781000306800EB071030604046BDE8F09F38B597
:107820000C468288817B19B14189914200D90A4670
:107830002280C188121D90B26A4607F081FCBDF813
:107840000000032800D30320C1B2208800F0D1FF3C
:1078500038BD38B50C468288817B19B101899142C7
:1078600000D90A462280C188121D90B26A4607F0EC
:1078700067FCBDF80000022800D30220C1B22088B6
:1078800000F0B7FF401CC0B238BD2DE9FF5F824653
:107890008B46D34814460BF10302D0E90110CDE921
:1078A000021022F0030201A84421019208F035FAE7
:1078B000C64E002C02D1CB49019A8A60019901443D
:1078C0000191B57E05F1010504D1E8B20AF026F96F
:1078D00000B1FFDF019800EB0510C01C20F0030190
:1078E000019144B9727A00200870B08B80B205F023
:1078F00040F900B1FFDF0198F16908440190214689
:1079000001A8FFF737FF80460198C01C20F0030054
:107910000190717A04B1002008F0F5FA0199084449
:107920000190214601A800F06FFFA84800273D46BE
:1079300090F801900CE0284600F03CFF0646817864
:107940008088FDF713FA71786D1C00FB0177EDB2AA
:107950004D45F0D10198C01C20F00300019004B106
:1079600000203946FDF70DFA0199002708440190DF
:1079700096483D4690F801900CE0284600F01AFF2A
:107980000646C1788088FEF77AFB71786D1C00FB93
:107990000177EDB24D45F0D10198C01C20F00300F5
:1079A000019004B100203946FEF772FB01994FF0B7
:1079B00000090844019085484D4647780EE0284666
:1079C00000F0F8FE0646807B30B106F1080002F0B8
:1079D0009DF8727800FB02996D1CEDB2BD42EED1AC
:1079E0000198C01C20F00300019004B100207D49E3
:1079F0004A78494602F08EF80199084401902146E0
:107A000001A800F0B3FE0198C01D20F0070001900E
:107A1000DAF80010814204D3A0EB0B01B1F5803FEE
:107A200004DB4FF00408CAF8000004E0CAF80000C4
:107A3000B8F1000F02D0404604B0EEE674BB6A49CC
:107A40000020019A0CF0FEF9FAF77EFB5F4C207ED5
:107A50000090607E012823D0002318B300225B48E9
:107A600000210C30FBF74AF800B1FFDFE07EFEF7A3
:107A7000BCFE00B1FFDF55484FF4F67200213830EC
:107A800005F081FC51480421383080F8E91180F874
:107A9000EA11062180F8EB11032101710020CBE7E8
:107AA0000123DAE702AADAE770B5484C0646383413
:107AB000207804EB4015E078083598B9A01990F8C3
:107AC000E80100280FD0A0780F2800D3FFDF202284
:107AD0000021284605F057FC687866F302006870BC
:107AE0000120E070284670BD2DE9F04105460C46A6
:107AF00000270078052190463E46B1EB101F00D0CC
:107B0000FFDF287A50B101280ED0FFDFA8F800600F
:107B10000CB1278066800020BDE8F081012709268E
:107B200074B16888A08008E00227142644B16888F0
:107B3000A0802869E060A88A2082287B2072E5E77F
:107B4000A8F80060E7E730B5204C01200021207044
:107B50006170207260726176217621730521A182A5
:107B60001F21E182607321A121610A21A176E076C3
:107B70001C4D4FF4B060E0616868C11C21F0030146
:107B8000814200D0FFDF6868606030BD30B5154CC1
:107B90001568636810339D4202D20420136030BD23
:107BA0000A4B5D785A6802EB051210705170032081
:107BB000D080172090800120D070907000209073AA
:107BC0005878401C58706068103013E0540300204F
:107BD000A11F0000359C0000A9B000000F19010092
:107BE000F8B0010018000020000000206E52463559
:107BF000780000006060002030BD70B50646F8488F
:107C00000024457807E0204600F0D4FD0178B14219
:107C100004D0641CE4B2AC42F5D1002070BDF7B5CD
:107C2000074608780C4610B3FFF7E7FF0546A7F1B3
:107C30002006202F06D0052E19D2DFE806F00F2BE4
:107C40002B151A0000F0C2FD0DB1697800E000218B
:107C5000401AA17880B20844FF2808D8A07830B133
:107C6000A088022824D202E06088172820D20720AA
:107C7000FEBD207AE0B161881729F8D3A1881729C1
:107C8000F5D3A1790029F2D0E1790029EFD040287D
:107C900004D9ECE7242F0BD1207A48B161884FF644
:107CA000FB70814202D8A188814201D90420FEBD27
:107CB00065B9207802AA0121FFF768FF0028F6D1F4
:107CC0002078FFF79AFF050000D1FFDF052E18D2BC
:107CD000DFE806F0030B0E081100A0786870A0889A
:107CE000E8800FE06088A8800CE0A078A87009E028
:107CF000A078E87006E054F8020FA8606068E860B9
:107D000000E0FFDF0020FEBD1A2835D00DDC13286F
:107D100032D2DFE800F01B31203131272723252D17
:107D2000313129313131312F0F00302802D003DCBD
:107D30001E2821D1072070473A3809281CD2DFE8D5
:107D400000F0151B0F1B1B1B1B1B0700002070479F
:107D500043F20400704743F202007047042070476A
:107D60000D2070470F207047082070471120704782
:107D700013207047062070470320704710B5007825
:107D800000F0010007F0D2F9BDE81040BCE710B5E3
:107D9000007800F0010007F0CEF9BDE81040B3E72D
:107DA0000EB5017801F001018DF80010417801F065
:107DB00001018DF801100178C1F340018DF8021026
:107DC0004178C1F340018DF80310017889088DF8DE
:107DD0000410417889088DF8051081788DF8061017
:107DE000C1788DF8071000798DF80800684606F014
:107DF0005DFEFFF789FF0EBD2DE9F84F784CDFF8E7
:107E0000E481383400261FE0012000F048FD012005
:107E1000FFF74AFE054644214746D8F8080007F018
:107E20009AFF686000B9FFDF686806F03BFDA8B103
:107E30002846F9F7F1FD284600F036FD20B9442226
:107E40006968B86807F0B2FF94F9E9010428DBDA41
:107E5000022008F0DFF807460025A6E04422696802
:107E6000D8F8080007F0A2FFF2E7B8F80210404681
:107E7000491C89B2A8F80210B94201D300214180FF
:107E80000221B8F8020008F019F9002865D0B8F806
:107E90000200694607F0C8F8FFF736FF00B1FFDFC0
:107EA0009DF8000078B1B8F8020008F04CFA5FEADB
:107EB000000900D1FFDF484607F0CBFC18B1B8F845
:107EC000020002F0D0F8B8F8020008F02AFA5FEADF
:107ED000000900D1FFDF484607F0B3FCE8BB0321EF
:107EE000B8F8020008F0EAF85FEA000B48D1FFDFBB
:107EF00046E000BFDBF8100010B10078FF2849D041
:107F0000022000F0CCFC0220FFF7CEFD824648465E
:107F100007F0A3FDCAF8040000B9FFDFDAF8040097
:107F200007F06BFE002100900170B8F80210504677
:107F3000AAF8021001F0BAFF484607F060FE00B947
:107F4000FFDF504600F0B0FC18B99AF801000007B6
:107F500004D50099CBF8101012E024E0DBF81000F3
:107F600038B10178491C11F0FF01017008D1FFDF21
:107F700006E000221146484600F0F6FB00B9FFDF9C
:107F800094F9EA01022805DBB8F8020001F055FF78
:107F90000028AFD194F9E901042804DB484607F032
:107FA00092FE00B101266D1CEDB2BD4204D294F9DF
:107FB000EA010228BFF659AF002E7FF423AFBDE8D7
:107FC000F84F032000F06BBC10B5064CE060086869
:107FD0002061AFF2DB1002F0C8FF607010BD00003E
:107FE0005403002018000020F74800210170F748D2
:107FF0000170F7494160704770B505464FF08050F9
:108000000C46D0F8A410491C05D1D0F8A810C943DB
:108010000904090C0BD050F8A01F01F001012970D0
:10802000416821608068A080287830B970BD062141
:1080300020460BF08CFB01202870607940F0C000D6
:10804000607170BD70B54FF080540D46D4F880104B
:10805000491C0BD1D4F88410491C07D1D4F88810DE
:10806000491C03D1D4F88C10491C0CD0D4F88010D2
:108070000160D4F884104160D4F888108160D4F88D
:108080008C10C16002E010210BF061FBD4F890006D
:10809000401C0BD1D4F89400401C07D1D4F89800B0
:1080A000401C03D1D4F89C00401C09D054F8900F18
:1080B000286060686860A068A860E068E86070BDDB
:1080C0002846BDE8704010210BF041BBBE48383057
:1080D0000079E9E470B5BC4C3834E07830B32078EE
:1080E00004EB4010407A00F00700204490F9E801CA
:1080F000002800DCFFDF2078002504EB4010407AE8
:1081000000F00700011991F8E801401E81F8E8012C
:108110002078401CC0B220700F2800D12570A078B4
:10812000401CA0700BF09CF9E57070BDFFDF70BDC6
:108130003EB50546032107F0C1FF0446284608F076
:10814000F0F8054604B9FFDF206918B10078FF2870
:1081500000D1FFDF01AA6946284600F005FB60B99F
:10816000FFDF0AE0002202A9284600F0FDFA00B96C
:10817000FFDF9DF8080000B1FFDF9DF80000411E01
:108180008DF80010EED220690199884201D10020BB
:1081900020613EBD70B50546A0F57F400C46FF3816
:1081A00000D1FFDF012C01D0FFDF70BDFFF78EFF94
:1081B000040000D1FFDF207820F00F00401D20F0E8
:1081C000F000503020706580002020720120207364
:1081D000BDE870407EE72DE9F04116460D460746A2
:1081E000FFF774FF040000D1FFDF207820F00F00BC
:1081F000401D20F0F0005030207067800120207278
:1082000028682061A888A0822673BDE8F04161E754
:108210007FB5FFF7F2FC040000D1FFDF02A9204682
:10822000FFF7FDFA054603A92046FFF712FB8DF87C
:1082300000508DF80100BDF80800001DADF80200E7
:10824000BDF80C00001DADF80400E088ADF8060094
:10825000684606F053FF002800D0FFDF7FBD2DE900
:10826000F05F5A4E8146307810B10820BDE8F09F8B
:108270004846F9F706F808B11020F7E7524C207885
:1082800008B9FFF760FC647A4D4600F09FFAA042FF
:1082900007D2201AC1B22A460020FFF777FC002837
:1082A000E4D171684848C91C002721F003017160BE
:1082B000B3463E463D46BA463C4690F801800AE049
:1082C000204600F077FA4178807B0E4410FB015580
:1082D000641CE4B27F1C4445F2D10AEB870000EB3A
:1082E000C600DBF8041000EB850045185C4601224F
:1082F00029464846FFF7C9FA060013D00020FFF7C9
:108300007CFC05000CD005F11300616820F003002F
:10831000884200D0FFDF2C484178491E41706560DB
:108320003046A3E7002229464846FFF7AEFA00B1DF
:10833000FFDFD9F8000060604FF6FF706080012019
:108340002070002092E72DE9F04104461F481746AF
:108350000E46007810B10820BDE8F0810846F8F715
:108360006AFF08B11020F7E7174D287808B9FFF722
:10837000EAFB601E1E2807D8012C22D13078FE2887
:108380001FD8A8760020E7E7A4F120001F2805D811
:10839000E0B23A463146BDE8F04140E4A4F1400085
:1083A0001F2805D831462046BDE8F04100F0A2BAAA
:1083B000A4F1A0001F2804D80020A02C0AD0A12CD2
:1083C0000DD00720C8E7000054030020180000204B
:1083D00048100020317801F00101E976BCE73168EE
:1083E0000922F82901D38B0701D01046B4E76B7B33
:1083F00003F00303012B04D1EB8AD7339CB28C42E8
:10840000F3D8E961A8E72DE9F04781460E46084612
:10841000F8F737FF48B94846F8F751FF28B909F18E
:10842000030020F00301494502D01020BDE8F08789
:10843000FC484FF0000A817869B14178804600EB32
:1084400041140834378832460021204600F039FABA
:10845000050004D027E0A6F800A00520E6E7B9F162
:10846000000F24D03088B84201D90C251FE0607875
:1084700000F00705284600F012FA08EB050732461F
:1084800097F8E8014946401C87F8E801204607F5BF
:10849000F47700F016FA05463878401E387003204D
:1084A00000F0FDF92DB10C2D01D0A6F800A0284652
:1084B000BCE76078DC4E00F00701012923D00229D7
:1084C0000CD0032933D0FFDF98F801104046491C37
:1084D000C9B288F801100F2934D035E0616821B1A4
:1084E000000702D46088FFF723FE98F8EA014746A8
:1084F000012802D1707802F057FD97F9EA010428AB
:10850000E2DBFFDFE0E7616819B14422B06807F001
:108510004DFC98F8E9014746032802D1707802F033
:1085200043FD97F9E9010428CEDBFFDFCCE7C00665
:1085300002D56088FFF7FCFD98F9EB010628C3DB44
:10854000FFDFC1E780F801A08178491E8170617862
:1085500001F0070101EB080090F8E811491C80F8D0
:10856000E811A4E770B50D460446F8F764FE18B9A3
:108570002846F8F786FE08B1102070BD294620462F
:10858000BDE8704009F002BB70B5054609F021FB5B
:10859000C4B22846F8F793FE08B1102070BD35B17B
:1085A00028782C7018B1A04201D0072070BD204659
:1085B000FDF7D2FD052805D109F00FFB012801D0F8
:1085C000002070BD0F2070BD70B5044615460E46E4
:1085D0000846F8F730FE18B92846F8F752FE08B1F9
:1085E000102070BD022C03D0102C01D0092070BDCA
:1085F0002A463146204609F0F9FA0028F7D005202E
:1086000070BD70B514460D460646F8F714FE38B92D
:108610002846F8F736FE18B92046F8F750FE08B19C
:10862000102070BD22462946304609F0FEFA002887
:10863000F7D0072070BD3EB50446F8F722FE08B11A
:1086400010203EBD684606F0C0F9FFF75DFB00282C
:10865000F7D19DF806002070BDF808006080BDF8D5
:108660000A00A08000203EBD70B505460C460846B5
:10867000F8F725FE20B93CB12068F8F702FE08B1F2
:10868000102070BDA08828B121462846BDE8704062
:10869000FDF7BABD092070BD70B505460C46084609
:1086A000F8F7C9FD30B9681E1E2814D82046F8F71F
:1086B000C2FD08B1102070BD032D01D9072070BD87
:1086C00005B9FFDF594800EB850050F8041C20462F
:1086D000BDE870400847A5F120001F2805D82146B5
:1086E0002846BDE87040F9F7C1BCF02D0AD0BF2D77
:1086F000E4D1A078218800F0010001F08DFA68B182
:10870000002070BDA068F8F796FD0028D2D1204661
:1087100006F04CFDBDE87040FFF7F6BA082070BDCA
:1087200070B504460D460846F8F7ABFD30B9601E3B
:108730001E280FD82846F8F77EFD08B1102070BD1E
:10874000012C03D0022C01D0032C01D1062070BDD6
:10875000072070BDA4F120001F28F9D82946204623
:10876000BDE87040F9F7D0BC07F03AB81CB5002955
:108770001FD104F02AFE2C4800224178C06805F081
:108780001DFF29481030C0788DF8000010B1012875
:1087900002D004E0012000E000208DF800006846CF
:1087A00006F06BF9214824380068019001A806F012
:1087B000BFFA1CBD30B51B4D0446383D6878A04259
:1087C00000D8FFDF686800EB041030BD70B51548B5
:1087D000002538382C46467807E02046FFF7EAFFA8
:1087E0004078641C2844C5B2E4B2B442F5D12846AE
:1087F00070BD021D5143452900D245210844C01CCB
:10880000B0FBF2F0C0B270472DE9FC5F06460548A8
:108810004FF0000838388B464746444690F80190A0
:1088200029E000008C030020180000201CB101008A
:108830002046FFF7BFFF050000D1FFDF68786946DB
:108840003844C7B22846FEF7EAFF824601A9284607
:10885000FEF7FFFF0346BDF804005246001D81B23B
:10886000BDF80000001D80B207F0A6FC6A78641C09
:1088700000FB0288E4B24C45DAD13068C01C20F01D
:1088800003003060BBF1000F00D0002042463946A3
:1088900007F0A0FC316808443060BDE8FC9F5649F1
:1088A00008710020C87070475349CA782AB10A7805
:1088B00001EB42110831814201D0012070470020B4
:1088C00070472DE9F04106460078154600F00F0488
:1088D00000201080601E0F46052800D3FFDF4748A8
:1088E0002A4600EB8400394650F8043C3046BDE887
:1088F000F04118472DE9F0413F4E0C46383E4028E4
:1089000006D041281AD0422822D0432826D11AE086
:1089100020786578012801D913201DE5FF2D08D89E
:1089200009F0F4FA07460AF053FD381A401EA8422F
:1089300001DA122010E5208830810DE0BDE8F04119
:10894000084600F00DB80878022807D8307603E012
:108950000878022802D870760020FDE40720FBE4A6
:1089600038B50446407800F00300012803D00228FF
:108970000BD0072038BD606858B1F8F7A9FCD0B912
:108980006068F8F79CFC20B915E06068F8F753FCC4
:1089900088B969462046FBF77FF90028EAD160785C
:1089A00000F00300022808D19DF8000028B160689B
:1089B000F8F785FC08B1102038BD6189F8290ED878
:1089C000208988420BD8607800F003020A483838C2
:1089D000012A06D1D731C26989B28A4201D209205F
:1089E00038BD94E80E0000F10C0585E80E000AB9C8
:1089F00000218182002038BD8C03002004B10100D9
:108A00002DE9F041074614468846084601F024FD4A
:108A1000064608EB88001C22796802EBC0000D189E
:108A2000688C58B14146384601F025FD014678680A
:108A30000078C200082305F120000CE0E88CA8B102
:108A40004146384601F01EFD01467868082340780B
:108A5000C20005F1240007F000FA38B106212172A6
:108A60006681D0E90010C4E9031009E028780928DC
:108A70000BD00520207266816868E06000202870B5
:108A80002046BDE8F04101F0C8BC07202072668195
:108A9000F4E72DE9F04116460D460746406801EB24
:108AA00085011C2202EBC1014418204601F00CFD97
:108AB00040B10021708865F30F2160F31F4105204C
:108AC0000BF02CF909202070324629463846BDE8C3
:108AD000F04195E72DE9F0410E46074600241C21A0
:108AE000F07816E004EB8403726801EBC303D25CF8
:108AF0006AB1FFF7EBFA050000D1FFDF6F802A466D
:108B000021463046FFF7C5FF0120BDE8F081641C17
:108B1000E4B2A042E6D80020F7E770B5064600248C
:108B20001C21C0780AE000BF04EB8403726801EBEB
:108B3000C303D5182A782AB1641CE4B2A042F3D842
:108B4000402070BD28220021284604F01CFC7068DB
:108B500080892881204670BD70B5034600201C2501
:108B6000DC780CE000EB80065A6805EBC606324460
:108B7000167816B1128A8A4204D0401CC0B28442D0
:108B8000F0D8402070BDF0B5044600201C26E578E2
:108B90000EE000BF00EB8007636806EBC7073B44AD
:108BA0001F788F4202D15B78934204D0401CC0B240
:108BB0008542EFD84020F0BD0078032801D0002086
:108BC0007047012070470078022801D000207047CC
:108BD000012070470078072801D00020704701204D
:108BE00070472DE9F041064688461078F178154621
:108BF000884200D3FFDF2C781C27641CF078E4B295
:108C0000A04201D8201AC4B204EB8401706807EBBB
:108C1000C1010844017821B14146884708B12C7050
:108C200073E72878A042E8D1402028706DE770B53E
:108C300014460B880122A240134207D113430B8034
:108C400001230A22011D07F0D2F8047070BD2DE93E
:108C5000FF4F81B00878DDE90E7B9A4691460E46BB
:108C600040072CD4019807F06EFB040000D1FFDF11
:108C700007F1040820461FFA88F106F0BDFC050044
:108C800000D1FFDF204629466A4606F008FF00981B
:108C9000A0F80370A0F805A0284606F0AEFF017802
:108CA00069F306016BF3C711017020461FFA88F1C2
:108CB00006F0E5FC00B9FFDF019805F027FC06EBA4
:108CC0000900017F491C017705B0BDE8F08F2DE94F
:108CD000F84F0E469A4691460746032107F0EEF9F3
:108CE0000446008DDFF87C85002518B198F8000057
:108CF000B0421ED1384607F026FB070000D1FFDF47
:108D000009F10401384689B206F076FC050010D05E
:108D1000384629466A4606F0C2FE009800210A46F7
:108D20000180817005F067FC0098C01DCAF8000042
:108D300021E098F80000B04216D104F1260734F87B
:108D4000341F012000FA06F911EA090F00D0FFDFF5
:108D50002088012340EA090020800A22391D384674
:108D600007F060F8067006E0324604F1340104F1C1
:108D70002600FFF75CFF0A2188F800102846BDE8AE
:108D8000F88FFEB515460C46064602AB0C220621AE
:108D9000FFF79DFF002827D00299607812220A7001
:108DA000801C487008224A80A070029829880523F8
:108DB00081806988C180A9880181E9884181002575
:108DC0000C20CDE90005062221463046FFF73FFF83
:108DD0002946002266F31F41F02310460AF0F4FEF4
:108DE0006078801C60700120FEBD2DE9FE430C46BA
:108DF000804644E002AB0E2207214046FFF767FFA2
:108E0000002841D060681C2267788678BF1C06EB7A
:108E1000860102EBC10145180298142101704770C8
:108E20000A214180698A0181E98A4181A98881807A
:108E3000A9898181304601F00FFB029905230722A1
:108E4000C8806F700420287000250E20CDE9000531
:108E500021464046FFF7FBFE294666F30F2168F3E3
:108E60001F41F023002205200AF0AEFE6078FE4983
:108E7000801C607062682046921CFFF7B2FE60683A
:108E800080784028B6D10120BDE8FE83FEB50D46AE
:108E9000064638E002AB0E2207213046FFF717FFE7
:108EA000002835D068681C23C17801EB810203EBF0
:108EB000C2028418029815220270627842700A2257
:108EC0004280A2894281A2888281084601F0C4FAC8
:108ED000014602988180618AC180E18A0181A0886F
:108EE000B8B10020207000210E20CDE9000105233B
:108EF000072229463046FFF7AAFE6A68DB49284662
:108F0000D21CFFF76EFE6868C0784028C2D10120ED
:108F1000FEBD0620E6E72DE9FE430C46814644E00F
:108F2000204601F0BBFAD0B302AB08220721484625
:108F3000FFF7CDFE0028A7D060681C22657806796F
:108F4000AD1C06EB860102EBC10147180298B7F889
:108F5000108006210170457004214180304601F0E7
:108F60007BFA0146029805230722C180A0F80480FD
:108F70007D70082038700025CDE90005214648465F
:108F8000FFF765FE294666F30F2169F31F41F023C1
:108F9000002205200AF018FE6078801C607062686C
:108FA000B3492046121DFFF71CFE60680179402975
:108FB000B6D1012068E72DE9F34F83B00D4691E06B
:108FC000284601F06BFA00287ED068681C2290F8D1
:108FD00006A00AEB8A0102EBC1014418514628465B
:108FE00001F050FAA178CB0069684978CA000146BF
:108FF00004F1240006F04DFF07468188E08B4FF016
:109000000009091A8EB208B1C84607E04FF00108FE
:10901000504601F00CFA08B9B61CB6B2208BB0422B
:1090200000D80646B34602AB324607210398FFF745
:109030004EFE060007D0B8F1000F0BD0504601F0ED
:10904000F6F910B106E000203EE60299B8884FF02C
:10905000020908800196E28B3968ABEB09001FFA20
:1090600080F80A4403984E46009207F06CF9DDE957
:109070000021F61D4346009606F08BFDE08B404430
:1090800080B2E083B988884201D1012600E0002641
:10909000CDE900B6238A072229460398FFF7D7FDBA
:1090A000504601F0C4F910B9E089401EE0815EB17C
:1090B000A078401CA0706868E978427811FB02F142
:1090C000CAB20123816900E006E00E3006F08FFE8F
:1090D00080F800A00020E0836A6866492846921D57
:1090E000FFF77FFD6868817940297FF469AF01202F
:1090F000EAE570B5064648680D4614468179402970
:1091000010D104EB84011C2202EBC101084401F0E0
:10911000FCF9002806D06868294684713046BDE80D
:10912000704048E770BDFEB50C460746002645E096
:10913000204601F0B3F9D8B360681C22417901EBF5
:10914000810102EBC1014518688900B9FFDF02AB5C
:10915000082207213846FFF7BAFD002833D00299CC
:10916000607816220A70801C48700420488060686D
:10917000407901F071F901460298052307228180A8
:109180006989C1800820CDE9000621463846FFF7ED
:109190005EFD6078801C6070A88969890844B0F51C
:1091A000803F00D3FFDFA88969890844A8816E81C8
:1091B000626831492046521DFFF713FD606841790E
:1091C0004029B5D10120FEBD30B5438C458BC3F39A
:1091D000C704002345B1838B641EED1AC38A6D1E3C
:1091E0001D4495FBF3F3E4B22CB1008918B1A04201
:1091F00000D8204603444FF6FF70834200D3034655
:1092000013800C7030BD2DE9FC41074616460D4613
:10921000486802EB86011C2202EBC10144186A4631
:1092200001A92046FFF7D0FFA089618901448AB2D5
:10923000BDF80010914212D0081A00D500206081BC
:109240006868407940280AD1204601F054F9002886
:1092500005D06868294646713846FFF764FFBDE8C7
:10926000FC8100002C000020B98B0000C78B00009F
:10927000D58B00000BA50000F7A400002DE9FE4FE0
:109280000F46814615465088032106F017FF0190CE
:10929000B9F8020001F0D3F882460146019801F0C6
:1092A000FDF8002824D001981C2241680AEB8A00AE
:1092B00002EBC0000C18204601F006F9002817D177
:1092C000B9F80000E18A88420ED8A18961B1B8429C
:1092D0000ED100265146019801F0CDF8218C01EB0A
:1092E0000008608B30B114E0504601F0A0F8A0B344
:1092F000BDE8FE8F504601F09AF808B1678308E098
:10930000022FF5D3B9F804006083618A884224D81B
:109310000226B81B87B2B8F80400A28B801A002876
:1093200014DD874200DA38461FFA80FB68886968D6
:109330000291D8F800100A44009206F0F2FFF61DE0
:10934000009A5B460299009606F0EFFBA08B38442A
:1093500080B2A083618B884207D96888019903B0E5
:109360005246BDE8F04F01F0EDB81FD14FF00900B3
:109370002872B9F802006881D8E90010C5E9041024
:10938000608BA881284601F048F85146019801F009
:1093900072F801460198082340680078C20004F181
:1093A000200006F05AFD0020A0836083504601F0A3
:1093B0003EF810B9A089401EA0816888019903B0C9
:1093C0000AF0FF02BDE8F04F1DE72DE9F041064627
:1093D00015460F461C461846F7F72DFF18B92068AA
:1093E000F7F74FFF08B110201AE47168688C09780C
:1093F000B0EBC10F01D3132012E43946304601F01F
:109400003AF80146706808230078C20005F1200090
:1094100006F0EDFCD4E90012C0E90012002005E4DA
:1094200010B50446032106F049FE014600F114027E
:109430002046BDE81040A4E470B50446032106F0C0
:109440003DFE054601462046FFF765FD002816D083
:1094500029462046FFF767FE002810D029462046FF
:10946000FFF714FD00280AD029462046FFF7BDFC6F
:10947000002804D029462046BDE870409BE570BD19
:109480002DE9F0410C4680461EE0E178427811FB60
:1094900002F1CAB2816901230E3006F0DEFC0778C2
:1094A00060681C22C179491EC17107EB87016068A1
:1094B00002EBC10146183946204600F0EFFF18B113
:1094C000304600F0FAFF20B16068C1790029DCD194
:1094D0008AE7FEF7FBFD050000D1FFDF0A202872B6
:1094E000384600F0B9FF68813946204600F0CAFFCF
:1094F0000146606808234078C20006F1240006F0A7
:10950000ACFCD0E90010C5E90310A5F8028028469C
:1095100000F083FFB07800B9FFDFB078401EB07074
:1095200062E770B50C460546032106F0C7FD01460B
:109530004068C2792244C2712846BDE870409FE766
:109540002DE9FE4F8246507814460F464FF0000832
:10955000002850D0012807D0022822D0FFDF206841
:10956000B8606068F860C3E602AB0E22082150467E
:10957000FFF7ADFB0028F2D00298152105230170FA
:10958000217841700A214180C0F80480C0F8088029
:10959000A0F80C80628882810E20CDE900080822A4
:1095A00021E0A678304600F057FF054606EB86011D
:1095B0002C22786802EBC1010822465A02AB114600
:1095C0005046FFF784FB0028C9D00298072101709C
:1095D000217841700421418008218580C680CDE931
:1095E000001805230A4639464FEA0A00FFF72FFB09
:1095F00087F808807CE6A678022516B1022E13D0E3
:10960000FFDF2A1D914602AB08215046FFF75FFBA2
:109610000028A4D002980121022E01702178417007
:109620004580868002D005E00625EAE7A188C18052
:10963000E1880181CDE9009805230822394650468A
:10964000D4E710B50446032106F038FD014600F1C9
:1096500008022046BDE8104072E72DE9F04F0F46A2
:10966000054687B014465088032106F027FD4FF0C9
:1096700000088DF808800646ADF80A80042F5CD3F8
:109680006A78002A59D028784FF6FF794FF01C0AE3
:10969000132815D006DC01286FD006282BD0072808
:1096A00006D16EE0142869D0152868D0162867D036
:1096B000CDF80080CDF8048068788DF8000037E0A0
:1096C000B078904239D13078010736D5062F34D1A1
:1096D00020F0080030706088414660F31F41002090
:1096E0000AF01CFB02208DF80800ADF80C90A88849
:1096F000ADF80E00F4E0082F1FD1A888EF8881464E
:1097000000F09DFE80460146304600F0C7FE18B1CD
:10971000404600F08CFE98B1FA48D0E90010CDE93F
:1097200000106878ADF804908DF80000ADF8067070
:1097300060886A463146FFF703FF07B0BDE8F08F47
:10974000716808EB88002C2202EBC000085AB8426E
:10975000F3D1EC486A46D0E90210CDE900106878F0
:109760008DF8000008F0FF058DF802506088314642
:10977000FFF7E6FE2246294623E097E025E0CEE00B
:1097800023E1082FD9D1B5F80480E88800F057FE0E
:1097900007460146304600F081FE0028CDD007EB99
:1097A000870271680AEBC2000844028A4245C4D1AC
:1097B00001780829C1D1407869788842BDD1F9B2D1
:1097C00022463046FFF765F9B7E70E2F7FF470AFFA
:1097D000E9886F898B46B5F808903046FFF7BCF9E9
:1097E000ABF14001402901D3092048E0B9F1170F3E
:1097F00001D3172F01D20B2041E040280ED000EBFF
:10980000800271680AEBC20008440178012903D183
:1098100040786978884290D00A2030E03046FFF7DF
:109820007CF940282AD000EB800372680AEBC30160
:1098300002EB0108012288F800206A7888F80120EC
:109840007168AA884989B94200D93946AD8903238C
:109850002372A282E7812182A4F80C90658200F035
:10986000FBFD6081A8F81490A8F81870A8F80E50B5
:10987000A8F810B0204600F0D0FD5EE704200521D6
:109880002172A4F80A80E081012121739D49D1E968
:109890000421CDE9002169788DF80010ADF80200AF
:1098A00060886A463146FFF74BFEE3E7062F8BD30D
:1098B000B07890421AD13078010717D520F008000F
:1098C00030706088414660F31F4100200AF026FA9C
:1098D00002208DF80800A888ADF80C00ADF80E90B5
:1098E0006088224602A9F8F785FB26E70421304666
:1098F000FFF749F905464028BFD0022083030090B6
:1099000022462946304600F0E6FD4146608865F370
:109910000F2160F31F4105200AF000FA0DE70E2F1A
:10992000ABD104213046FFF72EF981464028A4D060
:109930004146608869F30F2160F31F4105200AF05A
:10994000EDF9A88906906889009070682F89408990
:10995000B84200D938468346B5F80680A8880190F9
:10996000484600F079FD6081069818B10220009009
:10997000069B24E0B8F1170F1ED3172F1CD3042029
:10998000207200986082E781A4F810B0A4F80C80DF
:1099900009EB890271680AEBC2000D18DDE90002CB
:1099A000A5F81480A5F818B0E8812A82204600F0B6
:1099B00034FD06202870C0E601200B2300902246CB
:1099C0004946304600F087FDB7E6082F8DD1A988BB
:1099D0003046FFF7C1F80746402886D000F027FD43
:1099E00000289BD107EB870271680AEBC20008448C
:1099F000804600F069FD002890D1ED88B8F80E008F
:109A00002844B0F5803F05D360883A46314600F0DF
:109A100099FD92E6002DCED0A8F80E0060883A4657
:109A20003146FFF766FB08202072384600F014FD2F
:109A30006081A5811EE72DE9F05F0C4601281ED04C
:109A4000957992F80480567905EB85011F2202EB87
:109A5000C10121F0030B08EB060111FB05F14FF6E4
:109A6000FF7202EAC10909F1030115FB0611264F35
:109A700021F0031ABB6840B101283ED125E061689E
:109A8000E57891F800804E78DEE75946184606F0F2
:109A900062F9606000B9FFDF5A460021606803F098
:109AA00072FCE5705146B86806F055F96168486186
:109AB00000B9FFDF6068426902EB090181616068FB
:109AC00080F800806068467017E06068524641691F
:109AD000184606F06BF95A466168B86806F066F9F0
:109AE000032006F097FA0446032006F09BFA201A9A
:109AF000012802D1B86806F023F90BEB0A00BDE893
:109B0000F09F000028B101002C0000200246002137
:109B1000022090E7F7B5FF4C0A2016462070009807
:109B200060B100254FEA0D0006F0F7F80021A170A2
:109B30006670002D01D10099A160FEBD01250020B5
:109B4000F2E770B50C46154638220021204603F096
:109B50001AFC012666700A22002104F11C0003F0A1
:109B600012FC05B9FFDF297A207861F3010020702B
:109B7000A87900282DD02A4621460020FFF75BFF58
:109B800061684020E34A88706168C8706168087144
:109B900061684871616888716168288808816168B6
:109BA00068884881606886819078002811D0616853
:109BB0000620087761682888C885616828884886F3
:109BC0006068068560686988928801868186468516
:109BD000828570BDC878002802D0002201202AE7C3
:109BE000704770B50546002165F31F4100200AF05B
:109BF00095F80321284606F061FA040000D1FFDF42
:109C000021462846FEF766FF002804D0207840F061
:109C100010002070012070BD70B505460C46032071
:109C200006F0EAF908B1002070BDBA48857084805A
:109C3000012070BD2DE9FF4180460E460F0CFEF756
:109C400045FA050007D06F800321384606F036FA42
:109C5000040008D106E004B03846BDE8F041132105
:109C6000F8F79EBDFFDF5FEA080005D0B8F1050FE9
:109C700018D0FFDFBDE8FF8120782A4620F00800D9
:109C800020700020ADF8020002208DF800004FF691
:109C9000FF70ADF80400ADF8060069463846F8F7E5
:109CA000A9F9E7E7C6F3072101EB81021C236068ED
:109CB00003EBC202805C042803D008280AD0FFDF2F
:109CC000D8E7012000904FF440432A46204600F098
:109CD00002FCCFE704B02A462046BDE8F041FEF77B
:109CE000D8BE2DE9F05F05464089002790460C4616
:109CF0003E46824600F0A3FB8146287AC01E082813
:109D00006BD2DFE800F00D04192058363C4772276B
:109D10001026002C6CD0D5E90301C4E902015CE0F7
:109D200070271226002C63D00A2205F10C0104F1E1
:109D3000080003F0FEFA50E071270C26002C57D0E3
:109D4000E868A06049E0742710269CB3D5E90301B8
:109D5000C4E902016888032106F0B0F98346FEF7E2
:109D6000B5F902466888508049465846FEF748FED5
:109D700033E075270A26ECB1A88920812DE07627EB
:109D80001426BCB105F10C0004F1080307C883E8F0
:109D9000070022E07727102664B1D5E90301C4E962
:109DA00002016888032106F089F901466888FFF7F7
:109DB00067FB12E01CE073270826CCB168880321FA
:109DC00006F07CF901460078C00606D56888FEF7E3
:109DD00081FE10B96888F7F703FEA8F800602CB17F
:109DE0002780A4F806A066806888A080002086E608
:109DF000A8F80060FAE72DE9FC410C461E4617461C
:109E00008046032106F05AF905460A2C0AD2DFE8FB
:109E100004F005050505050509090907042303E004
:109E2000062301E0FFDF0023CDE900762246294624
:109E30004046FEF70CFFBDE8FC81F8B50546A0F5ED
:109E40007F40FF382BD0284606F06BFA040000D183
:109E5000FFDF204605F001FE002821D001466A46BA
:109E6000204605F01CFE00980321B0F80560284646
:109E700006F024F90446052E13D0304600F0DFFA30
:109E800005460146204600F009FB40B1606805EB3D
:109E900085013E2202EBC101405A002800D001207A
:109EA000F8BD007A0028FAD00020F8BDF8B50446C5
:109EB000408806F036FA050000D1FFDF6A462846E2
:109EC000616800F0A8FA01460098091F8BB230F8CB
:109ED000032F0280428842800188994205D1042ADA
:109EE00008D0052A20D0062A16D022461946FFF7A8
:109EF000C5F9F8BD001D0E4605460146224630460E
:109F0000FBF763F90828F4D1224629463046FCF7CE
:109F1000C2F9F8BD2C000020636864880A46011D60
:109F20002046F9F7C5FBF4E72246001DFFF795FB35
:109F3000EFE770B50D460646032106F0BFF80400B2
:109F400004D02078000704D5112070BD43F2020030
:109F500070BD2A4621463046FEF713FF18B928681F
:109F600060616868A061207840F0080020700020DF
:109F700070BD2DE9F04F0E4691B08046032106F0EA
:109F80009DF80446404606F0DEF90746002007909B
:109F900008900990ADF830000A9002900390049068
:109FA00004B9FFDF0DF10809FFB9FFDF1DE03846F6
:109FB0000BA9002205F014FC9DF82C0000F07F0591
:109FC0000A2D00D3FFDF6019017F491E01779DF83C
:109FD0002C00000609D52A460CA907A8FEF727FE83
:109FE00019F80510491C09F80510761EF6B2DED2E4
:109FF00004F13400F84D04F1260BDFF8E0A304F17E
:10A000002A07069010E05846069900F08DFA064699
:10A0100028700A2800D3FFDF5AF8261040468847E8
:10A02000E08CC05DB04202D0208D0028EBD10A2028
:10A030002870EA4D4E4628350EE00CA907A800F01E
:10A0400073FA0446375D55F8240000B9FFDF55F870
:10A050002420394640469047BDF81E000028ECD128
:10A0600011B0BDE8F08F10B5032106F027F8040009
:10A0700000D1FFDF0A22002104F11C0003F083F964
:10A08000207840F00400207010BD10B50C4603216C
:10A0900006F014F82044007F002800D0012010BDF5
:10A0A0002DE9F84F894615468246032106F006F849
:10A0B000070004D02846F7F7BEF840B903E043F2A2
:10A0C0000200BDE8F88F4846F7F7DBF808B110202A
:10A0D000F7E7786828B169880089814201D90920A9
:10A0E000EFE7B9F800001C2488B100F0A8F9804619
:10A0F0000146384600F0D2F988B108EB880079684B
:10A1000004EBC000085C01280BD00820D9E73846D2
:10A11000FEF703FD8046402807D11320D1E7052034
:10A12000CFE7FDF7D3FF06000BD008EB8800796876
:10A1300004EBC0000C18B9F8000020B1E88910B198
:10A1400013E01120BDE72888172802D36888172854
:10A1500001D20720B5E7686838B12B1D2246414679
:10A160003846FFF732F90028ABD104F10C026946FA
:10A170002046FFF729F8288860826888E082B9F8CD
:10A18000000030B102202070E889A080E889A0B1E9
:10A190002BE003202070A889A0807868817840296E
:10A1A00005D180F8028039465046FEF71EFE404633
:10A1B00000F052F9A9F8000021E07868218B40896D
:10A1C000884200D908462083A6F802A004203072F5
:10A1D000B9F800007081E0897082F181208B3082B3
:10A1E000A08AB081304600F018F97868C17840291B
:10A1F00005D180F8038039465046FEF747FE00201F
:10A200005FE770B50D460646032105F057FF0400D1
:10A210000ED0284600F013F905460146204600F00E
:10A220003DF918B1284600F002F920B1052070BDB3
:10A2300043F2020070BD05EB85011C22606802EB51
:10A24000C101084400F040F908B1082070BD2A4659
:10A250002146304600F076F9002070BD2DE9F0412E
:10A260000C4617468046032105F028FF0546204688
:10A2700000F0E5F8044695B10146284600F00EF9D5
:10A2800080B104EB84011C22686802EBC10146180E
:10A29000304600F019F938B10820BDE8F08143F2EA
:10A2A0000200FAE70520F8E73B46324621462846F9
:10A2B000FFF78BF80028F0D1E2B229464046FEF7BE
:10A2C000A2FF708C0838082803D24348407800F079
:10A2D0006BFE0020E1E72DE9F0410D461746804670
:10A2E000032105F0EBFE0446284600F0A8F80646D8
:10A2F00024B13846F6F79FFF38B902E043F2020076
:10A30000CBE73868F6F797FF08B11020C5E731466C
:10A31000204600F0C3F860B106EB86011C2260689D
:10A3200002EBC1014518284600F0CEF818B108200C
:10A33000B3E70520B1E7B888A98A884201D90C2083
:10A34000ABE76168E88C4978B0EBC10F01D313200B
:10A35000A3E73146204600F095F8014660680823DF
:10A360004078C20005F1240005F041FDD7E9001254
:10A37000C0E90012F2B221464046FEF7BAFE0020C4
:10A380008BE72DE9F0470D461F4690468146032195
:10A3900005F094FE0446284600F051F806463CB10C
:10A3A0004DB13846F6F78BFF50B11020BDE8F0876D
:10A3B00043F20200FAE7606858B1A0F80C8028E088
:10A3C0003146204600F06AF818B1304600F02FF808
:10A3D00030B10520EAE700002C00002040B1010068
:10A3E00006EB86011C22606802EBC1014518284675
:10A3F00000F06AF808B10820D8E7A5F80880F2B2A2
:10A4000021464846FEF7FFFE1FB1A8896989084426
:10A4100038800020CAE705F042BB017821F00F0127
:10A42000491C21F0F00110310170FDF753BE20B935
:10A430004E48807808B101207047002070474B4992
:10A440008988884201D100207047402801D24020ED
:10A4500000E0403880B2704710B50446402800D96B
:10A46000FFDF2046FFF7E3FF10B14048808810BDB2
:10A470004034A0B210BD406842690078484302EB06
:10A48000C0007047C2784068037812FB03F243783B
:10A49000406901FB032100EBC1007047C2788A428A
:10A4A00009D9406801EB81011C2202EBC101405C2B
:10A4B00008B101207047002070470078062801D9B4
:10A4C00001207047002070470078062801D0012045
:10A4D000704700207047F0B401EB81061C274468E8
:10A4E00007EBC6063444049D05262670E3802571DB
:10A4F000F0BCFEF785BA10B5418911B1FFF7DDFF59
:10A5000008B1002010BD012010BD10B5C18C8278AB
:10A51000B1EBC20F04D9C18911B1FFF7CEFF08B169
:10A52000002010BD012010BD10B50C4601230A22E9
:10A53000011D05F092FC00782188012282409143A0
:10A54000218010BDF0B402EB82051C264C6806EB9E
:10A55000C505072363554B681C79402C03D11A713C
:10A56000F0BCFEF7D8BCF0BC704700002C00002007
:10A5700070B50B2000F0BDF9082000F0BAF90021F9
:10A580000B2000F0D4F90021082000F0D0F9F44CA1
:10A5900001256560A5600020C4F84001C4F84401AD
:10A5A000C4F848010B2000F0B5F9082000F0B2F91A
:10A5B0000B2000F091F9256070BD10B50B2000F064
:10A5C00098F9082000F095F9E54801214160816083
:10A5D000E4490A68002AFCD10021C0F84011C0F803
:10A5E0004411C0F848110B2000F094F9BDE8104068
:10A5F000082000F08FB910B50B2000F08BF9BDE8F2
:10A600001040082000F086B900B530B1012806D00E
:10A61000022806D0FFDF002000BDD34800BDD3488C
:10A6200000BDD248001D00BD70B5D1494FF00040BB
:10A630000860D04DC00BC5F80803CF480024046063
:10A64000C5F840410820C43500F053F9C5F83C4135
:10A65000CA48047070BD08B5C14A002128B101285C
:10A6600011D002281CD0FFDF08BD4FF48030C2F8A3
:10A670000803C2F84803BB483C300160C2F84011EF
:10A68000BDE80840D0E74FF40030C2F80803C2F834
:10A690004803B44840300160C2F84411B3480CE0AC
:10A6A0004FF48020C2F80803C2F84803AD48443094
:10A6B0000160C2F84811AD48001D0068009008BD57
:10A6C00070B516460D460446022800D9FFDF002269
:10A6D000A348012304F110018B4000EB8401C1F871
:10A6E000405526B1C1F84021C0F8043303E0C0F85A
:10A6F0000833C1F84021C0F8443370BD2DE9F04162
:10A700001D46144630B1012833D0022838D0FFDF6F
:10A71000BDE8F081891E002221F07F411046FFF73D
:10A72000CFFF012D23D00020944D924F0126687059
:10A730003E61914900203C3908600220091D0860F3
:10A740008D490420303908608B483D34046008206E
:10A750006C6000F0DFF83004C7F80403082000F054
:10A76000BBF88349F007091F08602E70D0E701206D
:10A77000DAE7012B02D00022012005E00122FBE7ED
:10A78000012B04D000220220BDE8F04198E701220D
:10A79000F9E774480068704770B500F0D8F8704C5D
:10A7A0000546D4F840010026012809D1D4F8080351
:10A7B000C00305D54FF48030C4F80803C4F84061E5
:10A7C000D4F8440101280CD1D4F80803800308D53B
:10A7D0004FF40030C4F80803C4F84461012008F0C5
:10A7E00014FAD4F8480101280CD1D4F80803400326
:10A7F00008D54FF48020C4F80803C4F8486102204B
:10A8000008F003FA5E48056070BD70B500F09FF86F
:10A810005A4D0446287850B1FFF706FF687818B102
:10A820000020687008F0F1F95548046070BD0320FD
:10A83000F8E74FF0E0214FF40010C1F80002704734
:10A84000152000F067B84B4901200861082000F08E
:10A8500061B848494FF47C10C1F808030020024653
:10A8600001EB8003C3F84025C3F84021401CC0B26F
:10A870000628F5D37047410A43F609525143C0F305
:10A88000080010FB02F000F5807001EB50207047CB
:10A8900010B5430B48F2376463431B0C5C020C6039
:10A8A000384C03FB0400384B4CF2F72443435B0D58
:10A8B00013FB04F404EB402000F58070401210708C
:10A8C00008681844086010BD2C4840687047294942
:10A8D0000120C1F800027047002809DB00F01F02C8
:10A8E000012191404009800000F1E020C0F80011F2
:10A8F000704700280DDB00F01F0201219140400944
:10A90000800000F1E020C0F88011BFF34F8FBFF34B
:10A910006F8F7047002809DB00F01F020121914072
:10A920004009800000F1E020C0F88012704749071C
:10A93000090E002804DB00F1E02080F800147047C5
:10A9400000F00F0000F1E02080F8141D70470C4863
:10A95000001F00680A4A0D49121D1160704700006F
:10A9600000B0004004B500404081004044B10040C8
:10A9700008F501400080004040850040380000207C
:10A9800014050240F7C2FFFF6F0C01000100000137
:10A9900010B5EFF3108000F0010472B6FC48417866
:10A9A000491C41704078012801D108F081FD002C3C
:10A9B00000D162B610BD70B5F54CA07848B901253C
:10A9C000A570FFF7E5FF08F084FD20B1002008F036
:10A9D0004EFD002070BD4FF08040E570C0F804537C
:10A9E000F7E770B5EFF3108000F0010572B6E84CA0
:10A9F000607800B9FFDF6078401E6070607808B949
:10AA000008F05AFD002D00D162B670BDE04810B5C7
:10AA1000817821B10021C1708170FFF7E2FF002031
:10AA200010BD10B5044608F054FDD9498978084096
:10AA300000D001202060002010BD10B5FFF7A8FF56
:10AA400008F047FD02220123D149540728B1D1481B
:10AA5000026023610320087202E00A72C4F8043322
:10AA60000020887110BD2DE9F84FDFF8249342785B
:10AA7000817889F80420002689F80510074689F8AE
:10AA800006600078DFF810B3354620B1012811D0F8
:10AA9000022811D0FFDF08F02EFD4FF0804498B15E
:10AAA00008F030FDB0420FD1304608F02FFD0028ED
:10AAB000FAD042E00126EEE7FFF76AFF5846016848
:10AAC000C907FCD00226E6E70120E060C4F8045183
:10AAD000B2490E600107D1F84412B04AC1F34231C5
:10AAE00024321160AD49343108604FF0020AC4F8D5
:10AAF00004A3A060AA480168C94341F3001101F111
:10AB00000108016841F01001016001E010F030F926
:10AB1000D4F804010028F9D0304608F0F7FC0028EA
:10AB2000FAD0B8F1000F04D19D48016821F010015E
:10AB30000160C4F808A3C4F8045199F805004E4612
:10AB400080B1387870B908F0C4FC804608F0CAFEBD
:10AB50006FF00042B8F1000F02D0C6E9032001E017
:10AB6000C6E90302DBF80000C00701D008F0ADFC25
:10AB7000387810B13572BDE8F88F4FF01808C4F876
:10AB800008830127A7614FF42070ADF8000000BFD3
:10AB9000BDF80000411EADF80010F9D2C4F80C5108
:10ABA000C4F810517A48C01D08F030FD3570FFF729
:10ABB00044FF67617949307920310860C4F8048323
:10ABC000D9E770B5050000D1FFDF4FF080424FF0AC
:10ABD000FF30C2F808030021C2F80011C2F80411C6
:10ABE000C2F80C11C2F81011694C617008F07DFCBC
:10ABF00010B10120A070607067480068C00701D0E4
:10AC000008F063FC2846BDE870402CE76048007AF5
:10AC1000002800D0012070472DE9F04F61484FF027
:10AC2000000A85B0D0F800B0D14657465D4A5E496B
:10AC3000083211608406D4F8080110B14FF0010801
:10AC400001E04FF0000808F0B4FC78B1D4F824011A
:10AC500000B101208246D4F81C0100B101208146D8
:10AC6000D4F8200108B1012700E00027D4F8000142
:10AC700000B101200490D4F8040100B10120039038
:10AC8000D4F80C0100B101200290D4F8100100B1F9
:10AC900001203F4D0190287800260090B8F1000F68
:10ACA00004D0C4F80861012008F0E1FBBAF1000FFC
:10ACB00004D0C4F82461092008F0D9FBB9F1000FD1
:10ACC00004D0C4F81C610A2008F0D1FB27B1C4F8F5
:10ACD00020610B2008F0CBFB2D48C01D08F09EFC26
:10ACE00000B1FFDFDFF8AC800498012780B1C4F821
:10ACF0000873E87818B1EE70002008F0B8FB287AE5
:10AD0000022805D1032028720221C8F8001027610B
:10AD1000039808B1C4F80461029850B1C4F80C61FA
:10AD2000287A032800D0FFDFC8F800602F72FFF7F1
:10AD300058FE019838B1C4F81061287A012801D171
:10AD400000F05CF86761009838B12E70287A01280D
:10AD500001D1FFF772FEFFF744FE0D48C01D08F059
:10AD600073FC1049091DC1F800B005B0BDE8F08FB3
:10AD7000074810B5C01D08F051FC0549B0B10120CD
:10AD800008704FF0E021C1F80002BDE81040FFE577
:10AD900040000020340C00400C0400401805004026
:10ADA00010ED00E01005024001000001087A0128C2
:10ADB00001D1FFF742FEBDE81040244808F044BC32
:10ADC00070B5224CE41FA07808B908F075FB01208B
:10ADD0008507A861207A0026032809D1D5F80C013F
:10ADE00020B9002008F092FB0028F7D1C5F80C61CB
:10ADF00026724FF0FF30C5F8080370BD70B5134CD4
:10AE0000E41F6079F0B1012803D0A179401E81428E
:10AE100018DA08F05EFB054608F064FD6179012947
:10AE200002D9A179491CA1710DB1216900E0E16845
:10AE3000411A022902DA11F1020F06DC0DB120617C
:10AE400000E0E060BDE87040F7E570BD470000201D
:10AE5000374901200860704770B50D2000F049F8AF
:10AE6000344C0020C4F800010125C4F804530D201F
:10AE700000F050F825604FF0E0216014C1F80001A7
:10AE800070BD10B50D2000F034F82A480121416052
:10AE90000021C0F80011BDE810400D2000F03AB8C4
:10AEA000254810B504682449244808310860214920
:10AEB000D1F80001012804D0FFDF1F48001D046005
:10AEC00010BD1B48001D00680022C0B2C1F800215F
:10AED00008F05FFCF1E710B5164800BFD0F800118C
:10AEE0000029FBD0FFF7DCFFBDE810400D2000F08B
:10AEF00011B800280DDB00F01F020121914040092C
:10AF0000800000F1E020C0F88011BFF34F8FBFF345
:10AF10006F8F7047002809DB00F01F02012191406C
:10AF20004009800000F1E020C0F880127047000066
:10AF300004D5004000D0004010050240010000018F
:10AF40004FF0E0214FF00070C1F8800101F5C071B1
:10AF5000BFF34F8FBFF36F8FC1F80001394B8022D1
:10AF600083F8002441F8800C704700B502460420A5
:10AF7000354903E001EBC0031B792BB1401EC0B281
:10AF8000F8D2FFDFFF2000BD41F8302001EBC00107
:10AF900000224A718A7101220A7100BD2A4A0021E9
:10AFA00002EBC0000171704710B50446042800D3BD
:10AFB000FFDF254800EBC4042079012800D0FFDF23
:10AFC0006079A179401CC0B2814200D060714FF01D
:10AFD000E0214FF00070C1F8000210BD70B50425EB
:10AFE000194E1A4C16E0217806EBC1000279012AAD
:10AFF00008D1427983799A4204D04279827156F815
:10B00000310080472078401CC0B22070042801D352
:10B01000002020706D1EEDB2E5D270BD0C4810B559
:10B0200004680B490B4808310860064890F8000492
:10B030004009042800D0FFDFFFF7D0FF0448001DBF
:10B04000046010BD19E000E07805002054000020E5
:10B0500010050240010000010F4A12680D498A42A2
:10B060000CD118470C4A12680A4B9A4206D101B516
:10B0700008F00AFC08F0DDFEBDE801400749096858
:10B080000958084706480749054A064B704700001B
:10B0900000000000BEBAFECA5800002004000020D4
:10B0A000B00F0020B00F002070B50C46054600F030
:10B0B00045FB21462846BDE8704001F026BC000053
:10B0C000F8B51D46DDE906470E000AD005F03BF94C
:10B0D0002346FF1DBCB231462A46009404F059FDB8
:10B0E000F8BDD0192246194602F023F92046F8BDD2
:10B0F00070B50D4604461022002102F044F9258166
:10B1000017206081A07B40F00A00A07370BD4FF64D
:10B11000FF720A800146022008F000BE70470089D5
:10B120007047827BD30701D1920703D480890880BE
:10B130000020704705207047827B920700D58181EF
:10B14000704701460020098841F6FE52114200D0A6
:10B150000120704700B50346807BC00701D0052061
:10B1600000BD59811846FFF7ECFFC00703D0987B5C
:10B1700040F004009873987B40F001009873002021
:10B1800000BD827B520700D509B140897047172066
:10B190007047827B61F3C302827370472DE9FC5FC5
:10B1A0000E46044601789646012000FA01F14DF65C
:10B1B000FF5201EA020962684FF6FF7B1188594588
:10B1C00002D10920BDE8FC9FB9F1000F05D041F67E
:10B1D000FE55294201D00120F4E741EA090111801E
:10B1E0001D0014D000232B7094F800C00521032209
:10B1F0001F464FF0020ABCF10E0F76D2DFE80CF0CA
:10B20000F909252F47646B77479193B4D1D804206F
:10B21000D8E7616820898B7B9B0767D517284AD3BD
:10B220000B89834247D38989172901D3814242D1AF
:10B2300085F800A0A5F80100328061688881606807
:10B24000817B21F002018173C6E0042028702089EF
:10B25000A5F801006089A5F803003180BCE0208AD0
:10B260003188C01D1FFA80F8414524D3062028707C
:10B270002089A5F801006089A5F80300A089A5F838
:10B2800005000721208ACDE90001636941E00CF047
:10B29000FF00082810D0082028702089A5F8010098
:10B2A0006089A5F8030031806A1D694604F10C002D
:10B2B00006F0BBFC10B15EE01020EDE730889DF891
:10B2C00000100844308087E00A2028702089A5F803
:10B2D0000100328044E00C2028702089A5F801008C
:10B2E0006089A5F8030031803AE082E064E02189BA
:10B2F000338800EB41021FFA82F843453BD3B8F193
:10B30000050F38D30E222A700BEA4101CDE9001057
:10B31000E36860882A467146FFF7D2FEA6F80080EF
:10B320005AE04020287060893188C01C1FFA80F8DC
:10B33000414520D32878714620F03F001230287014
:10B340002089A5F801006089CDE9000260882A46BD
:10B35000E368FFF7B5FEA6F80080287840063BD4E6
:10B3600061682089888037E0A0893288401D1FFAF3
:10B3700080F8424501D204273DE01620287020893C
:10B38000A5F801006089A5F80300A089CDE90001B6
:10B3900060882A4671462369FFF792FEA6F800806E
:10B3A000DEE718202870207A6870A6F800A013E065
:10B3B00061680A88920401D405271CE0C9882289A3
:10B3C000914201D0062716E01E2129703080606866
:10B3D000018821F400510180B9F1000F0BD0618880
:10B3E00078230022022008F0EFFB61682078887043
:10B3F00006E0338003276068018821EA09010180A3
:10B400003846DFE62DE9FF4F85B01746129C0D0048
:10B410001E461CD03078C10703D000F03F00192829
:10B4200001D9012100E000212046FFF7AAFEA84231
:10B430000DD32088A0F57F41FF3908D03078410630
:10B4400001D4000605D5082009B0BDE8F08F07201B
:10B45000FAE700208DF800008DF8010030786B1EAF
:10B4600000F03F0C0121A81E4FF0050A4FF0020921
:10B470004FF0030B9AB2BCF1200F75D2DFE80CF04D
:10B480008B10745E7468748C749C74B574BA74C8D0
:10B4900074D474E1747474F174EF74EE74ED748B9D
:10B4A000052D78D18DF80090A0788DF80400708873
:10B4B000ADF8060030798DF80100707800F03F009B
:10B4C0000C2829D00ADCA0F10200092863D2DFE8A9
:10B4D00000F0126215621A621D622000122824D048
:10B4E00004DC0E281BD01028DBD11BE016281FD04F
:10B4F0001828D6D11FE02078800701E02078400787
:10B50000002848DAEEE020780007F9E72078C00646
:10B51000F6E720788006F3E720784006F0E7207809
:10B520000006EDE72088C005EAE720884005E7E748
:10B5300020880005E4E72088C004E1E72078800740
:10B5400029D5032D27D18DF800B0B6F8010081E090
:10B55000217849071FD5062D1DD381B270780128A7
:10B5600003D0022817D102E0C9E0022000E0102039
:10B5700004228DF8002072788DF80420801CB1FB25
:10B58000F0F2ADF8062092B242438A4203D103970B
:10B59000ADF80890A6E079E02078000776D598B25B
:10B5A00082088DF800A0ADF80420B0EB820F6DD1B9
:10B5B0000297ADF8061095E02178C90666D5022DF0
:10B5C00064D381B206208DF80000707802285DD324
:10B5D000B1FBF0F28DF80400ADF8062092B24243C0
:10B5E0008A4253D1ADF808907BE0207880064DD593
:10B5F000072003E0207840067FD508208DF8000062
:10B60000A088ADF80400ADF80620ADF8081068E099
:10B610002078000671D50920ADF804208DF80000CF
:10B62000ADF8061002975DE02188C90565D5022DA9
:10B6300063D381B20A208DF80000707804285CD3AF
:10B64000C6E72088400558D5012D56D10B208DF82E
:10B650000000A088ADF8040044E021E026E016E0F8
:10B66000FFE72088000548D5052D46D30C208DF82E
:10B670000000A088ADF80400B6F803006D1FADF817
:10B680000850ADF80600ADF80AA02AE035E02088A1
:10B69000C00432D5012D30D10D208DF8000021E0FD
:10B6A0002088800429D4B6F80100E080A07B000740
:10B6B00023D5032D21D3307800F03F001B2818D06C
:10B6C0000F208DF80000208840F40050A4F80000FE
:10B6D000B6F80100ADF80400ED1EADF80650ADF867
:10B6E00008B0039769460598F9F7B8FA050008D03D
:10B6F00016E00E208DF80000EAE7072510E0082587
:10B700000EE0307800F03F001B2809D01D2807D03C
:10B710000220059908F002FB208800F400502080E8
:10B72000A07B400708D52046FFF70BFDC00703D1DB
:10B73000A07B20F00400A073284685E61FB50228F0
:10B7400006D101208DF8000088B26946F9F786FA23
:10B750001FBD0000F8B51D46DDE906470E000AD002
:10B7600004F0F1FD2346FF1DBCB231462A46009489
:10B7700004F00FFAF8BDD0192246194601F0D9FDA0
:10B780002046F8BD2DE9FF4F8DB09B46DDE91B57E4
:10B79000DDF87CA00C46082B05D0E06901F0FEF82E
:10B7A00050B11020D2E02888092140F010002880F4
:10B7B0008AF80010022617E0E16901208871E26929
:10B7C0004FF420519180E1698872E06942F60101ED
:10B7D0000181E069002181732888112140F0200057
:10B7E00028808AF80010042638780A900A203870D9
:10B7F0004FF0020904F118004D460C9001F0C6FB11
:10B80000B04681E0BBF1100F0ED1022D0CD0A9EB98
:10B810000800801C80B20221CDE9001005AB524621
:10B820001E990D98FFF796FFBDF816101A988142E1
:10B8300003D9F74800790F9004E003D10A9808B1C2
:10B8400038702FE04FF00201CDE900190DF1160319
:10B8500052461E990D98FFF77DFF1D980088401BEA
:10B86000801B83B2C6F1FF00984200D203461E99A6
:10B870000BA8D9B15FF00002DDF878C0CDE9032054
:10B8800009EB060189B2CDE901C10F980090BDF81E
:10B89000161000220D9801F00EFC387070B1C0B285
:10B8A000832807D0BDF8160020833AE00AEB09018F
:10B8B0008A19E1E7022011B0BDE8F08FBDF82C0035
:10B8C000811901F0FF08022D0DD09AF801204245A0
:10B8D00006D1BDF82010814207D0B8F1FF0F04D087
:10B8E0009AF801801FE08AF80180C9480068017851
:10B8F000052902D1BDF81610818009EB08001FFA56
:10B9000080F905EB080085B2DDE90C1005AB0F9A54
:10B9100001F03FFB28B91D980088411B4145BFF647
:10B9200071AF022D13D0BBF1100F0CD1A9EB0800A1
:10B93000801C81B20220CDE9000105AB52461E9960
:10B940000D98FFF707FF1D98058000203870002034
:10B95000B1E72DE9F8439C46089E13460027B26BD9
:10B960009AB3491F8CB2F18FA1F57F45FF3D05D0F9
:10B970005518AD882944891D8DB200E0002529198C
:10B98000B6F83C800831414520D82A44BCF8011063
:10B9900022F8021BBCF8031022F8021B984622F87A
:10B9A000024B914604F0BDFC4FF00C0C41464A4658
:10B9B0002346CDF800C004F0B8F8F587B16B00203D
:10B9C0002944A41D2144088003E001E0092700E088
:10B9D00083273846BDE8F88310B50B88848F9C42D6
:10B9E0000CD9846BE018048844B1848824F40044A2
:10B9F000A41D23440B801060002010BD0A2010BD40
:10BA00002DE9F0478AB00025904689468246ADF878
:10BA1000185007274BE0059806888088000446D414
:10BA2000A8F8006007A8019500970295CDE903509A
:10BA30004FF4007300223146504601F03CFB0400F5
:10BA40003CD1BDF81800ADF8200005980488818825
:10BA5000B44216D10A0414D401950295039521F439
:10BA600000410097049541F48043428821465046A6
:10BA700001F0BFF804000BD10598818841F4004122
:10BA8000818005AA08A94846FFF7A6FF0400DCD07C
:10BA90000097059802950195039504950188BDF8D6
:10BAA0001C300022504601F0A4F80A2C06D105AA49
:10BAB00006A94846FFF790FF0400ACD0ADF8185037
:10BAC00004E00598818821F40041818005AA06A937
:10BAD0004846FFF781FF0028F3D00A2C03D0204608
:10BAE0000AB0BDE8F0870020FAE710B50C46896B74
:10BAF00086B051B10C218DF80010A18FADF808105F
:10BB0000A16B01916946FAF75BF800204FF6FF71CF
:10BB1000A063E187A08706B010BD2DE9F0410D4676
:10BB20000746896B0020069E1446002911D0012B80
:10BB30000FD1324629463846FFF762FF002808D168
:10BB4000002C06D0324629463846BDE8F04100F0C8
:10BB500034BFBDE8F0812DE9FC411446DDE9087CE5
:10BB60000E46DDE90A15521DBCF800E092B296457A
:10BB700002D20720BDE8FC81ACF8002017222A7011
:10BB8000A5F80160A5F803300522CDE900423B4647
:10BB90002A46FFF7DFFD0020ECE770B50C4615469E
:10BBA00048220021204601F0EEFB04F1080044F891
:10BBB0001C0F00204FF6FF71E06161842084A58492
:10BBC0001720E08494F82A0040F00A0084F82A0044
:10BBD00070BD4FF6FF720A800146032008F09EB840
:10BBE00030B585B00C460546FFF77FFFA18E28468D
:10BBF00029B101218DF800106946F9F7E1FF002015
:10BC0000E0622063606305B030BDB0F8400070476B
:10BC10005C00002090F84620920703D440880880FA
:10BC20000020F4E70620F2E790F846209207EED5D0
:10BC3000A0F84410EBE70146002009880A0700D568
:10BC4000012011F0F00F01D040F00200CA0501D52B
:10BC500040F004008A0501D540F008004A0501D5EE
:10BC600040F010000905D2D540F02000CFE700B524
:10BC7000034690F84600C00701D0062000BDA3F897
:10BC800042101846FFF7D7FF10F03E0F05D093F88B
:10BC9000460040F0040083F8460013F8460F40F0D9
:10BCA00001001870002000BD90F84620520700D512
:10BCB00011B1B0F84200AAE71720A8E710F8462F04
:10BCC00061F3C3020270A2E72DE9FF4F9BB00E00A3
:10BCD000DDE92B34DDE92978289D24D02878C107B7
:10BCE00003D000F03F00192801D9012100E0002114
:10BCF0002046FFF7D9FFB04215D32878410600F05F
:10BD00003F010CD41E290CD0218811F47F6F0AD179
:10BD10003A8842B1A1F57F42FF3A04D001E01229EE
:10BD200001D1000602D504201FB0C5E5FA491D98CF
:10BD30004FF0000A08718DF818A08DF83CA00FAAEA
:10BD40000A60ADF81CA0ADF850A02978994601F022
:10BD50003F02701F5B1C04F1180C4FF0060E4FF0F1
:10BD6000040BCDF858C01F2A7ED2DFE802F07D7D9B
:10BD7000107D267DAC7DF47DF37DF27DF17DF47D3B
:10BD8000F07D7D7DEF7DEE7D7D7D7D7DED0094F808
:10BD90004610B5F80100890701D5032E02D08DF8B1
:10BDA00018B01EE34FF40061ADF85010608003211D
:10BDB0008DF83C10ADF84000D4E2052EEFD1B5F877
:10BDC00001002083ADF81C00B5F80310618308B1B1
:10BDD000884201D9012079E10020A07220814FF62C
:10BDE000FF702084169801F0D1F8052089F8000032
:10BDF0000220029083460AAB1D9A16991B9801F007
:10BE0000C8F890BB9DF82E00012804D0022089F8C4
:10BE10000100102003E0012089F8010002200590B4
:10BE2000002203A90BA805F000FFE8BB9DF80C0059
:10BE3000059981423DD13988801CA1EB0B018142DB
:10BE400037DB02990220CDE900010DF12A034A46B1
:10BE500041461B98FFF77EFC02980BF1020B801CF9
:10BE600081B217AA029101E09CE228E003A90BA885
:10BE700005F0DBFE02999DF80C00CDE9000117AB3F
:10BE80004A4641461B98FFF765FC9DF80C000AAB3B
:10BE90000BEB00011FFA81FB02991D9A084480B246
:10BEA000029016991B9800E003E001F072F8002858
:10BEB000B6D0BBF1020F02D0A7F800B04FE20A20C3
:10BEC0008DF818004BE200210391072EFFF467AFB5
:10BED000B5F801002083ADF81C00B5F8032062839B
:10BEE00000283FF477AF90423FF674AF0120A07274
:10BEF000B5F8050020810020A073E06900F04EFD38
:10BF000078B9E16901208871E2694FF4205191808C
:10BF1000E1698872E16942F601000881E069002167
:10BF20008173F01F20841E98606207206084169839
:10BF300001F02CF8072089F80000012004900290FD
:10BF40000020ADF82A0028E019E29FE135E1E5E0A4
:10BF500012E2A8E080E043E00298012814D0E069F2
:10BF60008079012803D1BDF82800ADF80E000498AF
:10BF700003ABCDE900B04A4641461B98FFF7EAFB08
:10BF80000498001D80B20490BDF82A00ADF80C00A2
:10BF9000ADF80E00059880B202900AAB1D9A169972
:10BFA0001B9800F0F6FF28B902983988001D05900B
:10BFB0008142D1D20298012881D0E069807901289C
:10BFC00003D1BDF82800ADF80E00049803ABCDE90D
:10BFD00000B04A4641461B98FFF7BCFB0298BDE102
:10BFE000072E02D0152E7FF4DAAEB5F801102183AA
:10BFF000ADF81C10B5F80320628300293FF4EAAEC7
:10C0000091423FF6E7AE0121A1724FF0000BA4F878
:10C0100008B084F80EB0052E07D0C0B2691DE269E1
:10C0200005F0E4FD00287FF44AAF4FF6FF7020844E
:10C0300001A906AA14A8CDF800B081E885032878E4
:10C04000214600F03F031D9A1B98FFF79BFB824699
:10C05000208BADF81C0082E10120032EC3D14021CA
:10C06000ADF85010B5F801102183ADF81C100AAAE4
:10C07000B8F1000F00D00023CDE9020304921D980F
:10C08000CDF80480009038880022401E83B21B98AF
:10C0900001F011F88DF8180090BB0B2089F8000012
:10C0A000BDF8280035E04FF0010C052E9BD1802013
:10C0B000ADF85000B5F801102183B5F803002084D5
:10C0C000ADF81C10B0F5007F03D907208DF81800DB
:10C0D00087E140F47C4222840CA8B8F1000F00D024
:10C0E0000023CDE90330CDE9018C1D9800903888FC
:10C0F000401E83B21B9800F0DEFF8DF8180018B1C7
:10C100008328A8D10220BFE00D2189F80010BDF8D6
:10C110003000401C22E100005C000020032E04D20D
:10C1200048067FF53CAE002018E1B5F80110ADF8E7
:10C130001C102878400602D58DF83CE002E007206C
:10C140008DF83C004FF000080320CDE902081E9B4B
:10C15000CDF810801D980193A6F1030B00901FFAF3
:10C160008BF342461B9800F044FD8DF818008DF8C3
:10C170003C80297849060DD52088C00506D5208B3E
:10C18000BDF81C10884201D1C4F8248040468DF8C7
:10C190001880E3E0832801D14FF0020A4FF4807049
:10C1A000ADF85000BDF81C002083A4F820B01E9804
:10C1B0006062032060841321CDE0052EFFF4EFAD13
:10C1C000B5F80110ADF81C10A28F6AB3A2F57F4339
:10C1D000FE3B29D008228DF83C2000BF4FF0000B19
:10C1E0000523CDE9023BDDF878C0CDF810B01D9AEB
:10C1F00080B2CDF804C040F400430092B5F80320AB
:10C200001B9800F0F6FC8DF83CB04FF400718DF8EF
:10C210001800ADF85010832810D0F8B1A18FA1F507
:10C220007F40FE3807D0DCE00B228DF83C204FF633
:10C23000FE72A287D2E7A4F83CB0D2E000942B466D
:10C2400031461E9A1B98FFF784FB8DF8180008B141
:10C2500083284BD1BDF81C00208353E700942B4664
:10C2600031461E9A1B98FFF774FB8DF81800E8BB47
:10C27000E18FA06B0844831D8DE888034388828882
:10C2800001881B98FFF767FC824668E095F80180FB
:10C29000022E70D15FEA080002D0B8F1010F6AD116
:10C2A00009208DF83C0007A800908DF84080434697
:10C2B000002221461B98FFF730FC8DF842004FF01A
:10C2C000000B8DF843B050B9B8F1010F12D0B8F19E
:10C2D000000F04D1A18FA1F57F40FF380AD0A08FB5
:10C2E00040B18DF83CB04FF4806000E037E0ADF82D
:10C2F00050000DE00FA91B98F9F762FC82468DF8FB
:10C300003CB04FF48060ADF85000BAF1020F06D097
:10C31000FC480068C07928B18DF8180027E0A4F81F
:10C32000188044E0BAF1000F03D081208DF8180086
:10C330003DE007A800904346012221461B98FFF7E5
:10C34000ECFB8DF8180021461B98FFF7CEFB9DF8FB
:10C35000180020B9192189F80010012038809DF8B3
:10C360003C0020B10FA91B98F9F72AFC8246BAF1CC
:10C37000000F33D01BE018E08DF818E031E0207892
:10C38000000712D5012E10D10A208DF83C00E0885C
:10C39000ADF8400003201B9907F0C0FC0820ADF861
:10C3A0005000C0E648067FF5FAAC4FF0040A20883A
:10C3B000BDF8501008432080BDF8500080050BD513
:10C3C000A18FA1F57F40FE3806D11E98E062289823
:10C3D0002063A6864FF0030A5046A5E49DF8180096
:10C3E00078B1012089F80000297889F80110BDF89A
:10C3F0001C10A9F802109DF8181089F804100520E7
:10C4000038802088BDF8501088432080E4E72DE96B
:10C41000FF4F8846087895B0012181404FF209000E
:10C42000249C0140ADF820102088DDF88890A0F50C
:10C430007F424FF0000AFF3A06D039B1000705D518
:10C44000012019B0BDE8F08F0820FAE7239E4FF0D5
:10C45000000B0EA886F800B018995D460988ADF863
:10C460003410A8498DF81CB0179A0A718DF838B0AD
:10C47000086098F8000001283BD0022809D0032862
:10C480006FD1307820F03F001D303070B8F80400D4
:10C49000E08098F800100320022904D1317821F0BF
:10C4A0003F011B31317094F84610090759D505AB8F
:10C4B000B9F1000F13D0002102AA82E80B00072077
:10C4C000CDE90009BDF83400B8F80410C01E83B2ED
:10C4D0000022159800F0EFFD0028D1D101E0F11CF9
:10C4E000EAE7B8F80400A6F80100BDF81400C01C83
:10C4F00004E198F805108DF81C1098F80400012844
:10C5000006D04FF4007A02282CD00328B8D16CE171
:10C510002188B8F8080011F40061ADF8201020D08F
:10C5200017281CD3B4F84010814218D3B4F8441033
:10C53000172901D3814212D1317821F03F01C91C62
:10C540003170A6F801000321ADF83410A4F84400BE
:10C5500094F8460020F0020084F8460065E10525C5
:10C560007EE177E1208808F1080700F4FE60ADF86D
:10C57000200010F0F00F1BD010F0C00F03D038884F
:10C58000228B9042EBD199B9B878C00710D0B96826
:10C590000720CDE902B1CDF804B00090CDF810B07D
:10C5A000FB88BA883988159800F023FB0028D6D17B
:10C5B0002398BDF82010401C80294ED006DC10299D
:10C5C0000DD020290BD0402987D124E0B1F5807F00
:10C5D0006ED051457ED0B1F5806F97D1DEE0C806B0
:10C5E00001D5082000E0102082460DA907AA0520E9
:10C5F000CDE902218DF83800ADF83CB0CDE90496C4
:10C6000008A93888CDE9000153460722214615982C
:10C61000FFF7B8F8A8E09DF81C2001214FF00A0AA6
:10C62000002A9BD105ABB9F1000F00D00020CDE965
:10C6300002100720CDE90009BDF834000493401E24
:10C6400083B2218B0022159800F035FD8DF81C0077
:10C650000B203070BDF8140020E09DF81C20012153
:10C660004FF00C0A002A22D113ABB9F1000F00D011
:10C670000020CDE902100720CDE900090493BDF8A0
:10C680003400228C401E83B2218B159800F013FDDC
:10C690008DF81C000D203070BDF84C00401CADF82A
:10C6A000340005208DF83800208BADF83C00BCE04C
:10C6B0003888218B88427FF452AF9DF81C004FF0E0
:10C6C000120A00281CD1606AA8B1B878C0073FF4EC
:10C6D00046AF00E018E0BA680720CDE902B2CDF815
:10C6E00004B00090CDF810B0FB88BA88159800F01F
:10C6F00080FA8DF81C00132030700120ADF8340052
:10C7000093E000005C0000203988208B8142D2D168
:10C710009DF81C004FF0160A0028A06B08D0E0B36B
:10C720004FF6FF7000215F46ADF808B0019027E09A
:10C7300068B1B978C907BED1E18F0DAB0844821D3D
:10C7400003968DE80C0243888288018809E0B87856
:10C75000C007BCD0BA680DAB03968DE80C02BB884D
:10C76000FA881598FFF7F7F905005ED0072D72D00B
:10C7700076E0019005AA02A92046FFF72DF90146AF
:10C78000E28FBDF80800824201D00029F1D0E08F8D
:10C79000A16B084407800198E08746E09DF81C00E3
:10C7A0004FF0180A40B1208BC8B138882083214649
:10C7B0001598FFF79AF938E004F118000090237EED
:10C7C000012221461598FFF7A8F98DF81C000028D2
:10C7D000EDD1192030700120ADF83400E7E70525D0
:10C7E00021461598FFF781F93AE0208800F400709F
:10C7F000ADF8200050452DD1A08FA0F57F41FE3926
:10C8000001D006252CE0D8F808004FF0160A48B1F0
:10C81000A063B8F80C10A1874FF6FF71E187A0F86C
:10C8200000B002E04FF6FF70A087BDF8200030F4A2
:10C830007F611AD0782300220320159907F0C4F9EC
:10C8400098F8000020712088BDF82010084320804F
:10C850000EE000E007252088BDF8201088432080E6
:10C86000208810F47F6F1CD03AE02188814321801A
:10C870009DF8380020B10EA91598F9F7A1F90546E1
:10C880009DF81C000028EBD086F801A00120307034
:10C89000208B70809DF81C0030710520ADF83400AD
:10C8A000DEE7A18EE1B118980DAB0088ADF8340039
:10C8B0002398CDE90304CDE90139206B0090E36AA8
:10C8C000179A1598FFF700FA054601208DF83800F1
:10C8D0000EA91598F9F774F900B10546A4F834B01B
:10C8E00094F8460040070AD52046FFF7A4F910F057
:10C8F0003E0F04D114F8460F20F004002070189861
:10C90000BDF83410018028469BE500B585B00328AA
:10C9100006D102208DF8000088B26946F9F750F977
:10C9200005B000BD10B5384C0B782268012B02D041
:10C93000022B2AD111E013780BB1052B01D104236E
:10C94000137023688A889A802268CB88D3802268F3
:10C950000B891381498951810DE08B88938022686E
:10C96000CB88D38022680B8913814B8953818B89B3
:10C970009381096911612168F9F722F92268002180
:10C980000228117003D0002800D0812010BD832020
:10C9900010BD806B002800D00120704781780129EC
:10C9A00009D10088B0F5205F03D042F6010188422A
:10C9B00001D10020704707207047F0B587B00024F0
:10C9C00015460E460746ADF8184011E00598008858
:10C9D000288005980194811DCDE902410721049426
:10C9E0000091838842880188384600F002F930B906
:10C9F00005AA06A93046FEF7EFFF0028E6D00A2870
:10CA000000D1002007B0F0BD5C00002010B58B788D
:10CA100083B102789A4205D10B885BB102E08B7931
:10CA2000091D4BB18B789A42F9D1B0F801300C88CE
:10CA3000A342F4D1002010BD812010BD072826D0CC
:10CA400012B1012A27D103E0497801F0070102E081
:10CA50004978C1F3C20105291DD2DFE801F00318AE
:10CA6000080C12000AB10320704702207047042806
:10CA70000DD250B10DE0052809D2801E022808D33E
:10CA800003E0062803D0032803D0052070470020C8
:10CA900070470F20704781207047C0B282060BD4C8
:10CAA000000607D5FA48807A4143C01D01EBD0004B
:10CAB00080B27047084670470020704770B51388F1
:10CAC0000B800B781C0625D5F14CA47A844204D83F
:10CAD00043F010000870002070BD956800F0070654
:10CAE00005EBD0052D78F54065F304130B70137832
:10CAF000D17803F0030341EA032140F20123B1FBA3
:10CB0000F3F503FB15119268E41D00FB012000EB17
:10CB1000D40070BD906870BD37B51446BDF80410E0
:10CB20001180117841F0040111709DF804100A067B
:10CB30001ED5D74AA368C1F30011927A824208D861
:10CB4000FE2811D1D21DD2084942184600F01BFC24
:10CB50000AE003EBD00200F00703012510789D40A6
:10CB6000A843994008431070207820F010002070EE
:10CB70003EBD2DE9F0410746C81C0E4620F00300DB
:10CB8000B04202D08620BDE8F081C14D002034467D
:10CB90002E60AF802881AA72E8801AE0E988491CDB
:10CBA000E980810614D4E17800F0030041EA002016
:10CBB00040F20121B0FBF1F201FB12012068FFF706
:10CBC0006CFF2989084480B22881381A3044A0605B
:10CBD0000C3420784107E1D40020D4E7AC4801228E
:10CBE0000189C08800EB400002EB8000084480B25D
:10CBF00070472DE9FF4F89B01646DDE9168A0F46CA
:10CC0000994623F44045084600F054FB040002D046
:10CC10002078400703D401200DB0BDE8F08F0998BB
:10CC200003F016FA02902078000606D59848817A1B
:10CC30000298814201D88720EEE7224601A9029896
:10CC4000FFF73CFF834600208DF80C004046B8F10A
:10CC5000070F1AD001222146FFF7F0FE0028DBD192
:10CC60002078400611D502208DF80C00ADF8107028
:10CC7000BDF80400ADF81200ADF814601898ADF8D6
:10CC80001650CDF81CA0ADF818005FEA094004D595
:10CC900000252E46A84601270CE02178E07801F017
:10CCA000030140EA012040F20121B0FBF1F280468D
:10CCB00001FB12875FEA494009D5B84507D1A17841
:10CCC000207901F0030140EA0120B04201D3BE42C5
:10CCD00001D90720A0E7A8191FFA80F9B94501D9A1
:10CCE0000D2099E79DF80C0028B103A90998F8F7E1
:10CCF00065FF002890D1B84507D1A0784FEA1921E7
:10CD000061F30100A07084F804901A9800B10580C6
:10CD1000199850EA0A0027D0199830B10BEB060099
:10CD20002A46199900F005FB0EE00BEB0608574662
:10CD3000189E099803F0F5FA2B46F61DB5B2394650
:10CD40004246009502F0F1FE224601A90298FFF743
:10CD5000B5FE9DF80400224620F010008DF8040076
:10CD6000DDE90110FFF7D8FE002055E72DE9FF4F60
:10CD7000DFF81C91824685B0B9F80610D9F800009A
:10CD800001EB410100EB810440F20120B2FBF0F124
:10CD9000174600FB1175DDE9138B4E4629460698B0
:10CDA000FFF77BFE0346FFF719FF1844B1880C30EC
:10CDB000884202D9842009B02FE70698C6B230060F
:10CDC00003D5B00601D50620F5E7B9F80620521CB8
:10CDD00092B2A9F80620BBF1000F01D0ABF80020F9
:10CDE000B00602D5C4F808800AE0B9F808201A4451
:10CDF00092B2A9F80820D9F80000891A0844A06066
:10CE00002246FE200699FFF787FEE77025712078FD
:10CE1000390A61F301002A0AA17840F0040062F3A4
:10CE20000101A17020709AF802006071BAF8000048
:10CE3000E08000252573300602D599F80A7000E0DD
:10CE40000127B00601D54FF000084E4600244FF0F0
:10CE500007090FE0CDE902580195CDF8009004953F
:10CE6000F1882046129B089AFFF7C3FE0028A2D142
:10CE7000641CE4B2BC42EDD300209CE700B5FFF790
:10CE8000ADFE03490C308A88904203D9842000BD4E
:10CE900098050020CA88086802EB420300EB830073
:10CEA000521C037823F004030370CA80002101732D
:10CEB0000846ECE72DE9F047804600F0FBF9070053
:10CEC00005D000264446F74D40F2012916E0012026
:10CED000BDE8F087204600F0EDF90278C17802F055
:10CEE000030241EA0222B2FBF9F309FB13210068B5
:10CEF000FFF7D3FD3044641C86B2A4B2E988601EFB
:10CF00008142E7DCA8F10100E8802889801B2881A4
:10CF100000203870DCE710B5144631B1491E21807D
:10CF200003F096F8A070002010BD012010BD70B570
:10CF30000446DC48C188036801E0401C208020884A
:10CF4000884207D200EB400213EB820202D0157830
:10CF50006D07F2D580B2884216D2AAB15079A0727C
:10CF6000D08820819178107901F0030140EA0120F6
:10CF7000A081A078E11CFFF7A1FD20612088401C62
:10CF80002080E080002070BD0A2070BD0121018258
:10CF900070472DE9FF4F85B04FF6FF798246A3F821
:10CFA000009048681E460D4680788DF80600486857
:10CFB0000088ADF8040000208DF80A00088A0C886B
:10CFC000A04200D304462C8251E03878400708D4B0
:10CFD000641C288AA4B2401C288208F10100C0B257
:10CFE00046E0288A401C2882781D6968FFF70EFDFC
:10CFF000D8BB3188494501D1601E30803188A1EB12
:10D00000080030806888A04238D3B878397900F0B9
:10D01000030041EA002801A9781DFFF7F7FC20BBB7
:10D02000298949452ED0002239460798FFF706FD89
:10D03000D8B92989414518D1E9680391B5F80AC0E2
:10D04000D7F808B05046CDF800C003F06AF9DDF813
:10D0500000C05A460CF1070C1FFA8CFC434603999A
:10D06000CDF800C002F02BFD60B1641CA4B200201A
:10D070008046204600F01EF90700A6D1641E2C82CF
:10D080000A2098E674807879B071F888B080397891
:10D09000F87801F0030140EA01207081A6F80C80C5
:10D0A000504602F0D5FF3A4606F10801FFF706FDAB
:10D0B000306100207FE62DE9FF4F87B081461C4696
:10D0C0009246DDF860B0DDF85480089800F0F2F880
:10D0D000050002D02878400702D401200BB09CE55F
:10D0E000484602F0B5FF2978090605D56D49897AC9
:10D0F000814201D88720F1E7CAF309062A4601A92F
:10D10000FFF7DCFC0746149807281CD000222946AC
:10D11000FFF794FC0028E1D12878400613D50120C0
:10D120008DF808000898ADF80C00BDF80400ADF8C3
:10D130000E00ADF81060ADF8124002A94846F8F7AD
:10D140003DFD0028CAD12978E87801F0030140EAC2
:10D150000121AA78287902F0030240EA022056450C
:10D1600007D0B1F5007F04D9611E814201DD0B209B
:10D17000B4E7864201D90720B0E7801B85B2A542FB
:10D1800000D92546BBF1000F01D0ABF8005017982D
:10D1900018B1B9192A4600F0CCF8B8F1000F0DD03B
:10D1A0003E4448464446169F03F0CDF82146FF1DF5
:10D1B000BCB232462B46009402F0EBFC00208DE717
:10D1C0002DE9F04107461D461646084600F072F864
:10D1D000040002D02078400701D40120D3E438466F
:10D1E00002F036FF2178090605D52E49897A814259
:10D1F00001D88720C7E422463146FFF75FFC65B1BE
:10D200002178E07801F0030140EA0120B0F5007FC9
:10D2100001D8012000E0002028700020B3E42DE9AF
:10D22000F04107461D461646084600F043F8040044
:10D2300002D02078400701D40120A4E4384602F04F
:10D2400007FF2178090605D51649897A814201D858
:10D25000872098E422463146FFF75EFCFF2D14D06C
:10D260002178E07801F0030240EA022040F2012236
:10D27000B0FBF2F302FB130015B900F2012080B2FB
:10D28000E070000A60F30101217000207BE410B51A
:10D290000C4600F00FF810B10178490704D40120C2
:10D2A00010BD000098050020C18821804079A07041
:10D2B0000020F5E70749CA88824209D340B10968CE
:10D2C00000EB40006FF00B0202EB80000844704757
:10D2D000002070479805002070B504460D46214691
:10D2E0002B460AB9002070BD01E0491C5B1C501E92
:10D2F000021E03D008781E78B042F6D008781E7857
:10D30000801BF0E730B50C4601462346051B9542CD
:10D3100006D202E0521E9D5C8D54002AFAD107E02D
:10D3200004E01D780D70491C5B1C521E002AF8D1C8
:10D3300030BDF0B50E460146334680EA030404F0E2
:10D340000304B4B906E002B9F0BD13F8017B01F89B
:10D35000017B521E01F00307002FF4D10C461D463D
:10D3600002E080CD80C4121F042AFAD221462B4647
:10D3700000BF04E013F8014B01F8014B521E002AD4
:10D38000F8D100BFE0E7F0B50C460146E6B204E094
:10D3900002B9F0BD01F8016B521E01F00307002F26
:10D3A000F6D10B46E5B245EA052545EA054501E01B
:10D3B00020C3121F042AFBD2194602E001F8016BB8
:10D3C000521E002AFAD100BFE3E710B506F0F7FEBF
:10D3D000FAF792F906F09CFDBDE8104006F02EBE6B
:10D3E000202801D2012070470020704701224FF011
:10D3F000A043824011B1C3F80C257047C3F808253B
:10D4000070474FF0A04101228240C1F818257047B3
:10D4100070B50346002002466FF02F050EE09C5CBD
:10D42000A4F130060A2E02D34FF0FF3070BD00EB9E
:10D43000800005EB4000521C2044D2B28A42EED359
:10D4400070BD30B50A230BE0B0FBF3F403FB14040A
:10D45000B0FBF3F08D183034521E05F8014CD2B2F7
:10D46000002AF1D130BD30B500234FF6FF7510E032
:10D47000040A44EA002084B2C85C6040C0F303148C
:10D48000604005EA00344440E0B25B1C84EA40108E
:10D490009BB29342ECD330BDF94A137882F88B30BB
:10D4A000A2F88C0082F88A10012082F8880092F895
:10D4B000640008B192F8600082F88E00704710B5E1
:10D4C0000B46114658B11846FFF7E6FFED48806855
:10D4D000008802F026FFBDE8104002F0CDBBBDE899
:10D4E00010404FF6FF70D7E770B50026044646702F
:10D4F000E44D1120207029682022A01C6831FFF71C
:10D5000018FF0121A171286800F8666F8078002853
:10D5100011D1DB48B0F86A20A0F89220AA68537BAA
:10D5200080F8943080F89010108802F0FAFEBDE880
:10D53000704002F0B0BB70BD70B5D24D296891F853
:10D5400096200024012A11D091F89020012A1CD0A5
:10D5500091F86620012A22D091F88820012A21D052
:10D5600091F8A020012A2ED0002070BD447017220F
:10D57000027051F8972FC0F802204A68C0F80620C0
:10D580000A7A827201F8014C1BE044700522027095
:10D59000D1F89220C0F8022081F8904011E0FFF706
:10D5A000A3FF0EE091F86620012AF8D044701422FF
:10D5B000027051F88A2FC0F802208A88C28001F8D0
:10D5C000024C012070BD44701A2200F8022B222266
:10D5D000A131FFF7AEFE286880F8A040F1E7A94826
:10D5E000006890F8661011B1B0F86A0070474FF605
:10D5F000FF70704770B5A34C206800B9FFDF20684A
:10D60000417811B10C25284670BD0025C422294659
:10D61000FFF7B9FE2168FF2008707F2081F83700EE
:10D6200013204884282081F86500012081F85C00DF
:10D63000002081F85F0007F0AFF906F091FCE2E707
:10D6400070B5904C0546206800B9FFDF21680020C6
:10D6500048706560FFF7CEFF002800D0FFDF70BD87
:10D66000884909680978814201D10120704700206A
:10D670007047844800B5016891F82400498CC0F3D4
:10D680008002C0F340031A4400F001001044132943
:10D6900015D004DC102909D0122904D10FE0152976
:10D6A00008D01D2904D0FFDF002000BD764903E02B
:10D6B000764800BD7449083131F8100000BD724948
:10D6C0000839F9E76F4840F271210068806A4843E1
:10D6D00070476C48006890F83600002800D00120A0
:10D6E000704710B5664C207B00F074FD40B1207D82
:10D6F00004F115010BF034FB082801D0012010BD06
:10D70000207B30B1022804D00120BDE8104007F092
:10D71000A6BC0020F9E75A490873704759490968BF
:10D7200081F83000704770B50646554890F82D00D6
:10D730000BF0A4FA050018D010210BF076FD00289C
:10D7400013D1504C012032462168C87628461C313E
:10D7500007F092FCD4E900101C310BF0BFFF6068A9
:10D76000BDE8704001210BF0C8BF70BD2DE9F0414C
:10D77000434C074694F82D000BF0FDFA064694F84A
:10D780002F0004F10E0528B126B194F82D000BF0FE
:10D7900018FAA0B194F83000002824D094F82E0094
:10D7A000002820D0607B294600F025FDA8B10BF0B1
:10D7B0008AFB3A462946BDE8F04107F05DBC0120EE
:10D7C00060733A462946304607F056FC94F82D100F
:10D7D0002846BDE8F0410BF065BB39462846BDE858
:10D7E000F04107F07EBCBDE8F08170B5254C2168A2
:10D7F000087BB0B1022814D0012048730E3107F025
:10D8000018FC2068007B00F0E5FC216881F82F00FF
:10D81000082081F82D00487B0E3100F0E3FC40B970
:10D8200001E00020E9E72168487B0E3100F0E3FCCD
:10D8300000B10120216881F82E0091F82F0018B95D
:10D8400091F82200400706D5087D15310BF088FAC3
:10D85000216881F82D0020680025456004F0ADFDA9
:10D86000216888600020FFF781FF2068C57690F866
:10D87000220040070CD5BDE87040002053E70000AF
:10D88000A405002064000020A0B101008F891300CE
:10D8900070BDFB4A1268137B0370D2F80E0008605B
:10D8A000508A8880704778B5F6490446F44D407B2D
:10D8B00008732A68207810706088ADF8000080B284
:10D8C00000F00101C0F3400341EA4301C0F38003CB
:10D8D00041EA8301C0F3C00341EAC301C0F300136E
:10D8E00041EA0311C0F3401341EA4311C0F3801031
:10D8F00041EA80105084E07D012825D0022825D0FF
:10D90000FFDF286880F85E60217B80F82410418C5E
:10D910001D291DD061688162617D80F83610A17B70
:10D92000C1B1022916D00121017554F80F1FC0F8AA
:10D930001510A188A0F81910217B012900D0002121
:10D9400080F83410002078BD0126DAE70226D8E7F7
:10D950000021E0E70021E7E7C948006890F82200CD
:10D96000C0F38000704700B5FFF7F6FF08B1002054
:10D9700000BD1F2000BD00B5FFF7F5FF002800D057
:10D98000012000BDBE49002209680A664B8C1D2B90
:10D9900002D081F86400704781F864207047B84A6B
:10D9A0000023126882F85D3042F84C1F90800120FD
:10D9B00050747047B24A0023126882F85C30A2F8B3
:10D9C000580042F8541F012010727047AC49096892
:10D9D00081F835007047AA49096881F85F007047EF
:10D9E000A748006890F95F007047A548006890F864
:10D9F000220000F001007047A148006890F8220062
:10DA0000C0F340007047002070479D48006890F8C0
:10DA10002200C0F3C000704701207047012070470A
:10DA20000120704770B500F0FAFB954C2068016E3C
:10DA3000491C016690F83300002530B106F0ACFFB8
:10DA400006F08EFA206880F833502068457090F810
:10DA5000381009B102201AE090F86410B1B1006EDC
:10DA6000814213D8022007F095FF206890F8220029
:10DA7000C00704D0A06843220188012003E04322AC
:10DA80004FF6FF710020BDE8704018E50020BDE8AA
:10DA9000704007F07FBF10B501280DD002280DD0CF
:10DAA00004280FD0FFDF7648006890F85E10BDE8CC
:10DAB0001040252006F0FEBB252000E0262006F0C1
:10DAC000D3FCF0E72720FAE702460020D30701D075
:10DAD000CB0705D0930705D58B0703D402207047E9
:10DAE000012070475207FCD54907FAD4042070473B
:10DAF0002DE9F041624C86B0206800B9FFDF206854
:10DB00004178E9BB0178FF2942D0002580F83150E7
:10DB1000A0F85A50857080F83850284606F09EFECE
:10DB2000182259496846FFF704FC684606F08AFE49
:10DB300006F0CCFB206890F95F0006F085FC5248A7
:10DB40001D3806F087FC5048203806F06CFE6068EF
:10DB500006F087FE2068002190F82400FFF7B4FF4C
:10DB6000FFF799FF206880F82C5006F071FE2068BE
:10DB700090F85E10002006F030FD0F21052000E037
:10DB800006E006F038FC206890F82E1051B902E04B
:10DB90000C2006B027E690F82F1019B990F8220053
:10DBA00040072BD504F009FC804620684146806878
:10DBB00005F004F9354F064690FBF7F007FB1060BF
:10DBC0004142404604F0CDF82168886096FBF7F0AA
:10DBD0004A68104448600BF0BFF821684A689042D8
:10DBE0000CD8C1E901580120FFF7C0FD206890F86A
:10DBF0002200400702D50120FFF795FD2068417BF8
:10DC00000E3006F0EAFB206890F85C1039B1B0F8ED
:10DC10005810A0F84810416D416480F85C5090F8AD
:10DC20005D1041B1B0F85010A0F84010C16C40F840
:10DC30003C1F80F821500BF0FCF8032160680BF0CA
:10DC40002FF9216881F833000020A2E70C49886091
:10DC500070472DE9F0410A4C0746002620683146FE
:10DC6000C57E6068068000F0D1FA2068408C1328D9
:10DC700040D00DDC102861D012280DD15CE00000EE
:10DC800064000020A4050020B0B1010040420F0054
:10DC9000152838D01D2836D0FFDF00BF00F0CAFAA3
:10DCA0002068418C1D2907D0152905D0B0F84820DF
:10DCB000416C60680BF028FD206890F82C1090F8FB
:10DCC0002400FFF701FF05463FB1FFF7E4FE012204
:10DCD0004FF49671002006F01EFD206890F82C107D
:10DCE000294380F82C1090F824208A434FF001013A
:10DCF00029D02DE0002160680BF0C4FC0121606890
:10DD000000F084FACAE7012160680BF0BBFC012136
:10DD1000606800F07BFAD4E9001025B11C310BF0EB
:10DD2000DDFC012104E015310BF0D8FC2068017DF9
:10DD300060680BF0E2FCB1E7062100E002216068B8
:10DD40000BF0A0FCAAE7428C1D2A0BD080F8311002
:10DD50004170418C13290ED007DC10290AD01229FA
:10DD600007D108E080F82C60F2E7152903D01D29BF
:10DD700001D0FFDF37E590F85E20BDE8F0410121DA
:10DD8000084606F05ABEF84810B50068417841B917
:10DD90000078FF2805D00021084600F059FA00203D
:10DDA00010BD00F03CFA0C2010BD2DE9F041EE4D05
:10DDB0000446174628680E4690F8660000B1FFDF5B
:10DDC0002968002F81F868704ED12088A1F86A0078
:10DDD0006088A1F88000A088A1F88200E088A1F8FE
:10DDE000840094F88C0181F8860091F82F0020B10E
:10DDF000487B0E3100F0FFF940B9296891F83000F6
:10DE000060B1487B0E3100F0EDF938B12868D0F8E8
:10DE10000E104167418AA0F8781003E02868476730
:10DE2000A0F878706968FF2E0878C0F380106076DB
:10DE3000D1F80300C4F81A00B1F80710E18314D038
:10DE4000296801F16E02C1F87A00E08BA1F87E002A
:10DE500030466D310AF099FF00B9FFDF286810F8ED
:10DE60006D1F41F002010170BDE42868C0F87A70AE
:10DE7000A0F87E70617E80F86D10D4F81A1040F81A
:10DE80006E1FE18B8180AEE470B5FFF7BEFDB64C2E
:10DE9000012538B13C22FF21A068FFF786FF2068EA
:10DEA00080F86650206890F82200C00704D0A0686F
:10DEB0003C220188012003E03C224FF6FF71002044
:10DEC000FFF7FDFA206880F8385070BDA649096850
:10DED00081F83200704770B5002507F0BAFC50B1E8
:10DEE000A14C20684178012908D0022901D00329DA
:10DEF00036D0FFDF70BDBDE8704093E58178002922
:10DF0000F8D1418C102913D090F8330020B106F0DD
:10DF100019F8402006F02DFD206890F822104907DE
:10DF200010D490F83610012904D0032902D002E061
:10DF3000002119E0102590F85E2045F00E01002028
:10DF400006F07BFD206890F8340008B106F054FD1F
:10DF50000021962006F0B1FC21680220487070BDB7
:10DF600081780029FBD18178BDE87040012000F064
:10DF70006FB957E510B57C4C206890F8340008B1B3
:10DF800000F07AF9206890F8330018B106F004FD2B
:10DF900005F0E6FF07F05DFC88B1206840780228B4
:10DFA00000D0FFDF0021012000F052F92068417805
:10DFB000002903D04078012800D0FFDF10BDBDE864
:10DFC00010402FE510B50AF0CBFE04460AF07DFFA5
:10DFD00038B120460AF052FE18B110210BF025F995
:10DFE00008B1002010BD012010BD2DE9F047DFF879
:10DFF00078910E460746032809D0FFF7F6FC044641
:10E00000D9F8000090F8320020B1012003E0FFF7BA
:10E01000F3FC04460020804606F018FA0546032F5C
:10E020002BD0012734EA080453D0D9F800004C461D
:10E0300090F8330068B10AF0E2FE30700146FF2824
:10E0400007D06068C01C0AF0B7FE30780AF0E1FE25
:10E05000054360680178C1F3801221680B7D9A4204
:10E0600005D10622C01C1531FFF736F938B1002062
:10E070003178FF290BD0D8B903E00227D2E701207D
:10E08000F6E7206890F82D00884211D008E038B1FA
:10E09000616811F8030BC0F38010FFF793FF38B1EC
:10E0A0000020216891F82210490703D5A0B910E09B
:10E0B0000120F6E785B92D4890F8360008B1B8423E
:10E0C00007D1616811F8030BC0F38010FFF77AFFE6
:10E0D00010B10020BDE8F0870120FBE7F8B5224C25
:10E0E0000746002520684078022800D0FFDF20681E
:10E0F00090F8340008B100F0BFF860680BF0E4FA63
:10E1000006460FB306F073F9F0B1052E1DD1606815
:10E1100090F8240000F01F00102816D9206890F80D
:10E12000350090B1FF208DF80000012569460520DB
:10E13000FFF75BFF40B1206880F8A05061682222A1
:10E14000A130C91CFFF7F5F815E060680BF0FCFA88
:10E1500088B1062E0FD2DFE806F00E0E0E030E0B6E
:10E1600000F0CDF806E0000064000020A4050020C7
:10E1700000F091F800B90125206890F8330018B13B
:10E1800006F00AFC05F0ECFE1DB10021012000F0B4
:10E190005FF820684178002906D04178012903D032
:10E1A0004078032800D0FFDFF8BD70B59F4E0546CC
:10E1B0000C463068807800280BD106F02FF8034613
:10E1C0003068214690F85E202846BDE8704007F090
:10E1D000C1BD70BD022803D0032801D000207047C4
:10E1E00001207047012802D14879800901D0002020
:10E1F000704701207047012806D148790121B1EB11
:10E20000901F01D101207047002070470278202321
:10E2100022F0200203EA41110A430270704710B550
:10E2200006F09AFB06F079FB06F0C8FABDE810404C
:10E2300006F0FFBA10B57D4C7D4960680BF048FAD6
:10E240007B480E38417B6068BDE810400BF04CBA4B
:10E25000764A10B5126892F831303BB1508C1D28C7
:10E2600000D1FFDFBDE81040FFF7DCBB002902D181
:10E27000BDE81040EDE410BD10B56C4C206837309F
:10E2800006F0C5FB18B921687F2081F83700BDE88A
:10E29000104006F0A7BB38B5FF208DF8000001251F
:10E2A00069460520FFF7A1FE30B3604C20688078F6
:10E2B00008BB6268A0681278417BC2F3401211402B
:10E2C0004173012100F04AF800229DF80010A06877
:10E2D000FFF76BFD2068012100F8661F82788188B6
:10E2E0000120FFF7ECF8216800204870FFF797FF46
:10E2F000012007F04FFB00E00025284638BD38B567
:10E30000FF208DF80000012569460320FFF76DFE10
:10E31000464C002820681CD090F8341031B190F899
:10E32000960018B99DF8000000F04CF860680021D4
:10E33000018004210BF0A6F9FFF77CFF2068B0F8FC
:10E340004020C16B60680BF0EFF921680320487032
:10E3500002E0807800B90025284638BD70B5334DFD
:10E360000446686850F80F2FC4F80E208288628235
:10E3700082792275C27962750289E282428962805D
:10E380008289A280C289E2800269A260027D227332
:10E39000427D02F01F022276407D400984F88C0104
:10E3A00084F8641084F86510002104F130000BF04B
:10E3B0002AFB286890F8651004F8661F90F85F0043
:10E3C000607070BD70B5194C0122216881F89620EB
:10E3D0000A7881F89720FF280DD001F19902983131
:10E3E0000AF0D3FC00B9FFDF206810F8981F41F055
:10E3F000020101700CE060680278C2F3801281F8BB
:10E400009820D0F8032041F8992FB0F807008880B1
:10E41000256895F837009F357F2800D1FFDF2068F9
:10E4200010F8371F29707F21017070BD6400002033
:10E43000B20500202DE9FC470C460646694600F06F
:10E4400010FF002860D1FFF7CAF8B0425CD0214627
:10E45000304608F0DEFF28BB019D95F82C01703591
:10E4600018B9287F08B1012000E00020814695F806
:10E4700039004FF000084FF0010AA0B195F83A00BA
:10E48000800710D584F8018084F800A084F8028009
:10E49000A68095F83B10A171A98F2181E98F618138
:10E4A00085F839802DE0304601F04DFF070000D19E
:10E4B000FFDF384601F06DF940B184F801800D218D
:10E4C0002170A680E08084F802A01AE0304601F0B6
:10E4D00028FF070000D1FFDFB9F1000F14D0384644
:10E4E00001F0AFF980B1304606F01EFD84F80180DE
:10E4F0000A21217084F80280A680697FA17185F8C5
:10E500001C800120BDE8FC870020FBE71CB56946A4
:10E5100000F0A7FE00B1FFDF684600F0AFFEF9494A
:10E5200000208968A1F8F2001CBD2DE9FC410446D9
:10E530000E46062001F06EFD00250746A84606445B
:10E5400017E02088401C80B22080B04202D34046B1
:10E55000A4F8008080B2B84204D3B04202D20020B6
:10E56000BDE8FC81694600F07CFE0028F8D06D1CF7
:10E57000EDB2AE42E5D84FF6FF7020801220EFE7F3
:10E5800010B506F043FD0AF026FBDF484FF6FF7199
:10E5900000234182818203701B2141804FF4A472C9
:10E5A0008280C180028103228275C2758272042436
:10E5B000C4728181C1810282837610BD70B5D14C55
:10E5C0000D466060217006F0ADFC00F063FEFFF7C1
:10E5D000D7FF207809F09EFD284607F04DFACA487B
:10E5E0002838FFF72DF82178606808F0F6FFBDE8BD
:10E5F00070400AF0F0BA10B501240AB1002010BD35
:10E6000021B1012903D00024204610BD02210BF0C6
:10E61000CBF8F9E7887800B90320C97801B903215C
:10E62000107019700020704730B587B0044600881C
:10E63000694600F016FE002806D1A08830B10128F6
:10E6400004D0022802D0122007B030BD05AB04AAC6
:10E6500021466846FFF7DEFF0400F5D1019901204D
:10E6600081F8C501019991F81012002539B9019975
:10E6700091F8C41119B9019991F8971009B13A2488
:10E6800015E00199039581F8C40101989DF81020C7
:10E6900080F8C621019B9DF8140083F8C7018DF80E
:10E6A0000C208DF80D0003AA01200AF0F4FE019859
:10E6B00080F8C5512046C7E710B504460020A17870
:10E6C00001B90120E2780AB940F0020000F0F6FD3D
:10E6D000002803D12046BDE81040A5E710BD70B565
:10E6E0000D4604460189002380880AF0C9FE696A44
:10E6F00081421DD2401A401CA1884008091A8AB2E2
:10E70000A2802189081A2081668895F86410104635
:10E710000AF08DFE864200D230466080E68895F889
:10E72000651020890AF083FE864200D23046E080E0
:10E7300070BDF0B585B00D46064603A900F091FD09
:10E7400000282AD104990022FB20B1F84E30FB2B7F
:10E7500000D30346B1F85040FB20FB2C00D3044605
:10E76000DFF8A8C19CE8811000900197CDF808C09F
:10E77000ADF80230ADF806406846FFF7B0FF6E8096
:10E78000BDF80400E880BDF808006881BDF802000B
:10E79000A880BDF806002881002005B0F0BD2DE955
:10E7A000F04186B004460088694600F05AFD002812
:10E7B00059D12189E08800F09BFD002853D1A18820
:10E7C000608800F095FD00284DD12189E08800F097
:10E7D00085FD002847D1A188608800F07FFD0600F4
:10E7E00041D1208802A9FFF7A4FF00B1FFDFBDF8E7
:10E7F000101062880920914235D3BDF80C10E288D0
:10E80000914230D3BDF81210BDF80E202389114477
:10E81000A2881A44914226D3019D01274FF0000897
:10E8200085F8BB71019890F8FC0105F5DD7508B11C
:10E830003A2615E0E08868806088E880218940F603
:10E840004800814200D30146A980A188814200D2BC
:10E8500008462881002228460199FFF740FF2F70C3
:10E8600085F80180304606B0BDE8F08197E710B525
:10E870000446FEF761FE002813D0207814280FD13B
:10E88000A07868B1A088062101F018FC40B100888A
:10E8900006F04AFBA088062101F022FC00B1FFDF50
:10E8A000012010BD2DE9F041060000D1FFDF164820
:10E8B000022114308046FFF738FE00B1FFDF124C12
:10E8C0000620A78A01F0A6FB0546A08AA84203D12C
:10E8D0003046FFF7CCFF20B9A08A3146FFF7AAFDEA
:10E8E00030B1304600F012FD0028EED10120BBE728
:10E8F00002214046FFF719FE10B9A08AB842E4D1C0
:10E900000020B1E77000002090060020C8B101008F
:10E9100010B500F083FC08B10C2010BD0AF096F988
:10E92000002010BD10B50446007818B1012801D0B0
:10E93000122010BD00F07DFC20B10AF0FDF908B1F5
:10E940000C2010BD207800F053FCE21D04F11703E9
:10E95000611CBDE810400AF09BB910B5044600F0F8
:10E960005DFC08B10C2010BD207818B1012801D041
:10E97000122010BD00F03CFC611C0AF041F908B106
:10E98000002010BD072010BD10B50AF0D9F908B15C
:10E99000002010BD302010BD10B5044600F049FC29
:10E9A00008B10C2010BD20460AF0C2F9002010BDAD
:10E9B00010B500F03EFC20B10AF0BEF908B10C2001
:10E9C00010BD0AF0A7F9002010BDFF2181704FF69D
:10E9D000FF718180F84949680A7882718A880281CA
:10E9E0004988418101214170002070471CB50024F5
:10E9F00012F1080F15D00CDC12F1280F11D012F112
:10EA0000140F0ED012F1100F0BD012F10C0F0CD10D
:10EA100007E012F1040F04D01AB1032A01D0042A2E
:10EA200003D1012804D0032806D0122420461CBD9F
:10EA30001046FEF7D0FFF9E708461446694600F095
:10EA400010FC08B10224F1E7019880F86740002427
:10EA5000ECE710B5134601220AF003FC002010BDBC
:10EA600010B5044600F0E5FB08B10C2010BD2146AE
:10EA7000002006F0CCFA002010BD10B5044607F0C7
:10EA800095F920B1207807F003F8002010BD0C2084
:10EA900010BD10B5044600F0CCFB08B10C2010BD31
:10EAA0002146012006F0B3FA002010BD38B5044617
:10EAB0004FF6FF70ADF80000A079E179884216D0DA
:10EAC0002079FEF78DFC90B16079FEF789FC70B17A
:10EAD0000022A07911460BF0DBFB40B90022E0795F
:10EAE00011460BF0D5FB10B9207A072801D9122066
:10EAF00038BD07F067F948B900216846FFF715FDF2
:10EB000020B1204605F0ADFB002038BD0C2038BDFB
:10EB10002DE9FC41817804461A2925D00EDC1629FE
:10EB20002DD2DFE801F02C2C2C2C2C212C2C2C2C81
:10EB30002C2C2C2C2C2C2C2C2C2121212A291ED0A5
:10EB40000BDCA1F11E010C2919D2DFE801F0181825
:10EB50001818181818181818180D3A3904290ED250
:10EB6000DFE801F00D020D022088B0F5706F06D2CB
:10EB70000127694600F075FB18B10220F0E412206D
:10EB8000EEE4019D68462E4605F5C87506F291161D
:10EB900000F05AFB08B1287808B10C20E0E42F708F
:10EBA000A0783070684600F069FB0020D8E41CB5FE
:10EBB0000C46694600F055FB002118B12160217117
:10EBC00002201CBD0198024610F1700080F842102E
:10EBD00093682360137B237190F84230002BF5D1AA
:10EBE00000201CBD10B5044600F023FB20B10AF044
:10EBF000A3F808B10C2010BD207800F0F9FAE279F2
:10EC0000611C0AF06EF908B1002010BD022010BD91
:10EC100010B5886E60B1002241F8682F0120CA71DA
:10EC2000897988400BF028FB002800D01F2010BDF8
:10EC30000C2010BD1CB50C46694600F012FB0028E4
:10EC400005D10198B0F87000401C208000201CBD48
:10EC50001CB504460088694600F003FB08B1022099
:10EC60001CBD606828B1DDE90001224600F09CFB74
:10EC70001CBDDDE90001FFF7CBFF1CBD10B500781E
:10EC8000012800D00020FEF7A1FE002010BDF0B545
:10EC900044888188C288038945898089A71F40F6F6
:10ECA0007B46B74215D28F1FB74212D28C4210D882
:10ECB000B2F5FA7F0DD2A3F10A04361FB44208D28E
:10ECC000521C4A43B2EB830F03DA854201D800207D
:10ECD000F0BD3020F0BDF8B515460E46044607F0ED
:10ECE00071F808B10C20F8BD204600F09CFB00280C
:10ECF000F9D1A078C1064FF01100F4D5E17D0329C8
:10ED0000F1D0FEF76DFE3070A07555B9FF208DF87B
:10ED1000000069460020FEF74DFE69460020FEF720
:10ED20003EFE2046BDE8F840FEF7BDBD0022D2E71A
:10ED30000078C10801D01220704720498876002051
:10ED4000704710B504460078C00704D1608810B140
:10ED5000FEF711FE80B12078618800F00102607832
:10ED600000F0ACFB002806D1FEF7FDFD01466088EF
:10ED7000884203D9072010BD122010BD6168FEF73C
:10ED800019FE002010BD10B504460078C00704D15C
:10ED9000608810B1FEF730FE90B12078618800F0F5
:10EDA0000102607800F08AFB002804D16088616865
:10EDB000FEF7F5FD002010BD700000209006002039
:10EDC0001220F8E77CB5044640784225012808D88F
:10EDD000A078FEF745FC20B120781225012802D04A
:10EDE00090B128467CBDFEF710FE20B1A088002817
:10EDF000F7D08028F5D8FEF70FFE60B160780028C4
:10EE0000EFD02078012808D006F07EF9044606F0FD
:10EE100009FE00287FD00C207CBDFEF762FC10B9F3
:10EE2000FEF7F1FD90B306F0CDFF0028F3D1FEF719
:10EE3000D6FBA0F57F41FF39EDD1FEF7D6FCA688C1
:10EE400042F210704643A079FEF79CFDFEF7CDFD1F
:10EE5000F8B10022062101A801F002F9040058D0FF
:10EE6000F7480021846020460AF01EF92046FEF78C
:10EE7000EDFEF44D04F13000AA89E989C2830184D2
:10EE8000FEF7CCFD60B1288A01210DE0FFE71220DA
:10EE90007CBD3146002006F0FEFD88B3FFDF44E074
:10EEA000FEF7BEFD0146288A06F090FE0146A062EC
:10EEB0000022204606F02BF9FEF7B0FD38B9FEF728
:10EEC000AFFD0246214601200AF0E3FAD0B1DD4A47
:10EED0002146163201200AF0DEFAE87A0090AB7A79
:10EEE000EA89A989208801F0A5F900B1FFDF20880F
:10EEF00006F019F83146204606F0CDFD00B1FFDFDF
:10EF000013E008E00621BDF8040001F0E9F800B1C3
:10EF1000FFDF09207CBD44B1208806F005F8208879
:10EF2000062101F0DDF800B1FFDF00207CBD0021EB
:10EF300048E770B50D46062101F0C0F8040003D083
:10EF400094F8930110B10AE0022070BD94F87D009E
:10EF5000142801D0152802D194F8E00108B10C2042
:10EF600070BD1022294604F5CA70FEF7E2F90120AF
:10EF700084F89301002070BD10B5062101F09EF8C1
:10EF800018B190F8931111B107E0022013E790F83F
:10EF90007D10142903D0152901D00C200BE7022184
:10EFA00080F89311002006E72DE9FC410D464BF651
:10EFB00080321221954213D895B1694600F051F97B
:10EFC00000280CD1019EB41C703627882A46394689
:10EFD00030460AF02AF82088B842F6D10020CDE564
:10EFE0000846CBE51CB504460088694600F039F9AF
:10EFF000002808D10199A378084691F82C20703197
:10F000009A4201D10C201CBD7F220A728A72002212
:10F01000CA72E17880F82D10217980F82E10A1783D
:10F0200080F82C1010461CBD1CB50C46694600F03B
:10F0300018F9002806D1019890F88C0000B1012041
:10F04000207000201CBD7CB50D461446694600F0BA
:10F0500008F9002805D1019890F82C00012801D06A
:10F060000C207CBD019890F87810297090F87900F8
:10F07000207000207CBD70B50D461646062101F0BB
:10F080001DF818B381880124C388428804EB410429
:10F09000AC4217D842F210746343A4106243B3FB2E
:10F0A000F2F2521E94B24FF4FA72944200D914460E
:10F0B000A54200D22C46491C641CB4FBF1F24A4321
:10F0C000521E91B290F8CC211AB901E0022070BD15
:10F0D00001843180002070BD10B50C46062100F07F
:10F0E000EDFF48B180F8FF4024B190F8FD1009B160
:10F0F00006F083FD00205EE602205CE6017899B10F
:10F10000417889B141881B290ED381881B290BD3F3
:10F11000C188022908D34B490268283941F8322FA7
:10F1200040684860002070471220704710B506F014
:10F130001EFD00203FE610B506F01CFD00203AE65B
:10F1400070B514460A46064600250121104606F011
:10F150003DFD002800D8284605460121304600F034
:10F160004EF806460121002000F049F8311801222E
:10F1700096318D4206D901F19600691AB1FBF0F083
:10F18000401C82B22280002070BD10B5044600F001
:10F1900050F808B10C200EE6601C09F08FFE2078B4
:10F1A00000F00100FEF7BAFA002004E610B50446AC
:10F1B000062000F021FF08B10C20FCE52078C007F4
:10F1C00010D00022607811460BF062F808B11220CE
:10F1D000F1E5A06808F073FD6078616808F078FDDB
:10F1E0000020E8E5002008F06AFD00210846F5E768
:10F1F00018B1022801D0012070470020704710B5D7
:10F20000012904D0022905D0FFDF2046D3E5C00044
:10F21000503001E080002C3084B2F6E710B506F0E3
:10F22000D1FD20B1FEF755FA08B10120C3E5002059
:10F23000C1E510B506F0C6FD002800D00120BAE5F2
:10F240007000002090060020416891F82C0191F890
:10F250008C1021B918B1042801D00120704700207A
:10F26000704710B50C46062100F028FF606018B109
:10F270000120207000209EE502209CE5416891F865
:10F28000FD20002A05D0002281F8FD20406806F00C
:10F29000B4BC704708B54FF6FF70ADF8000006E04B
:10F2A0000621BDF8000000F01BFF00B1FFDF0021C8
:10F2B0006846FFF73AF90028F2D008BD70B5144649
:10F2C0000546012200F00EF9002806D12146284605
:10F2D000BDE87040002200F005B970BDFB2803D8DE
:10F2E00040F64800814201D9112070470020704744
:10F2F0001B38E12806D2B1F5A47F03D344F2902055
:10F30000814201D912207047002070471FB58E49F5
:10F31000897ECA0702D10278192A0AD08A0702D444
:10F320000278182A24D0490739D40178122933D019
:10F3300035E04088ADF8000002A9FFF792FF00B168
:10F34000FFDF039810F8601F8DF8021040788DF8E9
:10F3500003000020ADF8040001B9FFDF9DF80300B1
:10F3600000B9FFDF6846FFF7A7F9D8B1FFDF19E062
:10F370004088ADF8000040F64800FB21ADF80400DD
:10F38000ADF80800ADF80210ADF806106846FFF7BA
:10F390006DFA38B1FFDF05E0007BC00702D0002026
:10F3A00004B008E50120FBE7F8B50646508914468D
:10F3B0000F4640B1B0F5004F05D20022A0781146AB
:10F3C0000AF066FF08B11220F8BDB86E394607F1A1
:10F3D000700530B1A07891F86E20904201D00C20D9
:10F3E000F8BD012081F86F00A07881F86E00606898
:10F3F00041F8680F608988802089A884002087F8F8
:10F400006F0020886946FFF715FCA88CBDF8001036
:10F41000081A00B2002804DD39463046FFF7F8FB31
:10F42000DDE70020F8BD38B504460078EF2841D864
:10F430006088ADF80000009800F061F888B361883A
:10F44000080708D4D4E90120824233D8202A31D3D6
:10F45000B0F5804F2ED8207B18B307282AD8607BC0
:10F4600028B1012803D0022801D0032822D14A075D
:10F4700003D4022801D0032805D1A07B08B10128BC
:10F4800018D1480707D4607D28B1012803D002288D
:10F4900001D003280ED1C806E07D03D5012809D18B
:10F4A00004E007E0012801D0032803D1E07E18B171
:10F4B000012801D0122038BD002038BD70B50C469F
:10F4C0000546FF2904D8FEF7A9FA18B11F2C01D967
:10F4D000122070BD2846FEF7C3F808B1002070BDA9
:10F4E000422070BD0AB1012200E00222024202D194
:10F4F000880802D109B1002070471120704780B2FE
:10F50000C1060BD401071CD481064FEAC07101D596
:10F51000B9B900E099B1800713D410E0410610D4C6
:10F5200081060ED4C1074FEA807104D0002902DBA6
:10F53000400704D405E0010703D4400701D40120AB
:10F5400070470020704700009006002030B5058805
:10F5500025F4004421448CB24FF4004194420AD275
:10F56000121B92B21B339A4201D2A94307E005F461
:10F570000041214303E0A21A92B2A9431143018042
:10F5800030BD0844083050434A31084480B27047C7
:10F5900070B51D4616460B46044629463046049A69
:10F5A000FFF7EFFF0646B34200D2FFDF282200211B
:10F5B0002046FDF7E8FE4FF6FF70A082283EB0B26D
:10F5C00065776080B0F5004F00D9FFDF618805F1F5
:10F5D0003C00814200D2FFDF60880835401B343890
:10F5E00080B220801B2800D21B2020800020A07722
:10F5F00070BD8161886170472DE9F05F0D46C1885B
:10F60000044600F12809008921F4004620F400484E
:10F6100000F063FB10B10020BDE8F09F4FF0000A3E
:10F620004FF0010BB0450CD9617FA8EB0600401AE2
:10F630000838854219DC09EB06000021058041806D
:10F640001AE06088617F801B471A083F0DD41B2F8A
:10F6500000DAFFDFBD4201DC294600E0B9B2681ADA
:10F660000204120C04D0424502DD84F817A0D2E750
:10F6700009EB06000180428084F817B0CCE770B532
:10F68000044600F12802C088E37D20F400402BB13D
:10F6900010440288438813448B4201D2002070BD7D
:10F6A00000258A4202D30180458008E0891A0904B6
:10F6B000090C418003D0A01D00F01FFB08E0637F10
:10F6C00000880833184481B26288A01DFFF73EFF0E
:10F6D000E575012070BD70B5034600F12804C588AA
:10F6E000808820F400462644A84202D100201882D7
:10F6F00070BD98893588A84206D3401B75882D1A9D
:10F700002044ADB2C01E05E02C1AA5B25C7F204497
:10F710003044401D0C88AC4200D90D809C8924B136
:10F72000002414700988198270BD0124F9E770B5AE
:10F73000044600F12801808820F400404518208A02
:10F74000002825D0A189084480B2A08129886A8830
:10F750001144814200D2FFDF2888698800260844CE
:10F76000A189884212D1A069807F2871698819B166
:10F77000201D00F0C2FA08E0637F2888083318448F
:10F7800081B26288201DFFF7E1FEA681268201205A
:10F7900070BD2DE9F041418987880026044600F1BB
:10F7A0002805B94219D004F10A0800BF21F400402D
:10F7B0002844418819B1404600F09FFA08E0637F71
:10F7C00000880833184481B262884046FFF7BEFEC5
:10F7D000761C6189B6B2B942E8D13046BDE8F08105
:10F7E0002DE9F04104460B4627892830A68827F4E6
:10F7F0000041B4F80A8001440D46B74201D100200F
:10F80000ECE70AB1481D106023B1627F691D1846FC
:10F81000FDF78FFD2E88698804F1080021B18A194F
:10F8200096B200F06AFA06E0637F6288083399199D
:10F8300089B2FFF78BFE474501D1208960813046B0
:10F84000CCE78188C088814201D101207047002027
:10F85000704701898088814201D1012070470020D2
:10F86000704770B58588C38800F1280425F40042EC
:10F8700023F4004114449D421AD08389058A5E19FD
:10F8800025886388EC18A64214D313B18B4211D398
:10F890000EE0437F08325C192244408892B2801AFD
:10F8A00080B22333984201D211B103E08A4201D1E0
:10F8B000002070BD012070BD2DE9F0478846C18849
:10F8C0000446008921F4004604F1280720F400458D
:10F8D00007EB060900F001FA002178BBB54204D914
:10F8E000627FA81B801A002503E06088627F801B6E
:10F8F000801A083823D4E28962B1B9F80020B9F837
:10F9000002303BB1E81A2177404518DBE0893844E2
:10F91000801A09E0801A217740450ADB607FE1897F
:10F920000830304439440844C01EA4F81280BDE8B1
:10F93000F087454503DB01202077E7E7FFE7618299
:10F940000020F4E72DE9F74F044600F12805C088B0
:10F95000884620F4004A608A05EB0A0608B1404553
:10F9600002D20020BDE8FE8FE08978B13788B6F872
:10F97000029007EB0901884200D0FFDF207F4FF0A3
:10F98000000B50EA090106D088B33BE00027A07FB6
:10F99000B9463071F2E7E18959B1607F29440830F6
:10F9A00050440844B4F81F1020F8031D94F82110A7
:10F9B0008170E28907EB080002EB0801E1813080E9
:10F9C000A6F802B002985F4650B1637F30880833D2
:10F9D000184481B26288A01DFFF7B8FDE78121E0DD
:10F9E000607FE18908305044294408442DE0FFE756
:10F9F000E089B4F81F102844C01B20F8031D94F8B8
:10FA00002110817009EB0800E28981B202EB080045
:10FA1000E081378071800298A0B1A01D00F06DF9DF
:10FA2000A4F80EB0A07F401CA077A07D08B1E088AC
:10FA3000A08284F816B000BFA4F812B084F817B002
:10FA400001208FE7E0892844C01B30F8031DA4F88B
:10FA50001F10807884F82100EEE710B5818800F14E
:10FA6000280321F400442344848AC288A14212D08E
:10FA7000914210D0818971B9826972B11046FFF745
:10FA8000E8FE50B91089283220F40040104419795A
:10FA90000079884201D1002010BD184610BD00F148
:10FAA0002803407F08300844C01E1060088808B949
:10FAB000DB1E136008884988084480B270472DE92E
:10FAC000F04100F12806407F1C460830904643185C
:10FAD00008884D88069ADB1EA0B1C01C80B29042F7
:10FAE00014D9801AA04200DB204687B298183A4603
:10FAF0004146FDF7F1FB002816D1E01B84B2B84463
:10FB0000002005E0ED1CADB2F61EE8E7101A80B249
:10FB10000119A94206D8304422464146BDE8F041C9
:10FB2000FDF7DABB4FF0FF3058E62DE9F04100F168
:10FB30002804407F1E460830904643180025088858
:10FB40004F88069ADB1E90B1C01C80B2904212D939
:10FB5000801AB04200DB304685B299182A464046EA
:10FB6000FDF7E7FB701B86B2A844002005E0FF1CF0
:10FB7000BFB2E41EEAE7101A80B28119B94206D872
:10FB8000211832464046FDF7D4FBA81985B2284615
:10FB900024E62DE9F04100F12804407F1E4608309C
:10FBA00090464318002508884F88069ADB1E90B1BE
:10FBB000C01C80B2904212D9801AB04200DB30469D
:10FBC00085B298182A464146FDF7B3FB701B86B2F2
:10FBD000A844002005E0FF1CBFB2E41EEAE7101AAB
:10FBE00080B28119B94206D8204432464146FDF719
:10FBF000A0FBA81985B22846F0E5401D704710B556
:10FC0000044600F12801C288808820F4004319448A
:10FC1000904206D0A28922B9228A12B9A28A9042C1
:10FC200001D1002010BD0888498831B1201D00F0A5
:10FC300064F800202082012010BD637F62880833B1
:10FC4000184481B2201DFFF781FCF2E70021C18139
:10FC500001774182C1758175704703881380C2891D
:10FC600042B1C28822F4004300F128021A440A601B
:10FC7000C08970470020704710B50446808AA0F5FF
:10FC80007F41FF3900D0FFDFE088A082E08900B12A
:10FC90000120A07510BD4FF6FF7181820021817592
:10FCA000704710B50446808AA0F57F41FF3900D126
:10FCB000FFDFA07D28B9A088A18A884201D1002059
:10FCC00010BD012010BD8188828A914201D1807DC2
:10FCD00008B1002070470120704720F4004221F451
:10FCE00000439A4207D100F4004001F400418842E9
:10FCF00001D0012070470020704730B504460088CD
:10FD00000D4620F40040A84200D2FFDF21884FF4C6
:10FD1000004088432843208030BD70B50C00054664
:10FD200009D0082C00D2FFDF1DB1A1B2286800F075
:10FD300044F8201D70BD0DB100202860002070BD6A
:10FD40000021026803E093881268194489B2002AEE
:10FD5000F9D100F032B870B500260D4604460829E6
:10FD600000D2FFDF206808B91EE0044620688188C1
:10FD7000A94202D001680029F7D181880646A9422C
:10FD800001D100680DE005F1080293B2002299420A
:10FD900009D32844491B02608180216809682160D9
:10FDA0000160206000E00026304670BD00230B603B
:10FDB0008A8002680A600160704700234360021D68
:10FDC000018102607047F0B50F46018840881546F2
:10FDD0000C181E46AC4200D3641B3044A84200D924
:10FDE000FFDFA019A84200D9FFDF3819F0BD2DE9C7
:10FDF000F041884606460188408815460C181F4683
:10FE0000AC4200D3641B3844A84200D9FFDFE0199C
:10FE1000A84200D9FFDF70883844708008EB0400E6
:10FE2000BDE8F0812DE9F041054600881E461746E1
:10FE3000841B8846BC4200D33C442C8068883044F4
:10FE4000B84200D9FFDFA019B84200D9FFDF6888A7
:10FE50003044688008EB0400E2E72DE9F0410688B1
:10FE60001D460446701980B2174688462080B84265
:10FE700001D3C01B20806088A84200D2FFDF701928
:10FE8000B84200D9FFDF6088401B608008EB0600A5
:10FE9000C6E730B50D460188CC18944200D3A41AA9
:10FEA0004088984200D8FFDF281930BD2DE9F04185
:10FEB000BF4D04469046A8780E46A04200D8FFDF0A
:10FEC00005EB8607786A50F8240000B1FFDFB868B8
:10FED000002816D0304600F032F90146B868FFF726
:10FEE0003AFF05000CD0786A072E40F8245000D362
:10FEF000FFDFB0484246294650F826302046984752
:10FF00002846BDE8F0812DE9F84305000C46009530
:10FF100024D00026E81C20F00300A84200D0FFDF18
:10FF2000DFF88C820027314688F8007088F801409D
:10FF300088F8024088F8034088F8044088F80540B3
:10FF400088F80640684600F003F900204246009910
:10FF5000C91C21F00301009116B10FE00126D9E779
:10FF600002EB80035962002106E000BFD3F824C0F1
:10FF70004CF82170491CC9B2A142F7D30099401C2A
:10FF800001EB8401C0B200910728E0D3481BBDE813
:10FF9000F88310B50446F1F774F908B1102010BDCC
:10FFA0002078834A618802EB800092780EE0436AF1
:10FFB00053F8213043B14A1C6280A180406A50F856
:10FFC0002100A060002010BD491C89B28A42EED8F1
:10FFD0006180052010BD70B505460C460846F1F756
:10FFE00050F908B1102070BD072D01D3072070BD56
:10FFF00025700020608070BD0EB56946FFF7EBFFED
:020000021000EC
:1000000000B1FFDF6846FFF7C4FF08B100200EBD56
:1000100001200EBD10B50446072800D3FFDF644859
:10002000005D10BD3EB5054600246946FFF7D3FFCD
:1000300018B1FFDF01E0641CE4B26846FFF7A9FFD6
:100040000028F8D02846FFF7E5FF001BC0B23EBDF0
:1000500057498978814201D9C0B27047FF20704763
:100060002DE9F04106291BD1514C00273B464FF6A4
:10007000FF7604EB810514F801C00AE0DC19D5F81D
:1000800024E0A4B25EF824E0BEF1000F04D05B1CB3
:100090009BB29C45F2D8344604802046B44201D13C
:1000A00000202EE7BDE8F04100E7A0F57F43FF3BCD
:1000B00001D0072901D300207047F7E6A0F57F4261
:1000C000FF3A0BD0072909D2394A9378834205D9E0
:1000D00002EB8101496A51F8200070470020704707
:1000E0002DE9F04104460D46A4F57F4143F202009C
:1000F000FF3902D0072D01D3072002E72C494FF02A
:1001000000088A78A242F8D901EB8506726A52F893
:100110002470002FF1D0274839461C3050F8252094
:1001200020469047716A284641F8248000F007F87D
:1001300002463946B068FFF739FE0020E1E61D4966
:10014000383131F810004FF6FC71C01C0840704780
:100150002DE9F843164E8846054600242868C01C41
:1001600020F0030028602046FFF7E9FF315D484397
:10017000B8F1000F01D0002200E02A680146009289
:1001800032B100274FEA0D00FFF7C7FD1FB106E0AF
:1001900001270020F8E706EB8401009A8A602968AD
:1001A000641C0844E4B22860072CD7D3EFE60000B3
:1001B000AC060020D4B1010070B50E461D461146B4
:1001C00000F0D5F804462946304600F0D9F820441E
:1001D000001D70BD2DE9F04190460D4604004FF022
:1001E000000610D00027E01C20F00300A04200D041
:1001F000FFDFE5B141460020FFF78FFD0C3000EB3B
:10020000850617B113E00127EDE7624F04F10C00FA
:10021000AA003C602572606000EB85002060002130
:100220006068FDF7B0F841463868FFF776FD304664
:10023000BDE8F0812DE9FF4F564C804681B0206823
:100240009A46934600B9FFDF2068027A424503D9F7
:10025000416851F8280020B143F2020005B0BDE822
:10026000F08F5146029800F082F886B258460E99F7
:1002700000F086F885B27019001D87B22068A1468B
:1002800039460068FFF767FD04001FD067802580AE
:100290002946201D0E9D07465A4601230095FFF76B
:1002A00077F92088314638440123029ACDF800A01E
:1002B000FFF76EF92088C1193846FFF79AF9D9F887
:1002C00000004168002041F82840C7E70420C5E746
:1002D00070B5304C0546206800B9FFDF2068017A10
:1002E000A9420ED9426852F8251051B1002342F8B4
:1002F00025304A880068FFF759FD216800200A7AF6
:1003000008E043F2020070BD4B6853F8203033B967
:10031000401CC0B28242F7D80868FFF711FD0020E8
:1003200070BD70B51B4E05460024306800B9FFDF74
:100330003068017AA94204D9406850F8250000B11C
:10034000041D204670BD70B5124E0546002430686D
:1003500000B9FFDF3068017AA94206D9406850F839
:10036000251011B131F8040B4418204670BD10B5AA
:100370000A460121FFF705F9C01C20F0030010BD5B
:1003800010B50A460121FFF7FCF8C01C20F003005D
:1003900010BD00007C00002070B50446C2F11005BD
:1003A0002819FCF7C6FF15F0FF0109D0491ECAB293
:1003B0008020A0542046BDE870400021FCF7E3BF38
:1003C00070BD30B505E05B1EDBB2CC5CD55C6C402B
:1003D000C454002BF7D130BD10B5002409E00B78D0
:1003E000521E44EA430300F8013B11F8013BD2B22C
:1003F000DC09002AF3D110BD2DE9F04389B01E4677
:10040000DDE9107990460D00044622D002460846E8
:10041000F949FEF71EFB102221463846FFF7DCFFA4
:10042000E07B000606D5F44A394610231032084610
:10043000FFF7C7FF102239464846FFF7CDFFF87B8C
:10044000000606D5EC4A4946102310320846FFF74D
:10045000B8FF102200212046FCF795FF0DE0103E6A
:10046000B6B208EB0601102322466846FFF7A9FF43
:10047000224628466946FEF7ECFA102EEFD818D02F
:10048000F2B241466846FFF787FF10234A466946A5
:1004900004A8FFF796FF1023224604A96846FFF739
:1004A00090FF224628466946FEF7D3FA09B0BDE818
:1004B000F08310233A464146EAE770B59CB01E46E9
:1004C0000546134620980C468DF808002022194650
:1004D0000DF10900FCF72DFF202221460DF1290026
:1004E000FCF727FF17A913A8CDE90001412302AAB1
:1004F00031462846FFF780FF1CB070BD2DE9FF4F45
:100500009FB014AEDDE92D5410AFBB49CDE90076A4
:10051000202320311AA8FFF76FFF4FF000088DF855
:1005200008804FF001098DF8099054F8010FCDF8BB
:100530000A00A088ADF80E0014F8010C1022C0F3D8
:1005400040008DF8100055F8010FCDF81100A88873
:10055000ADF8150015F8010C2C99C0F340008DF88A
:10056000170006A88246FCF7E4FE0AA8834610227C
:100570002299FCF7DEFEA0483523083802AA40681D
:100580008DF83C80CDE900760E901AA91F98FFF7F0
:1005900033FF8DF808808DF809902068CDF80A00A7
:1005A000A088ADF80E0014F8010C1022C0F3400032
:1005B0008DF810002868CDF81100A888ADF8150056
:1005C00015F8010C2C99C0F340008DF81700504627
:1005D000FCF7AFFE584610222299FCF7AAFE864887
:1005E0003523083802AA40688DF83C90CDE90076A2
:1005F0000E901AA92098FFF7FFFE23B0BDE8F08FF8
:10060000F0B59BB00C460546DDE922101E461746A4
:10061000DDE92032D0F801C0CDF808C0B0F805C03F
:10062000ADF80CC00078C0F340008DF80E00D1F892
:100630000100CDF80F00B1F80500ADF813000878FF
:100640001946C0F340008DF815001088ADF816006B
:1006500090788DF818000DF119001022FCF769FE52
:100660000DF1290010223146FCF763FE0DF139002F
:1006700010223946FCF75DFE17A913A8CDE9000149
:10068000412302AA21462846FFF7B6FE1BB0F0BD63
:10069000F0B5A3B017460D4604461E46102202A828
:1006A0002899FCF746FE06A820223946FCF741FEB1
:1006B0000EA820222946FCF73CFE1EA91AA8CDE967
:1006C0000001502302AA314616A8FFF795FE16989E
:1006D000206023B0F0BDF0B589B00446DDE90E0717
:1006E0000D463978109EC1F340018DF80010317825
:1006F0009446C1F340018DF801101968CDF802103D
:100700009988ADF8061099798DF808100168CDF830
:1007100009108188ADF80D1080798DF80F00102335
:100720006A46614604A8FFF74CFE2246284604A903
:10073000FEF78FF9D6F801000090B6F80500ADF885
:100740000400D7F80100CDF80600B7F80500ADF8B1
:100750000A000020039010236A46214604A8FFF7F0
:1007600030FE2246284604A9FEF773F909B0F0BD11
:100770001FB51C6800945B6801931368029352686C
:100780000392024608466946FEF763F91FBD10B59D
:1007900088B00446106804905068059000200690C8
:1007A000079008466A4604A9FEF753F9BDF8000011
:1007B000208008B010BD1FB51288ADF800201A883F
:1007C000ADF80220002201920292039202460846EE
:1007D0006946FEF73EF91FBD7FB5074B1446054637
:1007E000083B9A1C6846FFF7E6FF22466946284602
:1007F000FFF7CDFF7FBD000022B2010070B50446B7
:1008000000780E46012813D0052802D0092813D1FC
:100810000EE0A06861690578042003F07FFA052DD9
:100820000AD0782300220420616903F0CDF903E0A7
:100830000420616903F072FA31462046BDE8704039
:1008400001F08AB810B500F12D03C2799C78411DE2
:10085000144064F30102C271D2070DD04A795C7969
:1008600022404A710A791B791A400A718278C97844
:100870008A4200D9817010BD00224A71F5E74178A3
:10088000012900D00C21017070472DE9F04F93B081
:100890004FF0000B0C690D468DF820B00978012649
:1008A0000C2017464FF00D084FF0110A4FF00809C1
:1008B0001B2975D2DFE811F01B00C40207031F03D8
:1008C0005E037103A303B803F9031A0462049504D9
:1008D000A204EF042D05370555056005F30536061E
:1008E000390668068406FE062207EB06F00614B1F8
:1008F00020781D282AD0D5F808805FEA08004FD05C
:1009000001208DF82000686A02220D908DF82420C5
:100910000A208DF82500A8690A90A8880028EED042
:1009200098F8001091B10F2910D27DD2DFE801F0C4
:100930007C1349DEFCFBFAF9F8F738089CF6F50061
:1009400002282DD124B120780C2801D00026F0E314
:100950008DF82020CBE10420696A03F0DFF9A88834
:100960000728EED1204600F0F2FF022809D02046E9
:1009700000F0EDFF032807D9204600F0E8FF072824
:1009800002D20120207004E0002CB8D02078012889
:10099000D7D198F80400C11F0A2902D30A2061E0C8
:1009A000C4E1A070D8F80010E162B8F80410218604
:1009B00098F8060084F83200012028700320207087
:1009C00044E00728BDD1002C99D020780D28B8D15B
:1009D00098F8031094F82F20C1F3C000C2F3C002AE
:1009E000104201D0062000E00720890707D198F8BF
:1009F00005100142D2D198F806100142CED194F8E8
:100A0000312098F8051020EA02021142C6D194F86C
:100A1000322098F8061090430142BFD198F80400A4
:100A2000C11F0A29BAD200E008E2617D81427CD868
:100A3000D8F800106160B8F80410218198F8060019
:100A4000A072012028700E20207003208DF8200055
:100A5000686A0D9004F12D000990601D0A900F3016
:100A60000B9022E12875FCE3412891D1204600F04B
:100A70006EFF042802D1E078C00704D1204600F0C0
:100A800066FF0F2884D1A88CD5F80C8080B24FF077
:100A9000400BE669FFF745FC324641465B464E4651
:100AA000CDF80090FFF741F80B208DF82000686A20
:100AB0000D90E0690990002108A8FFF79FFE2078BB
:100AC000042806D0A07D58B1012809D003280AD0F7
:100AD0004AE305202070032028708DF82060CEE1C5
:100AE00084F800A032E712202070EAE11128BCD17E
:100AF000204600F02CFF042802D1E078C00719D06E
:100B0000204600F024FF062805D1E078C00711D167
:100B1000A07D02280ED0204608E0CCE084E072E1FF
:100B200051E124E103E1E9E019E0B0E100F00FFF59
:100B300011289AD1102208F1010104F13C00FCF7C0
:100B4000F8FB607801286ED012202070E078C00792
:100B500060D0A07D0028C8D00128C6D05AE0112856
:100B600090D1204600F0F3FE082804D0204600F083
:100B7000EEFE132886D104F16C00102208F1010169
:100B80000646FCF7D6FB207808280DD014202070EC
:100B9000E178C8070DD0A07D02280AD06278022A29
:100BA00004D00328A1D035E00920F0E708B10128DE
:100BB00037D1C80713D0A07D02281DD00020009097
:100BC000D4E9062133460EA8FFF777FC10220EA9C0
:100BD00004F13C00FCF780FBC8B1042042E7D4E9F3
:100BE0000912201D8DE8070004F12C0332460EA8DF
:100BF000616BFFF770FDE9E7606BC1F34401491ECB
:100C00000068C84000F0010040F08000D7E720787D
:100C1000092806D185F800908DF8209036E32870D9
:100C2000EFE30920FBE79EE1112899D1204600F06F
:100C30008EFE0A2802D1E078C00704D1204600F0D9
:100C400086FE15288CD104F13C00102208F1010128
:100C50000646FCF76EFB20780A2816D01620207076
:100C6000D4E90932606B611D8DE80F0004F15C036B
:100C700004F16C0247310EA8FFF7C2FC10220EA946
:100C80003046FCF729FB18B1F9E20B20207073E223
:100C90002046FFF7D7FDA078216AC0F110020B189B
:100CA00000211846FCF76FFB26E3394608A8FFF73A
:100CB000A5FD06463CE20228B7D1204600F047FEDB
:100CC000042804D3204600F042FE082809D3204619
:100CD00000F03DFE0E2829D3204600F038FE1228F1
:100CE00024D2A07D0228A0D10E208DF82000686AB1
:100CF0000D9098F801008DF82400F5E3022894D1B6
:100D0000204600F024FE002810D0204600F01FFEF0
:100D10000128F9D0204600F01AFE0C28F4D0042057
:100D20008DF8240098F801008DF8250060E2112864
:100D3000FCD1002CFAD020781728F7D16178606AAE
:100D4000022912D05FF0000101EB4101182606EBE9
:100D5000C1011022405808F10101FCF7EAFA042011
:100D6000696A00F0E7FD2670F0E50121ECE70B2849
:100D7000DCD1002CDAD020781828D7D16078616ACD
:100D800002281CD05FF0000000EB4002102000EBB6
:100D9000C2000958B8F8010008806078616A02282A
:100DA0000FD0002000EB4002142000EBC2000958D5
:100DB000404650F8032F0A604068486039E001203F
:100DC000E2E70120EEE71128B0D1002CAED0207868
:100DD0001928ABD16178606A022912D05FF0000156
:100DE00001EB41011C2202EBC1011022405808F125
:100DF0000101FCF79EFA0420696A00F09BFD1A20AD
:100E0000B6E00121ECE7082890D1002C8ED02078A4
:100E10001A288BD1606A98F80120017862F34701A3
:100E20000170616AD8F8022041F8012FB8F8060075
:100E300088800420696A00F07DFD90E2072011E6B9
:100E40003878012894D1182204F114007968FCF74D
:100E500070FAE079C10894F82F0001EAD001E07837
:100E600061F30000E070217D002974D1217803290D
:100E700009D0C00725D0032028708DF82090686A1B
:100E80000D90412008E3607DA178884201D90620B9
:100E9000E8E502262671E179204621F0E001E171C2
:100EA000617A21F0F0016172A17A21F0F001A17262
:100EB000FFF7C8FC2E708DF82090686A0D9007200F
:100EC000EAE20420ABE6387805289DD18DF82000B1
:100ED000686A0D90B8680A900720ADF824000A9857
:100EE0008DF830B06168016021898180A17A8171BB
:100EF00004202070F8E23978052985D18DF820107A
:100F0000696A0D91391D09AE0EC986E80E004121AE
:100F1000ADF824108DF830B01070A88CD7F80C8084
:100F200080B24026A769FFF70EFA41463A4633469B
:100F3000C846CDF80090FEF72CFE002108A8FFF768
:100F40005DFCE07820F03E00801CE07020780528F1
:100F500002D00F200CE04AE1A07D20B1012802D090
:100F6000032802D002E10720BEE584F80080EDE40A
:100F70002070EBE4102104F15C0002F0E8FB606BF0
:100F8000B0BBA07D18B1012801D00520FDE00620EE
:100F90002870F8486063A063C2E23878022894D1D0
:100FA000387908B12875B7E3A07D022802D003285C
:100FB00005D022E0B8680028F5D060631CE06078B6
:100FC000012806D0A07994F82E10012805D0E94810
:100FD00006E0A17994F82E00F7E7B8680028E2D07F
:100FE0006063E078C00701D0012902D0E14803E046
:100FF00003E0F8680028D6D0A06306200FE68DF83D
:101000002090696A0D91E1784846C90709D0617856
:10101000022903D1A17D29B1012903D0A17D032992
:1010200000D00720287033E138780528BBD120781C
:1010300007281ED084F800A005208DF82000686ADB
:101040000D90B8680A90ADF824A08DF830B0032157
:101050000170E178CA070FD0A27D022A1AD00021C0
:101060000091D4E9061204F15C03401CFFF725FA55
:101070006BE384F80090DFE7D4E90923211D8DE8B4
:101080000E0004F12C0304F15C02401C616BFFF7BD
:1010900022FB5AE3626BC1F34401491E1268CA4045
:1010A00002F0010141F08001DAE738780528BDD16E
:1010B0008DF82000686A0D90B8680A90ADF824A0F9
:1010C0008DF830B0042100F8011B102204F15C01FE
:1010D000FCF72FF9002108A8FFF790FB20780928DA
:1010E00001D0132044E70A2020709AE5E078C10778
:1010F00042D0A17D012902D0022927D038E06178B1
:1011000008A8012916D004F16C010091D4E9061257
:1011100004F15C03001DFFF7BBFA0A2028700326C8
:101120008DF82080686A0D90002108A8FFF766FB03
:10113000E1E2C7E204F15C010091D4E9062104F187
:101140006C03001DFFF7A4FA0026E9E7C0F3440191
:1011500014290DD24FF0006101EBB0104FEAB060DE
:10116000E0706078012801D01020BDE40620FFE681
:10117000607801283FF4B6AC0A2050E5E178C90751
:1011800008D0A17D012903D10B202870042030E074
:1011900028702EE00E2028706078616B012818D02E
:1011A00004F15C0304F16C020EA8FFF7E1FA20469B
:1011B000FFF748FBA0780EAEC0F1100230440021CA
:1011C000FCF7E1F806208DF82000686A09960D907A
:1011D0009BE004F16C0304F15C020EA8FFF7C8FA6F
:1011E000E8E73978022903D139790029D0D0297567
:1011F00092E28DF82000686A0D9056E5387807284D
:10120000F6D1D4E909216078012808D004F16C00F6
:10121000CDE90002029105D104F16C0304E004F170
:101220005C00F5E704F15C0304F14C007A680646C3
:10123000216AFFF763F96078012822D1A078216A3A
:10124000C0F110020B1800211846FCF79CF8D4E9F5
:101250000923606B04F12D018DE80F0004F15C039C
:1012600000E05BE204F16C0231460EA8FFF7C8F91A
:1012700010220EA904F13C00FCF72EF808B10B2057
:10128000ACE485F8008000BF8DF82090686A0D906E
:101290008DF824A009E538780528A9D18DF820001B
:1012A000686A0D90B8680A90ADF824A08DF830B047
:1012B00080F80080617801291AD0D4E9092104F16D
:1012C0002D03A66B03910096CDE9013204F16C0366
:1012D00004F15C0204F14C01401CFFF791F900217C
:1012E00008A8FFF78BFA6078012805D015203FE6A3
:1012F000D4E90912631DE4E70E20287006208DF85A
:101300002000686ACDF824B00D90A0788DF82800F0
:10131000CBE438780328C0D1E079C00770D00F2023
:101320002870072065E7387804286BD11422391D0E
:1013300004F11400FBF7FDFF616A208CA1F809009D
:10134000616AA078C871E179626A01F003011172E3
:10135000616A627A0A73616AA07A81F824001620B1
:101360005DE485F800A08DF82090696A50460D91E3
:1013700092E0000022B201003878052842D1B86816
:10138000A8616178606A022901D0012100E0002192
:1013900001EB4101142606EBC1014058082102F07F
:1013A000D6F96178606A022901D0012100E00021AC
:1013B00001EB410106EBC101425802A8E169FFF7C8
:1013C0000BFA6078626A022801D0012000E0002058
:1013D00000EB4001102000EBC1000223105802A9CD
:1013E0000932FEF7EEFF626AFD4B0EA80932A169D1
:1013F000FFF7E1F96178606A022904D0012103E076
:1014000044E18DE0BFE0002101EB4101182606EB2D
:10141000C101A27840580EA9FBF78BFF6178606A82
:10142000022901D0012100E0002101EB410106EB7E
:10143000C1014158A0780B18C0F1100200211846D4
:10144000FBF7A1FF05208DF82000686A0D90A869C0
:101450000A90ADF824A08DF830B0062101706278B2
:10146000616A022A01D0012200E0002202EB42025E
:1014700006EBC202401C89581022FBF75AFF0021DC
:1014800008A8FFF7BBF91220C5F818B028708DF82E
:101490002090686A0D900B208DF8240005E43878C0
:1014A000052870D18DF82000686A0D90B8680A9000
:1014B0000B20ADF824000A98072101706178626A58
:1014C000022901D0012100E0002101EB410310219C
:1014D00001EBC30151580988A0F801106178626AD4
:1014E000022902D0012101E02FE1002101EB41039B
:1014F000142101EBC30151580A6840F8032F4968D1
:10150000416059E01920287001208DF8300074E600
:10151000162028708DF830B0002108A8FFF76EF96A
:10152000032617E114202870AEE6387805282AD162
:101530008DF82000686A0D90B8680A90ADF824A074
:101540008DF830B080F800906278616A4E46022AC9
:1015500001D0012200E0002202EB42021C2303EB37
:10156000C202401C89581022FBF7E3FE002108A8A4
:10157000FFF744F9152028708DF82060686A0D90F7
:101580008DF8246039E680E0387805287DD18DF823
:101590002000686A0D90B8680A90ADF8249009217F
:1015A00001706169097849084170616951F8012F3A
:1015B000C0F802208988C18020781C28A8D1A1E722
:1015C000E078C00702D04FF0060C01E04FF0070CA6
:1015D000607802280AD000BF4FF0000000EB040141
:1015E00001F1090105D04FF0010004E04FF00100C6
:1015F000F4E74FF000000B78204413EA0C030B7063
:1016000010F8092F02EA0C02027004D14FF01B0CF3
:1016100084F800C0D2B394F801C0BCF1010F00D02F
:101620009BB990F800C0E0465FEACC7C04D028F07B
:1016300001060670102606E05FEA887C05D528F0D2
:101640000206067013262E70032694F801C0BCF122
:10165000020F00D092B991F800C05FEACC7804D0B4
:101660002CF001060E70172106E05FEA8C7805D594
:101670002CF002060E701921217000260078D0BBD4
:10168000CAB3C3BB1C20207035E012E002E03878FA
:10169000062841D11A2015E4207801283CD00C28D6
:1016A0003AD02046FFF7EBF809208DF82000686A51
:1016B0000D9031E03878052805D0062038700326D3
:1016C0001820287046E005208DF82000696A0D91E9
:1016D000B9680A910221ADF8241001218DF830106B
:1016E0000A990870287D4870394608A8FFF786F8DF
:1016F000064618202870012E0ED02BE001208DF810
:101700002000686A0D9003208DF82400287D8DF854
:10171000250085F814B012E0287D80B11D202070CE
:10172000172028708DF82090686A0D9002208DF89F
:101730002400394608A8FFF761F806460AE00CB114
:10174000FE2020709DF8200020B1002108A8FFF79E
:1017500055F80CE413B03046BDE8F08F2DE9F043A6
:1017600087B00C464E6900218DF8041001202578C1
:10177000034602274FF007094FF0050C85B1012DF4
:1017800053D0022D39D1FE2030708DF80030606AC0
:10179000059003208DF80400207E8DF8050063E09D
:1017A0002179012925D002292DD0032928D0042907
:1017B00023D1B17D022920D131780D1F042D04D30E
:1017C0000A3D032D01D31D2917D12189022914D3E4
:1017D0008DF80470237020899DF80410884201E080
:1017E0001AB2010018D208208DF80000606A059036
:1017F00057E070780128EBD0052007B0BDE8F083F2
:101800001D203070E4E771780229F5D131780C2978
:10181000F3D18DF80490DDE7083402F804CB94E8A6
:101820000B0082E80B000320E7E71578052DE4D1D3
:101830008DF800C0656A0595956802958DF81010C1
:1018400094F80480B8F1010F13D0B8F1020F2DD035
:10185000B8F1030F1CD0B8F1040FCED1ADF804706D
:101860000E202870207E687000216846FEF7C6FFB3
:101870000CE0ADF804700B202870207E002100F0F1
:101880001F0068706846FEF7B9FF37700020B4E7A4
:10189000ADF804708DF8103085F800C0207E6870B7
:1018A000277011466846FEF7A9FFA6E7ADF8049039
:1018B0002B70207F6870607F00F00100A870A07F0F
:1018C00000F01F00E870E27F2A71C0071CD094F876
:1018D000200000F00700687194F8210000F0070074
:1018E000A87100216846FEF789FF2868F062A88881
:1018F0003086A87986F83200A0694078707528791A
:10190000B0700D203070C1E7A9716971E9E700B5C9
:1019100087B004280CD101208DF800008DF8040058
:10192000002005918DF8050001466846FEF766FF28
:1019300007B000BD70B50C46054602F0EFF9214630
:101940002846BDE870407823002202F03DB908B176
:10195000007870470C20704770B50C0005784FF088
:1019600000010CD021702146F1F757FC694821781D
:10197000405D884201D1032070BD022070BDF1F7A7
:101980004CFC002070BD0279012A05D000220A70AB
:101990004B78012B02D003E0042070470A758A615E
:1019A00002799300521C0271C15003207047F0B5B8
:1019B00087B00F4605460124287905EB800050F8D2
:1019C000046C7078411E02290AD252493A460839FD
:1019D00001EB8000314650F8043C28469847044605
:1019E0000CB1012C11D12879401E10F0FF00287194
:1019F00001D00324E0E70A208DF80000706A05900A
:101A0000002101966846FFF7A7FF032CD4D007B04A
:101A10002046F0BD70B515460A46044629461046D4
:101A2000FFF7C5FF064674B12078FE280BD1207C55
:101A300030B100202870294604F10C00FFF7B7FFF1
:101A40002046FEF71CFF304670BD704770B50E464D
:101A500004467C220021FBF796FC0225012E03D0D0
:101A6000022E04D0052070BD0120607000E065707A
:101A70002046FEF704FFA575002070BD28B1027C4A
:101A80001AB10A4600F10C01C4E70120704710B5F5
:101A9000044686B0042002F041F92078FE2806D0E2
:101AA00000208DF8000069462046FFF7E7FF06B0EA
:101AB00010BD7CB50E4600218DF804104178012937
:101AC00003D0022903D0002405E0046900E0446942
:101AD0000CB1217C89B16D4601462846FFF753FFC2
:101AE000032809D1324629462046FFF793FF9DF887
:101AF0000410002900D004207CBD04F10C05EBE7A4
:101B000030B40C460146034A204630BC024B0C3A26
:101B1000FEF751BE60B201001AB2010070B50D4669
:101B2000040012D08DB1220100212846FBF72BFCC6
:101B3000102255492846FBF7FCFB53480121083881
:101B4000018044804560002070BD012070BD70B5EB
:101B50004D4E00240546083E10E07068AA7B00EB5D
:101B60000410817B914208D1C17BEA7B914204D170
:101B70000C222946FBF7B0FB30B1641C308884424C
:101B8000EBDB4FF0FF3070BD204670BD70B50D46E9
:101B9000060006D02DB1FFF7DAFF002803DB401C5A
:101BA00014E0102070BD384C083C20886288411C2D
:101BB000914201D9042070BD6168102201EB001030
:101BC0003146FBF7B6FB2088401C2080287000209F
:101BD00070BD2D480838008870472B49083908889F
:101BE000012802D0401E08800020704770B51446BE
:101BF0000D0018D0BCB10021A170022802D010281D
:101C000011D105E0288870B10121A170108008E091
:101C10002846FFF79CFF002805DB401CA070A88920
:101C20002080002070BD012070BD70B505461446AF
:101C30000E000BD000203070A878012808D005D9FC
:101C40001149A1F108010A8890420AD9012070BD0A
:101C500024B1287820702888000A5070022008706B
:101C60000FE064B14968102201EB001120461039E1
:101C7000FBF75FFB287820732888000A6073102028
:101C80003070002070BD0000880000202DE9F04178
:101C900090460C4607460025C2EB4811FE48072F28
:101CA00000EB410607D2DFE807F007070707040447
:101CB0000400012500E0FFDF06F81470002D13D0AA
:101CC000F5487C3000EB880191F827001F2803D0ED
:101CD00006EB4000447001E081F8264006EB440228
:101CE0001F20507081F82740BDE8F081F0B51F46F5
:101CF00014460E4605461F2A00D1FFDFE648C7EB13
:101D0000471100EB410CE4490CEB44007C3101EB42
:101D100087021F2E07D00CEB460140784B784870A5
:101D200018461F210AE092F82530407882F82500F5
:101D3000F6E701460CEB410005704078A142F8D16E
:101D400092F827401F2C03D00CEB4404637001E091
:101D500082F826300CEB41041F23637082F82710B1
:101D6000F0BD30B50D46CD4B44190022181A72EB68
:101D7000020100D2FFDFCA48854200DDFFDFC8480C
:101D80004042854200DAFFDFC448401C844207DA43
:101D9000002C01DB204630BDC048401C201830BD5F
:101DA000BE48C043FAE710B504460168407ABD4A10
:101DB00052F82020114450B10220084420F07F4006
:101DC000F8F759FD94F90810BDE81040C9E7042060
:101DD000F3E72DE9F047B04E7C3696F82D50DFF84A
:101DE000B89206EB850090F8264036E0C5EB451129
:101DF00009EB41074FF0070817F81400012806D037
:101E000004282ED005282ED0062800D0FFDF01F0B0
:101E100045F9014607EB4400427806EB850080F85F
:101E2000262090F82720A24202D11F2280F82720E6
:101E3000084601F03EF92A4621460120FFF726FF19
:101E40009948414600EB041002682046904796F8F6
:101E50002D5006EB850090F826401F2CC6D1BDE81A
:101E6000F087022000E003208046D0E710B58A4CBE
:101E70001F217C3484F8251084F8261084F827105C
:101E8000002084F8280084F82D0084F82E10411ECC
:101E9000A16044F8100B2074607420736073A07309
:101EA0008249E07720750870487000217A4A103C1A
:101EB00002F81100491CC9B21F29F9D30120F8F713
:101EC000CAFB0020F8F7C7FB012084F82200F9F7CD
:101ED00037F87748F9F749F8744CA41E2070754814
:101EE000F9F743F86070BDE81040F8F741BB10B552
:101EF000F8F763FB6D4CA41E2078F9F74FF8607873
:101F0000F9F74CF8BDE8104001F000B91F20704708
:101F10000020F8F779BB70B5054601240E46AC40A9
:101F20005AB1FFF7F5FF0146634800EBC500C0F862
:101F30001015C0F81465614801E06048001D046098
:101F400070BD2DE9F34F544D00247C3505EB810A1B
:101F500089B09AF825001F2823D0611E02915249AA
:101F6000009401EB0017391D03AB07C983E8070094
:101F700005F11400A0460189ADF81C10807A8DF897
:101F80001E009DF81500C8B10226464951F82040B0
:101F90000399A219114421F07F41019184B10221DA
:101FA0000FE00120F8F757FB0020F8F754FBF8F793
:101FB00022FB01F0ABF885F82F40A9E00426E4E706
:101FC00000218DF81810022801D0012820D1039893
:101FD00001190998081A801C9DF81C1020F07F40F8
:101FE00001B10221353181420BD203208DF8150059
:101FF0000398C4F13201401A20F07F40322403904C
:102000000CE095F8240018B901F063FA002863D0B9
:10201000322C03D214B101F06DF801E001F076F832
:10202000224A107818B393465278039B121B002162
:102030009DF81840994601281AD0032818D000208E
:102040008DF81E00002A04DD981A039001208DF8F7
:1020500018009DF81C0000B102210398184A20F0D6
:102060007F40039003AB099801F05CF810B110E0D9
:102070000120E5E79DF81D0018B99BF80000032832
:1020800029D08DF81C80CDF80C908DF818408DF873
:102090001E809DF8180015E0DC080020FF7F841EDC
:1020A0000020A10770B20100EC0600209A00002079
:1020B000773A0100D31D010000F0014004F5014012
:1020C000FFFF3F0058B103980123811900221846F1
:1020D000F8F714FB06E000200BB0BDE8F08F0120FC
:1020E000F8F7B9FA97F90C20012300200199F8F7C5
:1020F00005FBF87BC00701D0F8F7E9FB012085F864
:102100002F008AF8288020226946FE48FBF711F943
:102110000120E1E72DE9F05FDFF8E883064608EBF0
:10212000860090F825501F2D21D0A8F17C01C6EB28
:1021300046102C4601EB4007A1F5F879DFF8C8B34B
:1021400005E0A24607EB4A0044781F2C0AD0F8F7B6
:1021500020FB09EB04135A4601211B1D00F0E2FF8E
:102160000028EED0AC4202D0334652461EE0E7488B
:1021700008B1AFF30080F8F70CFB98F82F206AB194
:10218000D8F80C20411C891A0902CA1701EB126108
:102190000912002902DD0020BDE8F09F3146FFF75B
:1021A000D0FE08B10120F7E733462A461F2104205C
:1021B000FFF79CFDEFE72DE9F041D24C2569F8F7D8
:1021C000E8FA401B0002C11700EB1160001200D4B6
:1021D000FFDF94F8220000B1FFDF012784F82270AE
:1021E00094F82E001F2800D1FFDF94F82E601F20E6
:1021F00084F82E00002584F82F5084F8205084F8AD
:102200002150C34825600078022835D0032833D0F8
:1022100000202077A068401C05D04FF0FF30A06060
:102220000120F8F718FA0020F8F715FAF8F711FB73
:10223000F8F709FBF8F7DFF908F0C6F8B5480560CC
:1022400005604FF0E0214FF40040B846C1F880022D
:10225000F0F7B5FE94F82D703846FFF75BFF0028C5
:10226000FAD0A849C7EB47107C3901EB400010F8C1
:102270001600022802D006E00120CAE73A4631469D
:102280000620FFF703FD84F8238004EB870090F815
:1022900026001F2804D09E48801E4078F8F784FE50
:1022A000207F002803D0F8F7C4FA257765771BE56F
:1022B000944910B591F82D20924B0024C2EB4211A5
:1022C0007C3B03EB410100BF11F814302BB1641CBF
:1022D000E4B21F2CF8D31F2010BD8F4901EB04116D
:1022E00008600020C87321460120FFF7CFFC20467C
:1022F00010BD10B5012801D0032800D181B3814A57
:1023000092F82D307F4C0022C3EB43137C3C04EB4E
:10231000430300BF13F812400CB1082010BD521C3B
:10232000D2B21F2AF6D37A4A48B1022807D0072929
:1023300017D2DFE801F01606080A0C0E1000002183
:102340000AE01B2108E03A2106E0582104E0772149
:1023500002E0962100E0B52151701070002010BD00
:10236000FFE70720FBE76A4810B54078F8F783FAE3
:1023700080B2F4E710B51F2815D2624991F82D20DC
:10238000C2EB4213A1F17C0202EB430414F81030BB
:102390004BB191F82D30C3EB431302EB430212F81B
:1023A0001020012A01D00020D9E791F82D20014604
:1023B0000020FFF76BFC0120D1E710B5F8F7E9F931
:1023C000BDE81040F8F757BA2DE9F0410E464D4FE1
:1023D00001781F257C3FC3EB43130C4607EB4303F7
:1023E00003E0254603EB45046478944202D01F2C99
:1023F000F7D108E01F2C06D0A14206D103EB410122
:102400004978017007E000206EE403EB440003EB21
:10241000450140784870414F7EB127B1002140F21C
:102420002D40AFF300803078A04206D127B10021C3
:102430004FF48660AFF30080357027B1002140F281
:102440003540AFF3008001204EE410B542680B68C0
:102450009A1A1202D41702EB1462121216D4497A95
:1024600091B1427A82B92E4A006852F8211012685E
:1024700019441044001D891C081A0002C11700EB02
:1024800011600012322801DB012068E7002066E7B6
:102490002DE9F0478146204EC1EB411006F5F87159
:1024A0009846144601EB400713E000BF06EB041505
:1024B000291D4846FFF7C9FF68B988F80040A97B85
:1024C00099F80A00814201D80020C8E407EB4400D3
:1024D00044781F2CEAD10120C1E42DE9F04782465F
:1024E00008480E4600EB8600DFF82C8090F8254067
:1024F0001F201070C1EB46109946154608F5F8717B
:1025000010E0000058090020FFFF3F00000000001D
:102510009A00002000F50040EC06002000000000BA
:1025200070B2010001EB40070BE000BF08EB0410A4
:102530005146001DFFF789FF28B107EB44002C70BE
:1025400044781F2CF2D1297889F800104B46224696
:1025500031465046BDE8F0479AE72DE9FC410E466A
:1025600007460024FE4D08E09DF8000005EB001032
:102570008168384600F0EAFD01246B4601AA314625
:102580003846FFF7AAFF0028EED02046BDE8FC81C0
:1025900070B50446C0EB44110125F248A54300EB99
:1025A0004101C5EB451200EB42003E22FAF7C1FEA5
:1025B000ED4E26B100214FF49360AFF30080E9485F
:1025C0007C3000EB850100EB8400D0F82500C1F8D9
:1025D000250026B1002140F29C40AFF30080284640
:1025E00070BD8A4203D003460520FFF77FBB1F2939
:1025F00008D0DC4AC0EB401002EB400000EB410089
:1026000040787047D7497C3101EB800090F8250075
:102610007047D34901EB0010001DFFF7C4BB7CB528
:102620001D46134604460E4600F108022146184690
:10263000F8F72EF994F908000F2804DD1F382072EE
:102640002068401C206096B10220C84951F826102D
:10265000461820686946801B20F07F40206094F96E
:1026600008002844C01C1F2803DA012009E00420C8
:10267000EBE701AAF8F70CF99DF8040010B10098F7
:10268000401C00900099206831440844C01C20F090
:102690007F4060607CBDFEB50C46064609786079D7
:1026A000907220791F461546507279B12179002227
:1026B0002846A368FFF7B3FFAA4928467C3191F862
:1026C0002E201F2A0AD00969491D0DE0D4E90223F2
:1026D000217903B02846BDE8F040A0E7A449497835
:1026E000052900D20521314421F07F4100F02EFD63
:1026F00039462846FFF731FFD4E90232217968468E
:10270000FFF78DFF2B4600213046019A00F00AFDAD
:10271000002806D103B031462846BDE8F04000F05D
:1027200015BDFEBD2DE9FE4F814600F0CBFC38B152
:102730005FF0000799F8000020B10020BDE8FE8F8F
:102740000127F7E7874D884C4FF0000A7C3524B10C
:10275000002140F2FF40AFF3008095F82D8085F80E
:1027600023A0002624B1002140F20450AFF30080E2
:102770001FB94046FFF70CFF804624B1002140F20C
:102780000C50AFF30080F8F704F843466A46494618
:10279000FFF781FF24B1002140F21250AFF3008017
:1027A00095F82E001F280CD029690098401A0002C5
:1027B000C21700EB1260001203D5684600F0C6FC99
:1027C000012624B1002140F21C50AFF3008095F89F
:1027D00023000028BBD124B1002140F22250AFF3E6
:1027E0000080F7F7D6FF6B46624A002100F09AFCA2
:1027F0000028A3D027B941466846FFF7AEFE06433E
:1028000026B16846FFF7CFFAC9F8080024B10021C5
:1028100040F23550AFF3008001208FE72DE9F04FF3
:1028200089B08B46824600F04DFC4E4C7C3428B378
:102830009BF80000002710B1012800D0FFDF4A4DAF
:1028400025B1002140F2F750AFF300804449012048
:1028500001EB0A18A94607905FEA090604D0002197
:1028600040F2FF50AFF30080079800F022FC94F88C
:102870002D50002084F8230067B119E094F82E0051
:1028800001271F2800D1FFDF9BF800000028D6D0C9
:10289000FFDFD4E72846FFF77BFE054626B100217F
:1028A00040F20960AFF3008094F823000028D3D1F0
:1028B00026B1002140F21360AFF30080F7F769FF03
:1028C0002B4602AA59460790FFF7E5FE98F80F003D
:1028D0005FEA060900F001008DF8130004D0002122
:1028E00040F21D60AFF300803B462A4602A9CDF8B6
:1028F00000A0079800F035FC064604EB850090F830
:1029000028000090B9F1000F04D0002140F22460AB
:10291000AFF3008000F0C2FB0790B9F1000F04D0C4
:10292000002140F22A60AFF3008094F823000028D1
:1029300092D1B9F1000F04D0002140F23260AFF320
:1029400000800DF1080C9CE80E00C8E90112C8F8DF
:102950000C30BEB35FEA090612D000210CE0000083
:10296000EC060020DC0800200000000070B201002E
:102970009A000020FFFF3F0040F23F60AFF300806D
:102980000098B84312D094F82E001F280ED126B11B
:10299000002140F24460AFF300802846FFF7BAFB05
:1029A00020B99BF80000D8B3012849D0B9F1000F35
:1029B00004D0002140F26160AFF30080284600F0AF
:1029C00066FB01265FEA090504D0002140F26A6037
:1029D000AFF30080079800F06CFB25B1002140F2B6
:1029E0006E60AFF300808EB194F82D0004EB800090
:1029F00090F826001F2809D025B1002140F275600B
:102A0000AFF30080F9484078F8F7CEFA25B10021FD
:102A100040F27A60AFF3008009B03046BDE8F08F35
:102A2000FFE7B9F1000F04D0002140F24C60AFF392
:102A3000008094F82D2051460420FFF727F9C0E7C5
:102A4000002E3FF409AF002140F25760AFF3008041
:102A500002E72DE9F84FE64D814695F82D004FF03D
:102A60000008E44C4FF0010B474624B100214FF41D
:102A7000D160AFF30080584600F01BFB85F823704F
:102A800024B1002140F28D60AFF3008095F82D0055
:102A9000FFF77EFD064695F8230028B1002CE4D010
:102AA000002140F293604DE024B1002140F2976094
:102AB000AFF30080CE49C6EB46107C3901EB4001F4
:102AC00011F81900032856D1334605EB830A4A460C
:102AD0009AF82500904201D1012000E000200090EA
:102AE0000AF125000021FFF76FFC01460098014222
:102AF00003D001228AF82820AF77E1B324B1002166
:102B000040F29C60AFF30080324649460120FFF757
:102B1000BDF89AF828A024B1002140F2A760AFF3D5
:102B2000008000F0BBFA834624B1002140F2AC6083
:102B3000AFF3008095F8230038B1002C95D0002128
:102B40004FF4D660AFF300808FE7BAF1000F07D0E3
:102B500095F82E001F2803D13046FFF7DBFAE0B1CD
:102B600024B1002140F2C460AFF30080304600F091
:102B70008EFA4FF0010824B1002140F2CD60AFF38E
:102B80000080584600F095FA24B1002140F2D1604F
:102B9000AFF300804046BDE8F88F002CF1D0002153
:102BA00040F2BF60AFF30080E6E70120F7F72CBDED
:102BB0008E48007870472DE9F0418D4C94F82E0036
:102BC0001F2821D194F82D6004EB860797F8255033
:102BD0001F2D00D1FFDF8649C6EB46107C3901EB83
:102BE000400000EB4500407807F8250F0120F87001
:102BF00084F82300294684F82E50324602202234DD
:102C0000FFF744F8002020701EE42DE9F0417A4ED1
:102C1000774C012538B1012821D0022879D003282A
:102C20007DD0FFDF10E400F065FAFFF7C4FF207EDF
:102C300000B1FFDF84F821500020F7F70CFDA168F8
:102C4000481C04D0012300221846F7F757FD14F85A
:102C50002E0F217806EB01110A68012154E0FFF7DD
:102C6000AAFF0120F7F7F7FC94F8210050B1A06803
:102C7000401C07D014F82E0F217806EB01110A68CA
:102C8000062141E0207EDFF86481002708F1020878
:102C9000012803D002281ED0FFDFB5E7A777F7F79A
:102CA000C8FD98F80000032801D165772577607D7D
:102CB000524951F8200094F8201051B948B1616888
:102CC0000123091A00221846F7F718FD0220207682
:102CD0009AE7277698E784F8205000F00BFAA07F57
:102CE00050B198F8010061680123091A00221846C2
:102CF000F7F704FD257600E0277614F82E0F2178EB
:102D000006EB01110A680021BDE8F041104700E020
:102D100005E036480078BDE8F041F8F745B9FFF71F
:102D20004AFF14F82E0F217806EB01110A680521DD
:102D3000EAE710B52E4C94F82E001F2800D1FFDFD3
:102D400014F82E0F21782C4A02EB01110A68BDE815
:102D50001040042110477CB5254C054694F82E0000
:102D60001F2800D1FFDFA068401C00D0FFDF94F8CF
:102D70002E00214901AA01EB0010694690F90C00D0
:102D80002844F7F785FD9DF904000F2801DD012097
:102D900000E00020009908446168084420F07F4169
:102DA000A16094F82100002807D002B00123BDE8FB
:102DB000704000221846F7F7A1BC7CBD30B5104A20
:102DC0000B1A541CB3EB940F1ED3451AB5EB940F9A
:102DD0001AD3934203D9101A43185B1C14E095428E
:102DE00010D9511A0844401C43420DE098000020BD
:102DF0005809002000000000EC06002070B201001D
:102E0000FF7F841EFFDF0023184630BD0123002210
:102E100001460220F7F772BC0220F7F71CBCF7F757
:102E2000B8BC2DE9FE4FF24C05468A4694F82E00B8
:102E30001F2800D1FFDFEE4E94F82E10A04620464A
:102E4000A6F51B7202EB01141F218DF8001090F8FB
:102E50002D10376900EB8101D8F8000091F825901A
:102E6000284402AA01A90C36F7F712FD9DF90800C3
:102E7000002802DD0198401C0190A0680199642D92
:102E8000084453D3DB4B00225B1B72EB02014DD392
:102E90006168411A21F07F41B1F5800F46D220F0E0
:102EA0007F40706086F80AA098F82D1044466B4663
:102EB0004A463046FFF7ECFAB8B3A068401C10D081
:102EC000F7F767FCA168081A0002C11700EB116050
:102ED000001202282CDD0120F7F7BDFB4FF0FF3078
:102EE000A06094F82D009DF800201F210F34FFF7FB
:102EF00078FBA17FBE4AC1EB41117C3A02EB410154
:102F0000E27F01EB4201487054F80F0C284444F86A
:102F10000F0C012020759DF800001F2803D0B64833
:102F20004078F8F741F8012008E401E0002005E4CA
:102F30007760FBE72DE9F047AD4C074694F82D008C
:102F4000A4F17C06C0EB401006EB400010F817001F
:102F500000B9FFDF94F82D50A046A84C24B1002101
:102F600040F6E800AFF30080C5EB451040F6F409E9
:102F700040F6FD0A06EB400616F81700012819D0A6
:102F8000042811D005280FD006280DD01CB100212F
:102F90004846AFF3008007F0EBFE002CECD0002198
:102FA0005046AFF30080E7E72A4639460120FEF796
:102FB0006DFEF2E74FF0010A4FF00009454624B1DB
:102FC000002140F60410AFF30080504600F071F885
:102FD00085F8239024B1002140F60910AFF300805A
:102FE00095F82D00FFF7D4FA064695F8230028B18E
:102FF000002CE4D0002140F60F101FE024B1002186
:1030000040F61310AFF3008005EB860000F12701B6
:1030100033463A462630FFF7D7F924B1002140F66F
:103020001710AFF3008000F039F8824695F82300BE
:1030300038B1002CC3D0002140F61D10AFF3008042
:10304000BDE785F82D60012085F82300504600F08B
:1030500030F8002C04D0002140F62A10AFF3008095
:10306000BDE8F08730B5044661480D4690F82D0064
:103070005F49C0EB40107C3901EB400010F81400B0
:1030800000B9FFDF5E4800EB0410C57330BD58493E
:1030900081F82D00012081F82300704710B55948B0
:1030A00008B1AFF30080EFF3108000F0010072B6BA
:1030B00010BD10B5002804D1534808B1AFF300800B
:1030C00062B610BD51480068C005C00D10D0103860
:1030D00040B2002804DB00F1E02090F8000405E095
:1030E00000F00F0000F1E02090F8140D4009704747
:1030F0000820704710B53E4C94F82400002804D1F5
:10310000F7F746FC012084F8240010BD10B5384CB8
:1031100094F82400002804D0F7F763FC002084F81A
:10312000240010BD10B51C685B68241A181A24F01E
:103130007F4420F07F40A14206D8B4F5800F03D22F
:10314000904201D8012010BD002010BDD0E900320E
:10315000D21A21F07F43114421F07F41C0E90031B0
:1031600070472DE9FC418446214815460F46C2EBC5
:1031700045117C38089C00EB410616F81400012824
:1031800004D0022802D00020BDE8FC813B46204A42
:1031900001216046FFF7C6FFF0B101AB6A46294640
:1031A0003846FFF79AF9B8B19DF804209DF8001051
:1031B0002846FFF716FA06EB440148709DF8000018
:1031C0001F280DD006EB400044702A4621460320FC
:1031D000FEF75CFD0120D7E72A4621460420F7E7E9
:1031E0000348012100EB850000F8254FC170ECE792
:1031F00058090020FF1FA1079800002000000000D0
:10320000EC060020000000000000000004ED00E0DB
:10321000FFFF3F002DE9F041044680074FF0000515
:103220004FF001060CD56B480560066000F0DEF932
:1032300020B16948016841F48061016024F0020412
:10324000E0044FF0FF3705D564484660C0F80873C6
:1032500024F48054600003D56148056024F0804464
:10326000E0050FD55F48C0F80052C0F808735E490A
:103270000D60091D0D605C4A04210C32116006616D
:1032800024F48074A00409D558484660C0F8005260
:10329000C0F808735648056024F40054C4F3803025
:1032A000C4F3C031884200D0FFDF14F4404F14D083
:1032B00050484660C0F808734F488660C0F8005216
:1032C000C0F808734D490D600A1D16608660C0F88D
:1032D00008730D60166024F4404420050AD5484860
:1032E00046608660C0F80873C0F8487345480560BA
:1032F00024F4006407F042F84348044200D0FFDFA2
:10330000BDE8F081F0B50022202501234FEA020438
:1033100020FA02F1C9072DD051B2002910DB00BFFD
:103320004FEA51174FEA870701F01F0607F1E02720
:1033300003FA06F6C7F88061BFF34F8FBFF36F8FB4
:103340000CDB00BF4FEA51174FEA870701F01F0659
:1033500007F1E02703FA06F6C7F8806204DB01F103
:10336000E02181F8004405E001F00F0101F1E021C6
:1033700081F8144D02F10102AA42C9D3F0BD10B583
:10338000224C20600846F7F71CFC2068FFF742FF3C
:103390002068FFF7B7FF06F031FC00F088F906F06F
:1033A000EDFF06F02CFFF7F7CBFDBDE8104006F06F
:1033B000D9BC10B5154C2068FFF72CFF2068FFF72B
:1033C000A1FF06F0DBFFF7F7FBFC0020206010BD3B
:1033D0000A207047FC1F00403C17004000C000401E
:1033E00004E50140008000400485004000D000401A
:1033F00004D5004000E0004000F0004000F500402F
:1034000000B0004008B50040FEFF0FFD9C0000200A
:1034100070B526490A680AB30022154601244B6894
:103420005B1C4B600C2B00D34D600E7904FA06F345
:103430000E681E420FD0EFF3108212F0010272B636
:1034400000D001220C689C430C6002B962B6496846
:103450000160002070BD521C0C2AE0D3052070BD15
:103460004FF0E0214FF48000C1F800027047EFF305
:10347000108111F0010F72B64FF0010202FA00F252
:103480000A48036842EA0302026000D162B6E7E735
:1034900006480021016041607047012181400348D6
:1034A0000068084000D0012070470000A000002004
:1034B00001208107086070470121880741600021D1
:1034C000C0F80011184801707047174901200870B2
:1034D00070474FF08040D0F80001012803D0124817
:1034E0000078002800D00120704710480068C0070D
:1034F00000D0012070470D480C300068C00700D094
:10350000012070470948143000687047074910319E
:103510000A68D20306D5096801F00301814201D18E
:103520000120704700207047A800002008040040D8
:103530004FF08050D0F830010A2801D000207047A9
:103540000120704700B5FFF7F3FF20B14FF0805026
:10355000D0F8340108B1002000BD012000BD4FF0BB
:103560008050D0F83001062803D0401C01D0002044
:103570007047012070474FF08050D0F830010D287F
:1035800001D000207047012070474FF08050D0F8E4
:103590003001082801D000207047012070474FF00B
:1035A0008050D0F83001102801D000207047012051
:1035B000704700B5FFF7F3FF30B9FFF7DCFF18B92C
:1035C000FFF7E3FF002800D0012000BD00B5FFF7A2
:1035D000C6FF38B14FF08050D0F83401062803D32D
:1035E000401C01D0002000BD012000BD00B5FFF748
:1035F000B6FF48B14FF08050D0F83401062803D30D
:10360000401C01D0012000BD002000BD0021017040
:10361000084670470146002008707047EFF310819C
:1036200001F0010172B60278012A01D0012200E006
:1036300000220123037001B962B60AB1002070476D
:103640004FF400507047E9E7EFF3108111F0010FDC
:1036500072B64FF00002027000D162B600207047CF
:10366000F2E700002DE9F04115460E46044600271A
:1036700000F0EBF8A84215D3002341200FE000BF73
:1036800094F84220A25CF25494F84210491CB1FB19
:10369000F0F200FB12115B1C84F84210DBB2AB426B
:1036A000EED3012700F0DDF83846BDE8F08172491D
:1036B00010B5802081F800047049002081F8420094
:1036C00081F84100433181F8420081F841004331E3
:1036D00081F8420081F841006948FFF797FF684888
:1036E000401CFFF793FFF7F7B3FBBDE8104000F075
:1036F000B8B840207047614800F0A7B80A460146B4
:103700005E48AFE7402070475C48433000F09DB80A
:103710000A46014659484330A4E740210170002081
:10372000704710B504465548863000F08EF820707A
:10373000002010BD0A460146504810B58630FFF7FC
:1037400091FF08B1002010BD42F2070010BD70B516
:103750000C460646412900D9FFDF4A480068103868
:1037600040B200F054F8C5B20D2000F050F8C0B2DD
:10377000854201D3012504E0002502E00DB1F7F7F1
:10378000AAFB224631463D48FFF76CFF0028F5D0E2
:1037900070BD2DE9F0413A4F0025064617F10407A8
:1037A00057F82540204600F041F810B36D1CEDB2EB
:1037B000032DF5D33148433000F038F8002825D0E8
:1037C0002E4800F033F8002820D02C48863000F036
:1037D0002DF800281AD0F7F754FB2948FFF71EFFF1
:1037E000B0F5005F00D0FFDFBDE8F0412448FFF7EF
:1037F0002BBF94F841004121265414F8410F401C7E
:10380000B0FBF1F201FB12002070D3E74DE7002876
:1038100004DB00F1E02090F8000405E000F00F0068
:1038200000F1E02090F8140D4009704710F8411F96
:103830004122491CB1FBF2F302FB13114078814293
:1038400001D1012070470020704710F8411F4078D7
:10385000814201D3081A02E0C0F141000844C0B21D
:10386000704710B50648FFF7D9FE002803D1BDE820
:103870001040F7F7F1BA10BD0DE000E08809002014
:10388000AC00002004ED00E070B5154D2878401C18
:10389000C4B26878844202D000F0DBFA2C7070BDAC
:1038A0002DE9F0410E4C4FF0E02600BF00F0C6FAC3
:1038B00007F05EFA40BF20BF677820786070D6F8C6
:1038C0000052EDF759FD854305D1D6F8040210B931
:1038D0002078B842EAD000F0ACFA0020BDE8F081D0
:1038E000BC0000202DE9F04101264FF0E022310319
:1038F0004FF000084046C2F88011BFF34F8FBFF36E
:103900006F8F204CC4F800010C2000F02EF81E4DE3
:103910002868C04340F30017286840F01000286072
:10392000C4F8046326607F1C02E000BF07F020FAA1
:10393000D4F800010028F9D01FB9286820F0100041
:103940002860124805686660C4F80863C4F80081FE
:103950000C2000F00AF82846BDE8F08110B50446B6
:10396000FFF7C0FF2060002010BD002809DB00F039
:103970001F02012191404009800000F1E020C0F8C1
:103980008012704700C0004010ED00E008C5004004
:103990002DE9F047FF4C0646FF21A06800EB061218
:1039A00011702178FF2910D04FF0080909EB01119F
:1039B00009EB06174158C05900F0F4F9002807DD5B
:1039C000A168207801EB061108702670BDE8F08729
:1039D00094F8008045460DE0A06809EB05114158B8
:1039E000C05900F0DFF9002806DCA068A84600EB0B
:1039F00008100578FF2DEFD1A06800EB061100EB51
:103A000008100D700670E1E7F0B5E24B04460020A7
:103A100001259A680C269B780CE000BF05EB001787
:103A2000D75DA74204D106EB0017D7598F4204D0C7
:103A3000401CC0B28342F1D8FF20F0BD70B5FFF743
:103A4000EEF9D44C08252278A16805EB02128958BA
:103A500000F0A8F9012808DD2178A06805EB011124
:103A60004058BDE87040FFF7D1B9FFF7A1F8BDE8B5
:103A70007040F7F799BA2DE9F041C64C2578FFF769
:103A8000CEF9FF2D6ED04FF00808A26808EB05169E
:103A9000915900F087F90228A06801DD80595DE0A6
:103AA00000EB051109782170022101EB0511425C40
:103AB0005AB1521E4254815901F5800121F07F41D3
:103AC00081512846FFF764FF34E00423012203EB11
:103AD000051302EB051250F803C0875CBCF1000F20
:103AE00010D0BCF5007F10D9CCF3080250F806C006
:103AF0000CEB423C2CF07F4C40F806C0C3589A1A9D
:103B0000520A09E0FF2181540AE0825902EB4C324B
:103B100022F07F428251002242542846FFF738FFAC
:103B20000C21A06801EB05114158E06850F82720EE
:103B3000384690472078FF2814D0FFF770F9227894
:103B4000A16808EB02124546895800F02BF90128BC
:103B500093DD2178A06805EB01114058BDE8F041E4
:103B6000FFF754B9BDE8F081F0B51D4614460E4686
:103B70000746FF2B00D3FFDFA00700D0FFDF8548FB
:103B8000FF210022C0E90247C57006710170427032
:103B900082701046012204E002EB0013401CE15445
:103BA000C0B2A842F8D3F0BD70B57A4C064665782D
:103BB0002079854200D3FFDFE06840F82560607817
:103BC000401C6070284670BD2DE9FF5F1D468B4686
:103BD0000746FF24FFF723F9DFF8B891064699F866
:103BE0000100B84200D8FFDF00214FF001084FF07C
:103BF0000C0A99F80220D9F808000EE008EB01132E
:103C0000C35CFF2B0ED0BB4205D10AEB011350F869
:103C100003C0DC450CD0491CC9B28A42EED8FF2C47
:103C200002D00DE00C46F6E799F803108A4203D162
:103C3000FF2004B0BDE8F09F1446521C89F8022012
:103C400008EB04110AEB0412475440F802B00421B7
:103C5000029B0022012B01EB04110CD040F8012043
:103C60004FF4007808234FF0020C454513D9E905BD
:103C7000C90D02D002E04550F2E7414606EB413261
:103C800003EB041322F07F42C250691A0CEB0412BA
:103C9000490A81540BE005B9012506EB453103EBD8
:103CA000041321F07F41C1500CEB0411425499F8E8
:103CB00000502046FFF76CFE99F80000A84201D0A2
:103CC000FFF7BCFE3846B4E770B50C460546FFF773
:103CD000A6F8064621462846FFF796FE0446FF282A
:103CE0001AD02C4D082101EB0411A8684158304628
:103CF00000F058F800F58050C11700EBD140401398
:103D00000221AA6801EB0411515C09B100EB4120CA
:103D1000002800DC012070BD002070BD2DE9F047B7
:103D200088468146FFF770FE0746FF281BD0194DD5
:103D30002E78A8683146344605E0BC4206D02646B7
:103D400000EB06121478FF2CF7D10CE0FF2C0AD000
:103D5000A6420CD100EB011000782870FF2804D097
:103D6000FFF76CFE03E0002030E6FFF755F8414610
:103D70004846FFF7A9FF0123A968024603EB041395
:103D8000FF20C854A878401EB84200D1A87001EBAB
:103D9000041001E0540A002001EB061100780870BD
:103DA000104613E6081A0002C11700EB116000125A
:103DB0007047000010B5202000F07FF8202000F0B0
:103DC0008DF84D49202081F80004EDF7D3FA4B49D6
:103DD00008604B48D0F8041341F00101C0F8041307
:103DE000D0F8041341F08071C0F804134249012057
:103DF0001C39C1F8000110BD10B5202000F05DF89D
:103E00003E480021C8380160001D01603D4A481E3F
:103E100010603B4AC2F80803384B1960C2F8000131
:103E2000C2F8600138490860BDE81040202000F069
:103E300055B834493548091F08607047314933483F
:103E4000086070472D48C8380160001D521E02608E
:103E500070472C4901200860BFF34F8F70472DE950
:103E6000F0412849D0F8188028480860244CD4F83C
:103E700000010025244E6F1E28B14046EDF7D4F90D
:103E800040B9002111E0D4F8600198B14046EDF747
:103E9000CBF948B1C4F80051C4F860513760BDE8AF
:103EA000F041202000F01AB831684046BDE8F041EA
:103EB00006F068BFFFDFBDE8F08100280DDB00F0F1
:103EC0001F02012191404009800000F1E020C0F86C
:103ED0008011BFF34F8FBFF36F8F7047002809DB4E
:103EE00000F01F02012191404009800000F1E02014
:103EF000C0F880127047000020E000E0C8060240D1
:103F000000000240180502400004024001000001C8
:103F1000454800210170417010218170704770B5D3
:103F2000054616460C460220F3F7F2FB3E490120F7
:103F3000F61E08703D4806603C4808380560001FC2
:103F4000046070BD10B50220F3F7E2FB3649012092
:103F5000087000F051F836494FF40000086010BDB9
:103F600010B5314C207888B131494FF40000091D5B
:103F7000086000F04AF8002120B1012060702D484F
:103F8000006801E061701020A0702170BDE8104051
:103F90000020F3F7BDBB244810B5017859B126487D
:103FA000D0F8000128B100F030F8002800D001203E
:103FB00010BD022010BD407810BD10B5C824641E8D
:103FC000E4B2FFF7E8FF022803D0012800D0002068
:103FD00010BD002CF3D1FFDFF9E7134810B50178CD
:103FE00041B100F012F818B112480068C0B210BD1B
:103FF000102010BD807810BD0F480021C0F80011BE
:10400000C0F80411C0F8081170470B48D0F800112F
:1040100029B1D0F8041111B1D0F8080108B100207D
:104020007047012070470000BE00002010F50040DE
:1040300004F5014000F4004000F000404748002132
:1040400001704170704770B5064614460D46012058
:10405000F3F75EFB42480660001D0460001D05602A
:1040600070BD70B53D4901250D7040EA02413C4AE2
:1040700041F08071121F11603A4C0026C4F80461AF
:10408000394A4FF04071116058B1012800D0FFDF6C
:10409000C4F80062256034494FF00070091F0860C1
:1040A00070BDC4F80052256070BD2C48017871B114
:1040B0002D4A4FF0407111602A49D1F804210021A6
:1040C0001AB12A4A1268427000E041700170002063
:1040D000F3F71EBB2148017841B12248D0F8040112
:1040E000002802D021480068C0B27047407870476D
:1040F0002DE9F04700282AD01848007800B9FFDFE2
:10410000184DD5F80401002821D10227C5F8047301
:10411000174C2068C04340F30016206840F01000A0
:1041200020604FF400484FF0E029761C04E000BF07
:10413000C9F8808206F01CFED5F804010028F7D0EB
:104140001EB9206820F010002060C5F80873BDE893
:10415000F08704490120886070470000C1000020FA
:1041600008F5004000F0004008F5014000F4004070
:1041700010ED00E010B541F6A474012802D0022829
:1041800002D0FFDF204610BD41F2883010BD38B5A7
:10419000FE4D0024C5F80041C5F80C41C5F810419A
:1041A000C5F80441C5F81441C5F81841FFF70EFAE7
:1041B00008B1C5F82841F6480068009038BD70B5D0
:1041C000F44D00246C702C7000F0D2FD85F8254071
:1041D000EC620922002105F11800AC63F9F7D3F86D
:1041E000ED49601E0860091D0860091D0C60091D6D
:1041F0000860091D0C60091D0860091D0860091D83
:104200000860091D0860091D0860091D0860091D76
:104210000860091D0860091D086070BDDF4800B511
:10422000016801F00F01032905D0006800F00F00BC
:10423000042802D0FFDF012000BD022000BD00B530
:10424000012802D0022800D0FFDF002000BD00B509
:10425000012802D0022802D0FFDF282000BD18204C
:1042600000BD10B5CB4902681839CA4C0A634268D0
:104270004A63007A81F83800207E50B1207FF9F738
:10428000C0F8A07E08B1012100E00021207FF9F7ED
:10429000ADF8607E00280CD0607FF9F7B2F8E07EC0
:1042A00008B1012100E00021607FBDE81040F9F76E
:1042B0009DB810BD00F063BD10B500F060FDB348BF
:1042C000D0F80001002800D0FFDF10BD70B501203C
:1042D00000F030FDB2480025056001260660FFF7BA
:1042E00085F9B04C18B1206840F480602060FFF779
:1042F00036F928B12068AC4920F0770008432060E7
:10430000FFF764F938B1A748001D016821F47F4127
:1043100041F4B0510160A349A4483C310860FFF763
:1043200055F99C4C60B19D490220503184F8210020
:104330000860A0499E48086095481030091F086031
:104340004FF01020806C411C05D094497C310A68E4
:1043500060F317420A60914940F25B6028310860BF
:10436000091F40F203100860081F06608B490320F4
:1043700008608C48EC38066094F8211011B14FF4B5
:10438000C02100E08C498B4A41F46021943A1160CD
:104390008749884A091F083211607D490839121F70
:1043A0001160016821F440710160016841F480717D
:1043B0000160012000F0CFFC74491020C1F8040313
:1043C00084F83150E56270BD76483830016821F0DC
:1043D000010141F08071016070476E4A0368183A2C
:1043E000C2F81A308088D0836A48017270476948E1
:1043F00090F825007047674A517010707047F0B50B
:104400000546840061488B882044C0F820360B782C
:10441000D1F8011043EA0121C0F8001605F10800A7
:104420000127604C07FA00F6FC3C52B1012A00D08B
:10443000FFDF2068304320602068AF4038432060B1
:10444000F0BD2068B043F6E706F0E8B8514890F8B0
:1044500032007047514AC1781432116000684F49E8
:1044600000020C3108607047252807D0262807D0A5
:10447000272807D00A2807D8042206E0022107E0EF
:104480001A2105E0502103E0062202EB4001C9B2E7
:10449000424A083A116041494431086070473D483A
:1044A000817A012917D0022914D1417E002911D027
:1044B000827F0121C37F01FA02F299400A433D49FC
:1044C00094390A6090F820003C4A002102EB8000F9
:1044D000C0F810157047017EE8E72DE9F0472D4C34
:1044E000A17A01290BD0022975D1627E002A72D0EF
:1044F000012906D0677FE17E59B101260AE0227EBC
:10450000F4E7277FA17E09B1012600E000261121F2
:1045100001E000262421DFF898804FF0010AA8F17D
:104520004408C8F84CA0DFF898904518D9F8000066
:10453000A84200D3FFDF0021C8F84C11C9F8005091
:10454000380286F0010140EA015040F0031294F86D
:1045500020101A4800EB8103C3F8102500EB8101FD
:10456000A27F184800EBC203C3F81415164DC3F818
:104570001055E37F00EBC300C0F814150449083957
:10458000C0F810150AFA02F120E024E00010004003
:10459000181100407C0A0020000E00401015004059
:1045A000FC1F00403C170040880000802C00008960
:1045B000448000409CF5014000000404006000407D
:1045C0004C85004000F001404C8100400AFA03F0A5
:1045D0000143F9480160BDE8F0872DE9F0410E463E
:1045E000F64907460320C1F80002F54C94F8210073
:1045F00010B14FF4C02000E0F248EF4D2860304683
:1046000006F036F817B1012F0FD017E0FEF7DEFFE6
:1046100010B1304600F0C9FB0120A072A06B40F43D
:104620008010A0634FF4801007E00220A072A06BFE
:1046300040F40010A0634FF400102860F6F744F92E
:104640003146BDE8F04148E72DE9F05FDB4C074615
:1046500003200E469346C4F80002D94D95F8210078
:1046600010B14FF4C02100E0D649DFF84C93C9F8EF
:104670000010104605F0FCFFDFF83C834FF0010A04
:1046800008F1A808A7B3012F3ED0FFDFCE4806608F
:10469000C949CE48A4310860A86B40F40020A86343
:1046A000D4F800721025C4F808530020C4F80002A2
:1046B000C1494FF48028091DC1F8008004F5007439
:1046C000FFF765FD2760C9F80080C4F80451E903CD
:1046D000C9F80010BE49C1F84CA0BB48001D0068D5
:1046E000B04200D3FFDF59463046BDE8F05FF4E644
:1046F000FFE7FEF76BFF10B1584600F056FBC8F815
:10470000004085F80AA0C1E7AC49091DC8F80010AF
:104710000220A872BAE72DE9F041A94C064690465E
:1047200094F831000F46002500B9FFDF16B1012EC5
:1047300012D01DE094F83100012806D094F8302002
:104740004146384605F0A2FF10E094F8301042468A
:10475000384605F0DCFF09E094F8310094F8301099
:1047600001284246384609D005F0F8FFE16A4518AD
:10477000424629463046BDE8F04165E705F0A8FF0E
:10478000F4E708B5FF208DF800008C480021C0F840
:1047900010110121016104E09DF80010491E8DF8FF
:1047A00000109DF8001019B1D0F810110029F3D0B5
:1047B0009DF80000002800D1FFDF08BD2DE9F04181
:1047C0007E4CD4F8000220F00307D4F804034FF025
:1047D0001008C0F30016C4F808830025C4F800527E
:1047E000774890F8210010B14FF4C02000E07548E0
:1047F000714940F46020091D0860FFF750FEFFF783
:10480000C0FFC4F81051FEF7E1FE08B1C4F828510A
:1048100000F0AEFAC4F80072002E01D0C4F8048390
:10482000BDE8F081ADE700686A4920F07F4008608C
:10483000704710B5012000F07DFABDE8104001205E
:1048400000F089BA01465E4818221838F8F771BDA1
:104850004FF0E0210220C1F8000170475E49087066
:1048600070475C4938390860704770B50546F6F7FF
:104870002BF8534C2844E16A884200D8FFDF01201E
:104880002074F6F721F82844606194F8211041B1B2
:10489000084460614948D0F8001241F04001C0F876
:1048A00000124B490020C1F8440147496069091FC3
:1048B0000860BDE8704000F0A2BA70B5404C0646F2
:1048C00002200D462074FFF7A9FC024694F831003F
:1048D00094F8301001281BD0304605F081FF60614C
:1048E00094F8210048B16169084460613348D0F808
:1048F000001241F04001C0F8001235490020C1F813
:1049000044016169E06A08442F49091F086070BDCD
:104910002B46304605F037FFE1E727494FF480008A
:10492000091D08602648816B21F480018163002104
:10493000017470472A4A10B502EBC002274BC2F837
:104940001035C2F81415012181401B4801601C4834
:10495000826B0A43826310BD1D4801214160C16022
:104960000021C0F844111848001F01601448C162BA
:10497000704710B50446FEF729FE10B1104880F8C4
:1049800021401448243004600C48D0F8001241F053
:104990004001C0F8001210BD084810B5D0F8001250
:1049A00021F04001C0F80012FEF710FE0949243141
:1049B00000B10220086010BD04F501400010004065
:1049C0007C0A002000000404488500404881004023
:1049D000008000403C150040C3000020041100404E
:1049E00000F00140F948D0F8001221F01001C0F8A1
:1049F0000012012181617047F4480021C0F81C11A8
:104A0000D0F8001241F01001C0F800127047EF49D1
:104A100008B5D1F81C21012A01D0002008BDEC4ABC
:104A2000126802F07F02524202700020C1F81C019D
:104A3000E84800680090012008BDF0B517460C005A
:104A4000064600D1FFDFE44DE0072F7302D0012CB2
:104A500000D0FFDF46B102206872EC72012802D05C
:104A6000022800D0FFDFF0BD0120F5E770B5DA4C79
:104A70000021E27A930703D5830701D5430713D4B6
:104A8000D30605D594F8333013B194F835305BB1C3
:104A9000130702D594F8243033B9520702D594F89D
:104AA00025200AB1C00700D00121607A012518B184
:104AB000A1B1BDE8704081E694F8210010B14FF437
:104AC000C02000E0C548C6490860C048D0F80012C0
:104AD00021F00301C0F80012E57270BD012803D077
:104AE000022808D0FFDF70BD00F042F9A5729621C0
:104AF000227B002006E000F03BF90220A072227B1E
:104B000096210120BDE8704005E62DE9F05FDFF851
:104B1000D4B29BF80000042800D3FFDFB248D0F8DD
:104B20004C0108B1FFF7BBFCAB4CAD49A06B086072
:104B30004FF00008C4F8388000F06BF9DFF8AC9251
:104B40000546D9F80010A16294F8210008B1081AAE
:104B5000A062A648001F0068E062FFF75FFB84F8D0
:104B60003000A07ADFF868A2012184F83100AAF1B0
:104B7000440A022808D1607830B1DAF800201278AF
:104B800002402078904310D084F82480924EA807E9
:104B9000A6F1180605D5F5F797FEA16A081A31693E
:104BA0008847E80704D0002709E084F82410EDE7DF
:104BB000A80701D5012702E0280707D50227F5F746
:104BC00083FEE16A7269081A394690479BF8000033
:104BD000C0071CD1DAF800005746007800F00F003B
:104BE000072812D239680622A01C0931F8F774FB95
:104BF00038B9207A39680978B0EBD11F01D101208A
:104C000000E0002084F8250001E084F82580284693
:104C1000FFF72CFFE80701D030682FE0A80726D562
:104C200068071ED4FEF7D2FCD8B9FEF7DFFCC0B986
:104C30006748F4380168001F0068C0F3425CC0F3A5
:104C4000006700F00F03C0F30312C0F3032047B165
:104C50000BB102B128B921B1BCF1030F01D245F06B
:104C6000040545F380007168401C884709E0280767
:104C700001D5B06802E0E80602D5F068804700E0A0
:104C8000FFDFA07A02281BD1207C002818D0564ACA
:104C9000C2F8448102280FD0012800D0FFDFE16A6A
:104CA0006069884200D8FFDFD4F81410C9F80010FA
:104CB000BDE8F05F00F0A3B86169E06A0144F5E780
:104CC000BDE8F09F70B5054641F2643441F66A06CE
:104CD000022806D0012D12D0022D0CD0FFDF304665
:104CE00070BDFEF72FFC0028F6D1FEF738FC002837
:104CF000F2D141F6583441F29A00204470BD42F698
:104D0000CE3070BD324808300168032904D00068F5
:104D1000022801D000207047012070472C4808303D
:104D200001680B2904D000680A2801D000207047D0
:104D30000120704700280DDB00F01F020121914087
:104D40004009800000F1E020C0F88011BFF34F8FD0
:104D5000BFF36F8F7047002809DB00F01F020121AD
:104D600091404009800000F1E020C0F880127047B7
:104D700019480021417281720121C172704730B51A
:104D800000240546012902D002290BD0FFDF184874
:104D900004430F4834380460164805430C48303843
:104DA000056030BD4FF08074F1E7094A4032116868
:104DB00053060228D3F820031ED0C0F3062000BFFC
:104DC00021F4FE4141EA00201060704700100040CD
:104DD000481500401C1100407C0A0020000004041B
:104DE00008F50140C30000200080004044850040D9
:104DF0000801100000000302C0F30660E0E7354838
:104E0000816B41F48001816333494FF48000086075
:104E1000DBE7F8B52F4C314E0020217C19B1D6F8D4
:104E20004411012907D00023A27A2D49012A04D078
:104E3000022A0AD019E00123F6E7D1F80C01012873
:104E400001D0002011E008200FE0D1F80C0101286A
:104E500006D0002223480068012803D0042002E085
:104E60000222F7E7002010431843D1F81021012A4D
:104E70002ED0002505431C48026812F0FF0F03D016
:104E8000D1F81421012A00D0002284F832200068D1
:104E900010F0FF0F03D0D1F81801012800D0002036
:104EA00084F833000F481030006884F83400FFF7AE
:104EB00072F8012800D0002084F83500FFF767F968
:104EC0000020C6F844010948006800902846F8BD53
:104ED0001025CFE77C0A002004F501400080004047
:104EE0000010004000140040401600404481004083
:104EF00010B5444822220021F8F745FA4148002421
:104F0000017821F010010170012104F04DFC3D49B0
:104F10004FF6FF70263981F8224088843A4908808C
:104F2000488010BDE4E7704700F05FB83549016084
:104F30007047354908807047324926398A8CA2F576
:104F40007F43FF3B02D00021016008E091F822205E
:104F50002C492639012A02D0016001207047002027
:104F600070472848263810F8221F012908D001214F
:104F7000017025482349263900888884012070471C
:104F8000002070472049488070471E491E4B263933
:104F90008A8C5B889A4205D191F8222012B1016077
:104FA00001207047002070471648174A2638818C28
:104FB0005288914209D14FF6FF71818410F8221F67
:104FC00019B10021017001207047002070470D4881
:104FD0000D4A2638818C5288914204D190F82200E3
:104FE00008B10020704701207047064926398A8C95
:104FF000824205D1002081F822004FF6FF7088849C
:1050000070470000DE0A0020C400002070473D4ABF
:10501000012338B1012804D1137008689060888892
:105020009081704753700868C2F802008888D08069
:105030007047344A10B1012807D00EE0507860B1B3
:10504000D2F802000860D08804E0107828B1906897
:1050500008609089888001207047002070472949A6
:1050600010B1012802D005E0487800E0087808B1C6
:10507000012070470020704730B50C4605468DB0C2
:105080004FF0030104F1030012B1FEF741FB01E010
:10509000FEF75DFB60790D2220F0C00040F040007B
:1050A0006071002104A8F8F76EF9E0788DF81F0010
:1050B00020798DF81E0060798DF81D001022294698
:1050C0006846F8F736F9684604F036FE9DF82F007A
:1050D00020709DF82E0060709DF82D00A0700DB01E
:1050E00030BD10B5002904464FF0060102D0FEF78E
:1050F0000FFB01E0FEF72BFB607920F0C000607130
:1051000010BD0000C8000020FE48406870472DE92F
:10511000F0410E46074601461446012004F011FDF9
:10512000054697F86500FFF725F84AF2B1210844D3
:105130004FF47A71B0FBF1F1788840F2712250435C
:10514000C1EB4000041BA4F2663402F0BBFD00B1C9
:105150001E3CAE4201D2284600E03046A04204D2B6
:10516000AE4201D22C4600E034467C62BDE8F081BC
:1051700030B502460020002914D0A2FB01104C0AD1
:1051800044EAC054400A641C40F100000021D4F1FC
:10519000FF3240F2A175814100D2FFDF04F5F464D3
:1051A000B4FBF5F030BD2DE9FF4F8BB0044690F80D
:1051B00065008A460990DDE90D1008430890D24841
:1051C0000026007800F004FE054694F88C0100F0FB
:1051D000FFFD284480B2009094F87D000D2804D093
:1051E000002007900D9810B131E00120F9E794F804
:1051F0002C0103282BD1079848B3B4F8AE115145C0
:1052000025D1D4F83401C4F82001608840F2E2418D
:105210004843C4F82401B4F87A01B4F806110844EC
:10522000C4F82801204602F057FDB4F8B201E0822C
:1052300094F8B0016075B4F8B4016080B4F8B601B8
:10524000A080B4F8B801E080022084F82C01D4F8E2
:1052500084010590D4F880010390B4F80681B4F875
:105260007811D4F8740106900D9820B194F840019B
:1052700000287DD108E004F580700290743004901D
:1052800004F5B075001D07E004F5AA700290001D3A
:10529000049004F5A275001D0A90B4F87020AAEBE2
:1052A00002000FFA80F9AAEB010007B2002F05DA1D
:1052B000D4F87001069001204F46089092484FF0B4
:1052C000000B007970B3F5F7A1FC58B3B4F81801DE
:1052D000022827D394F82C01022823D094F8430104
:1052E00000BB94F88C0100F073FD00F5C86080B23B
:1052F000009094F82C01012845D0608840F2E241EA
:1053000048430099FFF734FF08EB0901CA1BD4F8A2
:10531000341180B2431A02FB03BBC4F834010120EC
:1053200084F8430194F82C0100286DD001287DD029
:1053300002287CD003287BD0FFDF00BFA6EB0B0147
:105340000698FCF70EFD0499012640F271220860D0
:105350000A990020A1F800A028702E710498006816
:10536000A8606088D4F834115043C1EB400000E0DD
:10537000BFE16549A0F23630C861896981427DD9B3
:10538000029908607BE194F88000032833D0012162
:10539000002004F0CDF8E18A40F27122514300EB85
:1053A00041000190D4F82401B8340099FFF7E0FEE1
:1053B000A16E226F431AA066DDE9001002FB03BB59
:1053C000FFF7D6FEA16FA067421A34F8B60C40F280
:1053D000E241484393440099FFF7CAFE08EB0901F4
:1053E000226FC91B8A1AE16F521E431A02FB03BBCC
:1053F000E067B83C93E7E08A40F27122D4F82411C8
:10540000504301EB4000CCE7039800B9FFDF0121D6
:10541000002004F08DF80646E08A40F271214843EE
:1054200006EB40000099FFF7A3FE02E0C0E058E061
:10543000DDE0C4F83001608840F2E2414843009961
:10544000FFF796FEC4F8340182B22046A16AFFF746
:105450005EFE14F8650FFEF7F2FE4FF47A7800F264
:10546000E140B0FBF8F1039801EB00092078FEF76A
:10547000E6FE07462078FEF77DFE00E0FDE03844BA
:105480004AF2AB310144B1FBF8F134F84F0C40F271
:105490007122504306EB4000411AD4F8CB0040F291
:1054A000E2430A1A02EB0906227814F8501C11FB99
:1054B00003F1203E00F0B9FC1349801C886114F808
:1054C0006509FEF7BCFE00F2E140B0FBF8F103987D
:1054D0000844301A40F2F6218842BFF42FAFFFDFB4
:1054E0002CE7E08A40F27122D4F82411504301EBFA
:1054F00040000099FFF73CFEC4F83001608840F29C
:10550000E24103E0000B0020D8000020484300994E
:10551000FFF72EFEC4F8340182B22046A16AFFF7DD
:10552000F6FDB8F1000F21D10E98F8B194F865603E
:105530003046FEF71FFE4AF2B12101444FF47A7063
:10554000B1FBF0F0D4F8301140F271230144E08A4D
:10555000D4F82421584302EB4000471A3046FEF7A6
:1055600076FE0599081A3E18203E0AE0E08A40F2CD
:105570007122D4F82411504301EB4000D4F83011CB
:10558000461AD4F82821D4F82011D4F8300140F27A
:10559000E24301FB020094F86520617D11FB03F1F9
:1055A00000F043FCF9498861012084F82C01C5E62C
:1055B000608840F271225043D4F83411D4F8282185
:1055C000C1EB40067E4308EB0900801AD4F8207135
:1055D000D4F83031401E07FB023200FB012094F862
:1055E0006520617D40F2E24311FB03F140E06088F9
:1055F00040F27122D4F834115043C1EB400694F8C4
:105600007C007E43242803D094F87D0024280AD10E
:10561000B4F8AE11AAEB010000B2002803DB94F845
:10562000B10100B109900898D8B1B8F1000F18D1B4
:10563000059808B1039800B9FFDF94F86500FEF7FC
:1056400099FD4AF2B12101444FF47A70B1FBF0F0B8
:10565000361A94F86500FEF7FAFD0599081A064413
:10566000203ED4F8341108EB090048430021099A80
:1056700000F0DBFBC549886160E602980160029892
:10568000616A0068084400F5D370E86002F01AFB14
:1056900010B1E8681E30E8606E71B4F8F010A1EB4C
:1056A0000A0000B2002801DD032068710798002875
:1056B0000E9822D0C0B100BFB4F81811B1B3B4F83D
:1056C0001A0100BFA4F81A0194F81C21401C42439F
:1056D0008A4209D26879401E002805DD6E71B4F84F
:1056E0001A01401CA4F81A010D9830B394F8400137
:1056F000F8B102200FB0BDE8F08F0028DCD194F89B
:105700002C010028F0D0608840F27122D4F83411C6
:105710005043C1EB4001284603F04EFE0004000C4C
:10572000E2D0189901B108800120E3E7FFE70020EB
:10573000C8E794F87C01FDF78CF994F87C012946C0
:1057400000F059FB20B10D9880F0010084F8410170
:105750000020CFE77CB50446FCF72FFE0146D4F8C5
:105760007001FDF72BFB214600F076FB94F87D10CD
:105770000D290AD0B4F87020B4F83E1113189942DC
:1057800006DB491CA4F83E1106E0B4F83E010CE02B
:10579000401C1044A4F83E0194F8420140B9B4F80A
:1057A0003E01B4F8F410884202D1401CA4F83E0136
:1057B000B4F87A0101AE401CA4F87A01B4F89A005A
:1057C000B4F89810401AB4F87010401E084485B21E
:1057D00009E000231A4620460096FFF7E4FCD0B10A
:1057E00001282ED0FFDFB4F83E11681A00B200285D
:1057F000EFDA082084F88D00012084F88C00204620
:1058000001F0F5FE204600F0F8FA60484079BDE866
:105810007C40F5F7C9BBA06E002811D0B4F83E015A
:10582000B4F89420801A01B2002909DD34F86C0F15
:105830000144491E91FBF0F189B201FB0020208553
:105840007CBDB4F83E01BDF804100844A4F83E0144
:10585000C9E770B54E4C607A08B1002070BD94F86D
:10586000300030B1616B606A884202D9F8F70CFBF6
:10587000F3E7A06AC8B1F7F725FF0546F7F7F9FE89
:10588000284442F210714618FCF797FD0546294658
:10589000E06AFDF793FAE562A16A8219914202D2A9
:1058A0000120A062E2E7081AA062012070BD70B575
:1058B000374C012500202575207494F8300004F140
:1058C000100650B14FF47A71A069FCF74AFAA06152
:1058D0000021304603F070FD10E0002000F00DFBC9
:1058E0000546F7F7EFFE05442946A069FCF739FAAB
:1058F000A0612946304603F05FFD451C208C411C09
:105900000A2901D228442084606828B1208C401CD8
:105910000A2801D3022000E003206075FFF799FFF9
:1059200038B1207B314600F066FA002800D1FFDF55
:1059300070BD00F0DAFA15484079BDE87040F5F71F
:1059400033BB38B50025044680F82C51A0F87851B7
:105950002B462A4629460095FFF725FC00B1FFDFBC
:10596000C4F828510120C4F8205184F82C01A4F86F
:105970003E51A4F83C5184F8425134F8700F401E57
:1059800024F8B80B0020A4F8525038BDD8000020ED
:10599000000B002010B530B1F749012807D00228CC
:1059A0000BD0FFDF10BDBDE8104000F0EABA486A36
:1059B000BDE81040002100F0B5BA002081F83000A9
:1059C000FCF7F9FBED484079BDE81040F5F7ECBA7B
:1059D0002DE9F0410646E8480F460178E74D0329D6
:1059E00009D1017BB14206D1406868613846BDE803
:1059F000F04100F0EEBA304600F0F3F90621FAF774
:105A00005DFB040000D1FFDF304600F0EAF9218899
:105A1000884200D0FFDF214638466C61BDE8F04186
:105A200000F027BA10B5D44C207848B1012060723C
:105A3000F8F74CFA2078032804D0207A002800D008
:105A40000C2010BD207BFDF704F8207BFDF772FAD7
:105A5000207BFCF78FFC00B9FFDF0020207010BD19
:105A600010B5FFF7DFFF00F0F1FAC348002180F81E
:105A70003010C172084610BDC049487100208870BE
:105A800001220A7048700A71C870BB490870E7E7C4
:105A9000BA49087070472DE9F047B74C07460E46E3
:105AA000207800284BD1B648FCF702FC20731F2851
:105AB00045D04FF00309676084F8009000256572B7
:105AC000257287B1012107F58E70FDF740FE062093
:105AD000FAF7A0FA97F81C11B1FBF0F200FB1210D4
:105AE000401C87F81C01FCF73EFC40F2F65188424E
:105AF00000D2084600F23F101FFA80F8F7F7B9FD10
:105B0000E061F7F7DFFD0127E0B1A772FCF755FC74
:105B10008246002000F0F1F900EB08015046FCF746
:105B200020F9A061C4E90A6A277584F815909249A2
:105B30002574207B103100F05EF990B910E00C2044
:105B4000BDE8F087FCF739FC4146FCF70AF9A06193
:105B5000A57284F83070A6F28B566663A562E3E7FF
:105B6000FFDF25840020F8F7B1F90020E8E783493A
:105B7000487070478149087170472DE9F0417F4CAA
:105B80000746E088401CE080D4E902516078D7F8ED
:105B9000806120B13246284603F036FC0546A068F5
:105BA000854205D02169281A08442061FDF7D3F801
:105BB000A560AE4205D897F82C01012801D0E07805
:105BC00010B10020BDE8F0810120FBE710B50446CC
:105BD0000846FEF7CFFA4AF2B12108444FF47A7131
:105BE000B0FBF1F040F2E2414C4300F23630844227
:105BF00001D9201A10BD002010BD7CB5044600203C
:105C000084F8400194F8FE0000283FD194F82C015C
:105C100003283BD1FCF7D1FB0146D4F87001FDF716
:105C2000CDF8002832DD214600F016F9411CB4F809
:105C300070000144A4F83C11B4F83C11B4F8F4200D
:105C4000511A09B2002921DD012184F84211B4F86A
:105C50009A10B4F8982001AE891A491E084485B2FA
:105C60000EE00096B4F83C11002301222046FFF715
:105C70009AFA00280AD0012809D0022806D0FFDFAE
:105C8000B4F83C01281A00B20028EADA7CBDB4F866
:105C90003C01BDF804100844A4F83C01F0E738B515
:105CA00000250446012902D13448C07868B1042097
:105CB00084F82C01FCF77FFAA4F87A51B4F870004C
:105CC000A4F83E0184F842515FE60095B4F8F41060
:105CD000012300222046FFF766FA0028EAD0FFDF02
:105CE000E8E710B5062916D2DFE801F00509030C34
:105CF0000C0D002100E00121BDE81040CFE7032199
:105D000080F82C1110BDB0F834118AB2816ABDE858
:105D10001040FFF7FCB9FFDF10BD70B5174CA1783C
:105D2000022916D1E188002913D16569C5F88401DB
:105D300095F86500FEF78BFAD5F88411081AA1686A
:105D40000144A160E1680844E060BDE8704000F0F3
:105D5000A9B970BD70B5054608488478022C11D0E9
:105D6000054C243401B34FF47A7601290ED0022970
:105D700010D0FFDF70BD0000000B0020D800002015
:105D8000D1590100446904F5C074EBE71846FEF7E9
:105D900056FA02E01046FEF795FF00F2E140B0FB34
:105DA000F6F0281A2060E5E72560E3E7FE4810B525
:105DB000007808B1002010BD0620FAF71DF980F028
:105DC000010010BDF8480078002800D0012070477D
:105DD00010B504460C2800D3FFDFF44830F8140057
:105DE00010BD10B504461F2800D3FFDFEE48383041
:105DF00030F8140010BDFCF711BD70B5044600204A
:105E000084F82C0194F87C514FF6FF761F2D00D3B7
:105E1000FFDFE548383020F8156094F87C01FCF786
:105E2000A9FA1F2084F87C01A4E770B505460C464A
:105E300016461046FEF79EF94AF2B12108444FF487
:105E40007A71B0FBF1F000EB450004443046FEF7F8
:105E5000FEF9204460308DE7002809D0D1F83421C4
:105E6000498840F271235943C2EB4101B0FBF1F084
:105E700070472DE9F04101250226CD4F0C46082838
:105E800031D2DFE800F0040E161611301A23204636
:105E900000F0ADF9204600F064F984F84051BE707E
:105EA00090E601F00AFF01E0FEF72FFE84F8405172
:105EB00088E62046BDE8F0414CE4FEF7B3FCFEF76F
:105EC00024FE4FF0E020C0F880627BE694F82C01BD
:105ED000042800D0FFDF2046FFF78FFF7879BDE868
:105EE000F041F5F761B8FFDF6CE610B5AE4C207BF2
:105EF000FCF740FA0020207010BD08B500284FF0D4
:105F00000101684602D0FDF703FC01E0FDF7F6FB56
:105F10009DF8000042F210710002B0FBF1F201FBAB
:105F2000120008BD2DE9F0419F4C0746002084F87F
:105F30003000A669E07220700120207201216068A3
:105F400003F0B2F86068C0F87061257B80F87C517E
:105F5000C0F88071C0F8746106881F2D00D3FFDF80
:105F60009148383020F815606068FFF7EAFC00B10E
:105F7000FFDFFCF720F98E484079BDE8F041F5F7E6
:105F800013B870B5884C0025A07A18B10120FFF72E
:105F9000B4FF0546F7F796FB4119A069FBF7E1FE50
:105FA000A061002525740320607501202075607AAA
:105FB00030B97D49207B1031FFF71DFF00B9FFDFAD
:105FC0002584FCF7F8F87A484079BDE87040F4F78A
:105FD000EBBF70B5744D04462878032800D0FFDF6E
:105FE000082C31D2DFE804F0040E2A2A2630302DA6
:105FF00000206862F7F77CFD00B1FFDF6C490320E9
:106000008870B7E6F7F735FBE9690446A14206D286
:10601000601A0421FCF705FFEC6108B906E0E861AD
:10602000F7F7B1FE0028ECD0FFDFA3E6BDE8704033
:106030000020AFE4BDE87040FEF767BDBDE87040EA
:1060400035E4BDE8704050E7FFDF93E6FEB5584CFD
:106050000120E0704FF6FF750CE00621FAF72EF8EC
:10606000060000D1FFDF96F87C01FCF763FF3046A5
:10607000FFF7C3FE69460620F9F7ADFF50B1FFDF19
:1060800008E0029830B190F82C1119B10088A842AC
:10609000E3D104E06846F9F77CFF0028F1D0002046
:1060A000E070FEBD2DE9F0474148446994F8431182
:1060B000002955D094F82C11032951D194F86590FA
:1060C0000078FFF785FE054694F88C01FFF780FE07
:1060D000284486B294F88C01FFF77AFE00F5C86078
:1060E0001FFA80F84846FEF7B2F8D4F884110D1A6A
:1060F0004846FEF73FF84FF47A7A00F2E730B0FBFB
:10610000FAF02D1A4846FEF7A2F8D4F800110F1A3B
:106110004846FEF72FF84AF2B1210144B1FBFAF0EC
:106120003A1AA2F160007043B0FBF8F1292000EBAD
:1061300052006031A0EB510200EB5100AA4201D89D
:10614000854201D3F4F714FE608840F2E2414843EF
:106150003146FFF70DF8C4F83401002084F84301FC
:10616000EEE470B50446FCF7FEF8054694F86500C9
:10617000FEF700F84AF2B12108444FF47A71B0FBFF
:10618000F1F0D4F8341140F2712201446088504398
:10619000C1EB4006303EB72D00D8B725214601207F
:1061A00003F0CFFC284405E0000B002088B201007A
:1061B000D8000020351A21460120A5F21B3503F036
:1061C000C0FC616A9C30814201D9081A00E00020BD
:1061D0002C49A842CD6000D328468860D4F86C01D1
:1061E000A0F5D3700861BDE87040FCF7B4BD10B5F0
:1061F000044624490020C4F88001C880C4F8840102
:1062000094F8410138B9FCF7D8F8D4F84C11FCF7F0
:10621000D5FD002813DCB4F83E11B4F870008142BB
:1062200001D1B4F8F410081AA4F8F600A4F870101C
:10623000D4F86801C4F84C01C4F870011CE0B4F84B
:106240003C01B4F87010401AA4F8F600B4F83C0110
:10625000A4F87000D4F84C01C4F86801C4F87001C7
:10626000D4F85401C4F80001D4F85801C4F87401FA
:10627000B4F85C01A4F878012046BDE8104001F0B4
:1062800006BC0000D80000202DE9F0410E4604466F
:1062900003F06FFB0546204603F06DFB044603F058
:1062A000FDF8FB4F010015D0386990F864208A4250
:1062B00010D090F8C4311BB190F8C63123421FD0E2
:1062C0002EB990F85D30234201D18A4218D890F857
:1062D000C401A8B1284603F0E1F870B1396991F81A
:1062E0006520824209D091F8C40118B191F8C70124
:1062F000284205D091F8C40110B10120BDE8F08119
:106300000020FBE730B5E24C85B0E06900285ED0A4
:10631000142200216846F7F736F8206990F86500E6
:10632000FDF728FF4FF47A7100F5FA70B0FBF1F534
:10633000206990F86500FDF78AFF2844ADF8060053
:1063400020690188ADF80010B0F87010ADF80410A5
:106350004188ADF8021090F8A60130B1A069C11CC7
:10636000039103F01FFA8DF81000206990F8A50141
:106370008DF80800E169684688472069002180F8A7
:10638000A61180F8A5110399002920D090F8A41136
:1063900000291CD190F87C10272918D09DF81010E6
:1063A000039A002913D013780124FF2B11D0072B57
:1063B0000DD102290BD15178FF2908D180F8A441D1
:1063C0000399C0F8A8119DF8101080F8A71105B026
:1063D00030BD1B29F2D9FAE770B5AD4C206990F8B1
:1063E0007D001B2800D0FFDF2069002580F8A75022
:1063F00090F8D80100B1FFDF206990F8A81041B1F2
:1064000080F8A8500188A0F8DC1180F8DA510C213E
:1064100008E00188A0F8DC1180F8DA51012180F849
:10642000DE110B2180F8D8110088F9F77AFFF9F70F
:1064300023FC2079F4F7B8FD206980F87D5070BD09
:1064400070B5934CA07980072CD5A078002829D16D
:1064500062692046D37801690D2B01F170005FD08D
:106460000DDCA3F102034FF001050B2B19D2DFE87D
:1064700003F01A1844506127182C183A6400152BA1
:106480006FD008DC112B4BD0122B5AD0132B62D0BB
:10649000142B06D166E0162B71D0172B70D0FF2B72
:1064A0006FD0FFDF70BD91F87F200123194602F005
:1064B00038FF0028F6D12169082081F87F0070BDDF
:1064C0001079BDE8704001F0A2BC91F87E00C007D1
:1064D00000D1FFDF01F05AFC206910F87E1F21F087
:1064E0000101017070BD91F87D00102800D0FFDF20
:1064F0002069112180F8A75008E091F87D00142848
:1065000000D0FFDF2069152180F8A75080F87D10AA
:1065100070BD91F87D00152800D0FFDF172005E041
:1065200091F87D00152800D0FFDF1920216981F83E
:106530007D0070BDBDE870404EE7BDE8704001F0E1
:106540003ABC91F87C200123002102F0EAFE00B958
:10655000FFDF0E200FE011F87E0F20F0040008701E
:106560001DE00FE091F87C200123002102F0D9FE0C
:1065700000B9FFDF1C20216981F87C0070BD12E0AA
:106580001BE022E091F87E00C0F30110012800D04A
:10659000FFDF206910F87E1F21F010010170BDE8B7
:1065A000704001F0F3BB91F87C200123002102F040
:1065B000B8FE00B9FFDF1F20DDE791F87D0021283C
:1065C00001D000B1FFDF2220B0E7BDE8704001F04C
:1065D000E9BB2F48016991F87E20130702D50121FC
:1065E0008170704742F0080281F87E208069C0788F
:1065F00081F8E10001F0C1BB10B5254C21690A8882
:10660000A1F81A2281F8180291F8640001F0A9FBA0
:10661000216981F81C0291F8650001F0A2FB216953
:1066200081F81D02012081F81602002081F8C401C2
:106630002079BDE81040F4F7B7BC10B5144C052123
:106640002069FFF74EFB206990F85A10012908D005
:1066500000F5F77103F048FA2079BDE81040F4F72F
:10666000A3BC022180F85A1010BD10B5084C0123BC
:106670000921206990F87C20703002F052FE48B168
:106680002169002001F8960F087301F81A0C10BD5B
:10669000F80000200120A070F9E770B5FE4D01233D
:1066A00029462869896990F87C2009790E2A01D148
:1066B000122903D000241C2A03D004E0BDE8704056
:1066C000D3E7142902D0202A07D008E080F87C40C4
:1066D00080F8A240BDE87040AFE7162906D0262A10
:1066E00001D1162902D0172909D00CE000F87C4FFF
:1066F00080F82640407821280CD01A2017E090F826
:106700007D20222A07D0EA69002A03D0FF2901D17F
:1067100080F8A63132E780F87D4001F037FB286928
:1067200080F8974090F8C4010028F3D00020BDE81D
:10673000704061E72DE9F843D74C206990F87C1050
:10674000202909D05FF0000790F87D10222905D09C
:106750007FB300F17C0503E00127F5E700F17D053B
:1067600010F8B01F41F004010170A06903F007F9AF
:106770004FF00108002608B33946A069FFF784FDF1
:10678000E0B16A46A169206902F096FE90B3A06963
:1067900003F0F3F82169A1F8AE01B1F8701001F02F
:1067A000C6FA40B32069282180F88D1080F88C80CB
:1067B00048E0FFE70220A070BDE8F883206990F868
:1067C000C40110B11E20FFF717FFAFB1A069216906
:1067D000C07881F8E20008FA00F1C1F3006000B966
:1067E000FFDF20690A2180F87C1090F8A20040B9F0
:1067F000FFDF06E009E01AE02E7001F0C7FAFFF7AC
:10680000E8FE206980F89760D6E7206990F8C40117
:1068100018B10020FFF7F0FE2E70206900F17D0115
:1068200080F897608D420DD180F87D600AE0206984
:106830009DF8001080F8B0119DF8011080F8B1119A
:1068400024202870206900F17D018D4203D1BDE82C
:10685000F84301F09BBA80F8A260ADE770B58E4CAA
:1068600001230B21206990F87D20703002F059FD42
:10687000202650BB20690123002190F87D20703034
:1068800002F04FFD0125F0B1206990F87C0024282A
:106890001BD0A06903F063F8C8B1206990F8B0106C
:1068A00041F0040180F8B010A1694A7902F00702B2
:1068B00080F85D20097901F0070180F85C1090F8FC
:1068C000C5311BBB06E0A57058E6A67056E6BDE8CC
:1068D00070407EE690F8C431C3B900F164035E787D
:1068E0008E4205D11978914202D180F897500DE07F
:1068F00000F504710D7002884A8090F85C200A71DE
:1069000090F85D0048712079F4F74EFB2169212051
:1069100081F87D00BDE8704001F02FBAF8B55E4CFB
:10692000206990F87E0010F0300F04D0A07840F07D
:106930000100A070F8BDA06902F0FAFF50B3A06991
:1069400002F0F0FF0746A06902F0F0FF0646A069DA
:1069500002F0E6FF0546A06902F0E6FF0146009757
:10696000206933462A46303003F046F8A079800784
:1069700003D56069C07814280FD0216991F87C0094
:106980001C280AD091F85A0001280ED091F8BB01BA
:1069900058B907E0BDE8F8401BE62169012081F8FD
:1069A0005A0002E091F8BA0130B1206910F87E1F58
:1069B00041F0100101700EE091F87E0001F5FE72C9
:1069C00040F0200081F87E0031F8300B03F080F8B1
:1069D0002079F4F7E9FABDE8F84001F0CEB970B5D6
:1069E0002D4C206990F87E10890707D590F87C20FF
:1069F00001230821703002F094FCE8B1206990F87E
:106A0000AA00800712D4A06902F073FF216981F8FF
:106A1000AB00A06930F8052FA1F8AC204088A1F8A0
:106A2000AE0011F8AA0F40F002000870206990F83B
:106A3000AA10C90703D00FE00120A0709EE590F8CE
:106A40007E00800700D5FFDF206910F87E1F41F02F
:106A50000201017001F091F92069002590F87C1085
:106A6000062906D180F87C5080F8A2502079F4F7EE
:106A70009BFA206990F8AC110429DFD180F8AC5161
:106A80002079F4F791FA206990F87C100029D5D18B
:106A900080F8A25072E50000F800002070B5FE4CAE
:106AA00001230021206990F87D20703002F039FC2C
:106AB000012578B9206990F87D20122A0AD0012397
:106AC0000521703002F02DFC10B10820A07055E5B2
:106AD000A57053E5206990F8A80008B901F04DF9B8
:106AE0002169A06901F5847102F0F1FE2169A069B4
:106AF000D83102F0F2FE206990F8E00100B1FFDF2A
:106B000021690888A1F8E20101F5F271A06902F09B
:106B1000D6FE2169A06901F5F67102F0D5FE206963
:106B200080F8E051142180F87D102079BDE8704094
:106B3000F4F73ABA70B5D84C01230021206990F8D7
:106B40007D20703002F0EDFB0125A8B1A06902F0B4
:106B50008CFE98B1A0692169B0F80D00A1F8AE01D2
:106B6000B1F8701001F0E3F858B12069282180F8DD
:106B70008D1080F88C5001E5A570FFE4BDE87040F1
:106B800027E5A0692169027981F8B021B0F80520D4
:106B9000A1F8B22102F060FE2169A1F8B401A06958
:106BA00002F05DFE2169A1F8B601A06902F05AFE6B
:106BB0002169A1F8B8010D2081F87D00DEE47CB5E3
:106BC000B54CA079C00738D0A06901230521C5784C
:106BD000206990F87D20703002F0A3FB68B1AD1EF3
:106BE0000A2D06D2DFE805F00909050509090505A2
:106BF0000909A07840F00800A070A07800281CD1F6
:106C0000A06902F0FFFD00287AD0A0690226C578AD
:106C10001DB1012D01D0162D18D1206990F87C00EE
:106C200002F067FB90B1206990F87C101F290DD00D
:106C3000202903D0162D16D0A6707CBD262180F801
:106C40007C10162D02D02A20FFF7D6FC0C2D58D030
:106C50000CDC0C2D54D2DFE805F033301D44A7A71F
:106C6000479E57A736392020A0707CBD0120152DE6
:106C700075D008DC112D73D0122D69D0132D64D07E
:106C8000142D3DD178E0162D7CD0182D7DD0FF2D10
:106C900036D183E020690123194690F87F207030B7
:106CA00002F03FFBF8B9A06902F007FE216981F804
:106CB0009201072081F87F0078E001F044F975E047
:106CC000FFF738FF72E001F01EF96FE0206990F8DD
:106CD0007D10112901D0A67068E0122180F87D1086
:106CE00064E0FFF7DBFE61E0206990F87D00172883
:106CF000F1D101F04BF821691B2081F87D0055E0AE
:106D000052E0FFF76CFE51E0206990F87E00C0076A
:106D100003D0A07840F001001FE06946A06902F0AE
:106D2000EAFD9DF8000000F02501206900F8B01F81
:106D30009DF8011001F04101417001F01EF8206939
:106D400010F87E1F41F0010114E0FFF78EFC2DE0EA
:106D5000216991F87E10490705D5A07026E00EE064
:106D600016E00FE011E001F008F8206910F87E1F2E
:106D700041F00401017019E0FFF7D0FD16E001F0C9
:106D80008AF813E0FFF76AFD10E0FFF7D3FC0DE08F
:106D900001F060F80AE0FFF780FC07E0E16919B153
:106DA000216981F8A60101E0FFF713FC2069F0E9F1
:106DB0003012491C42F10002C0E900127CBD70B5DE
:106DC000354CA07900074AD5A078002847D1206922
:106DD00090F8E400FE2800D1FFDF2069FE210025A5
:106DE00080F8E41090F87D10192906D180F8A7509A
:106DF00000F0CCFF206980F87D50206990F87C106D
:106E00001F2902D0272921D119E090F87D0002F036
:106E100070FA78B120692621012380F87C1090F85F
:106E20007D200B21703002F07CFA78B92A20FFF720
:106E3000E3FB0BE02169202081F87C0006E00121C2
:106E400080F8A51180F87C5080F8A250206990F855
:106E50007F10082903D10221217080F8E41059E441
:106E600010B50D4C216991F8B0210AB991F8642050
:106E700081F8642091F8B1210AB991F8652081F870
:106E8000652010B10020FFF7B7FB206902F0D4FDA8
:106E9000002809D0206901E0F8000020BDE810407A
:106EA00000F5F77102F020BE10BD70B5FC4C06462F
:106EB0000D46206990F8E400FE2800D0FFDF22692B
:106EC000002082F8E46015B1A2F8A40022E422F8C0
:106ED0009E0F012010711DE470B5F14C01230021BB
:106EE000206990F87C20703002F01BFA002869D0ED
:106EF000206990F8BA1111B190F8BB1139B190F82E
:106F0000C41100295DD090F8C51111B359E090F873
:106F10007D1024291BD090F87C10242917D0002341
:106F200000F5D87200F5DD7102F058FD21690020EE
:106F300081F8BA0101461420FFF7B7FF216901F17A
:106F40003000C28A21F8E62F408B48803FE00123C1
:106F5000E6E790F87D2001230B21703002F0E1F983
:106F600078BB206990F8640000F0FBFE05462069BC
:106F700090F8650000F0F5FE0646206990F8C6110D
:106F8000284600F0E0FE50B1206990F8C711304665
:106F900000F0D9FE18B10020FFF72EFB11E02069A8
:106FA0000123032190F87D20703002F0BAF940B936
:106FB00020690123022190F87D20703002F0B1F9A0
:106FC00008B1002080E400211620FFF76EFF0120A9
:106FD0007AE410B5F0BBB24C206990F87E10CA0775
:106FE00002D00121092051E08A070AD501210C2095
:106FF000FFF75BFF206910F8AA1F41F00101017043
:1070000046E04A0702D5012113203FE00A0705D5D3
:1070100010F8E11F41710121072037E011F0300F16
:107020003AD090F8BB11A9B990F8BA11D9B190F83B
:107030007D1024292ED090F87C1024292AD00023FA
:1070400000F5D87200F5DD7102F0C8FC216911F875
:107050007E0F00E020E020F0200040F010000870DB
:10706000002081F83C01206990F87E10C90613D5F4
:1070700002F0E2FCFFF7E1FA216901F13000C28A77
:1070800021F8E62F408B488001211520FFF70DFFE6
:10709000012010BD0123D3E7002010BD70B5804C46
:1070A000206990F8E410FE2978D1A178002975D1E3
:1070B00090F87F2001231946703002F032F9002841
:1070C0006CD1206990F8901149B10021A0F89C1072
:1070D00090F8911180F8E610002102205BE090F812
:1070E0007D2001230421703002F01BF90546FFF7D3
:1070F00070FF002852D1284600F089FF00284DD1AA
:1071000020690123002190F87C20703002F009F9F9
:1071100078B120690123042190F87D20703002F0BD
:1071200000F930B9206990F8960010B100211220C2
:1071300031E0206990F87C200A2A0DD0002D2DD155
:1071400001230021703002F0ECF878B1206990F84A
:10715000AC1104290AD105E010F8E21F01710021E9
:10716000072018E090F8AA00800718D0FFF7B4FEB7
:10717000002813D120690123002190F87C20703071
:1071800002F0CFF8002809D0206990F8A401002867
:1071900004D00021FF20BDE8704086E609E0002110
:1071A0000C20FFF782FE206910F8AA1F41F00101B0
:1071B000017043E43EB505466846FDF7BDFE00B9E3
:1071C000FFDF222200210098F6F7DDF80321009866
:1071D00002F0FFFA0098017821F0100101702946B1
:1071E00002F01DFB2E4C0D2D40D00BDCA5F102054D
:1071F0000B2D19D2DFE805F01F184719191F185673
:1072000018192400152D5ED008DC112D25D0122D63
:107210000BD0132D09D0142D06D154E0162D29D0F2
:10722000172D69D0FF2D73D0FFDFFDF79AFE0028E0
:1072300000D1FFDF3EBD2169009891F8E61017E00C
:10724000E26800981178017191884171090A817191
:107250005188C171090A0172E7E70321009802F021
:10726000A6FB0621009802F0A6FBDEE700980621A7
:107270000171DAE70098216991F8C621027191F84D
:10728000C7114171D1E72169009801F5887102F0B9
:1072900028FB21690098DC3102F028FBC5E70000DB
:1072A000F8000020F849D1E90001CDE90101206989
:1072B00001A990F8B00000F025008DF804000098B6
:1072C00002F048FBB1E72069B0F84810009802F0DE
:1072D00017FB2069B0F8E810009802F015FB206950
:1072E000B0F84410009802F013FB2069B0F8E610E3
:1072F000009802F011FB98E7216991F8C401002879
:107300000098B9D111F8642F02714978B9E7FFE705
:10731000206990F8A721D0F8A811009802F08DFA02
:1073200083E7DA4810B5006990F8821041B990F807
:107330007D2001230621703001F0F3FF002800D0EA
:10734000012010BD70B5D14D286990F8801039B179
:10735000012905D0022906D0032904D0FFDF0AE461
:10736000B0F8F41037E090F87F10082936D0B0F864
:107370009810B0F89A2000248B1C9A4206D3511A18
:10738000891E0C04240C01D0641EA4B290F896103F
:1073900039B190F87C2001230921703001F0C1FF40
:1073A00040B3FFF7BEFF78B129690020B1F8902003
:1073B000B1F88E108B1C9A4203D3501A801E00D055
:1073C000401EA04200D284B20CB1641EA4B228694F
:1073D000B0F8F4102144A0F8F01040E5B0F898108F
:1073E0000329BDD330F8701F428D1144491CA0F809
:1073F000801034E50024EAE770B50C4605464FF4EA
:10740000087200212046F5F7BEFF258027E5F8F732
:107410005FBF2DE9F0410D4607460621F8F74EFE05
:10742000041E3ED094F8CC010026B8B16E7007203F
:1074300028700DE0268484F8CC61D4F8CE01C5F81C
:107440000200D4F8D201C5F80600B4F8D60168816C
:1074500094F8CC010028EDD1AE70B6E094F8D801D4
:1074600090B394F8D8010B2813D00C2801D0FFDF7B
:10747000ABE02088F8F755FF0746F8F712FC78B91B
:107480006E700C20287094F8DA01A8702088A8800B
:1074900014E02088F8F745FF0746F8F702FC10B122
:1074A0000020BDE8F0816E700B20287094F8DA019E
:1074B000A8702088A88094F8DE01A87184F8D861AB
:1074C0003846F8F7E8FB80E0FFE794F80E0230B1A9
:1074D0006E700E20287084F80E626F8075E094F84C
:1074E000E00180B16E700820287020886880D4F890
:1074F000E4116960D4F8E811A960B4F8EC01A8813E
:1075000084F8E06161E094F8080270B16E701620B2
:10751000287005E084F80862D4F80A02C5F8020071
:1075200094F808020028F5D14FE094F8EE01B0B1CC
:107530006E70122028700DE084F8EE61D4F8F0012E
:10754000C5F80200D4F8F401C5F80600D4F8F80133
:10755000C5F80A0094F8EE010028EDD135E094F862
:10756000FC0180B16E701820287084F8FC61D4F89A
:10757000FE01C5F80200D4F80202C5F80600B4F80E
:107580000602688121E094F8100240B119202870A9
:1075900084F81062D4F81202C5F8020015E094F8DD
:1075A000160200283FF47DAF6E701320287008E0AB
:1075B00084F81662D4F81802C5F80200B4F81C0268
:1075C000E88094F816020028F2D1012069E72F48DC
:1075D0000021C16101620846704730B52B4D0C4651
:1075E000E860FFF7F4FF00B1FFDF2C7130BD002130
:1075F00080F87C1080F87D1080F8801090F8FE10E4
:1076000009B1022100E00321FEF76BBB2DE9F04137
:107610001E4C0546206909B1002104E0B0F80611AE
:10762000B0F8F6201144A0F8061190F8901139B97D
:1076300090F87F2001231946703001F072FE30B1BE
:10764000206930F89C1FB0F85A201144018020694D
:1076500090F8A23033B1B0F89E10B0F8F620114483
:10766000A0F89E1090F9A670002F06DDB0F8A410C7
:10767000B0F8F6201144A0F8A41001213D263DB138
:1076800080F88D6018E00000A0B20100F800002032
:107690002278022A0AD0012A11D0A2782AB380F8CF
:1076A0008C1012F0140F0DD01E2113E090F8E6207C
:1076B000062A3CD016223AE080F88C1044E090F87C
:1076C000922134E0110702D580F88D603CE09106EC
:1076D00003D5232180F88D1036E0900700D1FFDF1D
:1076E00021692A2081F88D002AE02BB1B0F89E2074
:1076F000B0F8A0309A4210D2002F05DDB0F8A420D7
:10770000B0F8A0309A4208D2B0F89C30B0F89A2075
:10771000934204D390F890310BB1222207E090F805
:1077200080303BB1B0F89830934209D3082280F8FA
:107730008D20C1E7B0F89820062A01D33E22F6E753
:10774000206990F88C1019B12069BDE8F0414EE72E
:10775000BDE8F0410021FEF7C4BA2DE9F047FF4C27
:1077600081460D4620690088F8F7EDFD060000D13E
:10777000FFDFA0782843A070A0794FF000058006B5
:10778000206904D5A0F8985080F8045103E030F83F
:10779000981F491C0180FFF7C4FD012740B3E08812
:1077A000000506D5206990F8821011B1A0F88E501E
:1077B0001EE02069B0F88E10491C89B2A0F88E1026
:1077C000B0F890208A4201D3531A00E00023B4F8A5
:1077D00008C00CF1050C634501D880F89670914201
:1077E00006D3A0F88E5080F80E722079F3F7DCFBF8
:1077F000A0794FF0020810F0600F0ED0206990F8C9
:10780000801011B1032908D102E080F8807001E0F6
:1078100080F880800121FEF764FA206990F88010DA
:10782000012904D1E188C90501D580F88080B9F12A
:10783000000F71D1E188890502D5A0F8185104E044
:10784000B0F81811491CA0F8181100F0A7FBFEF7BA
:1078500059FDFFF723FC00F0B2FD0028206902D09B
:10786000A0F8F85003E030F8F81F491C018000F040
:10787000A9FD38B1206990F80411022907D8491CE4
:1078800080F80411206990F80401022804D92069C5
:1078900020F8F85F4580057320690123002190F8E6
:1078A0007D20703001F03DFD20B9206990F87D0009
:1078B0000C286AD120690123002190F87C207030C7
:1078C00001F02FFD48B320690123002190F87F20AB
:1078D000703001F026FD00B3206990F88010022975
:1078E00053D190F80401C0B93046F7F7AAFFA0B110
:1078F000216991F8E400FE2847D1B1F8F20001288F
:1079000043D981F8FD70B1F89A20B1F89800931E20
:10791000984203DB012004E043E036E0101A401EE9
:1079200080B2B1F8F82023899A4201D3012202E003
:107930009A1A521C92B2904200D91046012801D1E5
:1079400081F8FD5091F86F206AB98A6E5AB1B1F88A
:107950009420B1F87030D21A12B2002A03DD90429E
:1079600000DB104680B291F8892192B1B1F8FA207B
:10797000B1F88A118A4201D3012102E0891A491C17
:1079800089B2884205D9084603E02169012081F8BF
:10799000FD502169B1F870201044A1F8F400FFF700
:1079A000D1FCE088C0F340214846FFF72FFE206954
:1079B00080F8FE50BDE8F047FDF7F6BA6749024689
:1079C0008878CB78184312D10846006942B189798A
:1079D000090703D590F87F00082808D001207047D8
:1079E000B0F84C10028E914201D8FEF7C6B80020C4
:1079F000704770B5594C05460E46E0882843E08034
:107A0000A80703D5E80700D0FFDF6661EA074FF05B
:107A100000014FF001001AD0A661F278062A02D0C8
:107A20000B2A14D10AE0226992F87D30172B0ED16F
:107A30000023E2E92E3302F8370C08E0226992F8BD
:107A40007D30112B03D182F8811082F8A800AA079B
:107A500018D56269D278052A02D00B2A12D10AE021
:107A6000216991F87D20152A0CD10022E1E930220C
:107A700001F83E0C06E0206990F87D20102A01D123
:107A800080F88210280601D50820E07067E42DE90F
:107A9000F84F324C00254FF00108E580A570E570E5
:107AA0004146257061F3070220619246814680F8C5
:107AB000FE800088F8F747FC070000D1FFDF20694F
:107AC0000088FDF736FA20690088FDF75BFA206927
:107AD000B0F8F21071B190F8E410FE290FD190F8CF
:107AE000901189B190F87F2001231946703001F080
:107AF00018FC78B1206990F8E400FE2804D02069D1
:107B000090F8E400FFF756FB206990F8FF1089B168
:107B1000258118E02069A0F89C5090F8911180F818
:107B2000E61000210220FFF7C0F9206980F8FD501F
:107B30000220E7E790F8CC1119B9018C82889142B4
:107B400000D881882181B0F8F610491E8EB2B0F8B5
:107B5000F8103144A0F8F81002E00000F80000200E
:107B600090F8FC1021B1A0F8FA5080F8FC5004E025
:107B7000B0F8FA103144A0F8FA1030F8981F3144E8
:107B80000180FFF7CEFB20B1206930F88E1F314411
:107B900001802069B0F8F210012902D8491CA0F830
:107BA000F2100EB180F8045190F8FD10A1B1B0F8B8
:107BB000F800218988420FD23846F7F742FE58B1C3
:107BC000206990F8891139B1B0F8FA10B0F88A013B
:107BD000814201D300F0F9FB206980F8FD5090F854
:107BE0007D100B2901D00C2916D1B0F87020B0F807
:107BF000AE31D21A12B2002A0EDBD0F8B011816079
:107C000090F8B4110173032101F04EFA206980F855
:107C10007D5080F8B28026E0242910D1B0F8701091
:107C2000B0F8AE21891A09B2002908DB90F8C40126
:107C3000FFF716F9206900F87D5F857613E090F86C
:107C40007C10242901D025290DD1B0F87010B0F88E
:107C5000AE01081A00B2002805DB0120FFF700F989
:107C6000206980F87C5020690146B0F8F620703019
:107C700001F0C8FA206990F8891109B1A0F8FA500A
:107C8000F6480090F64BF74A4946504600F0DEFAB7
:107C9000216A11B16078FCF74DFE206901230521AE
:107CA00090F87D20703001F03CFB002803D0BDE847
:107CB000F84F00F038BABDE8F88F00F045BBEA494C
:107CC000C8617047E848C069002800D001207047AB
:107CD000E54A50701162704710B50446B0F8B421FF
:107CE0004388B0F8B611B0F8B8019A4205D1A3881C
:107CF000994202D1E38898420FD02388A4F8D0316A
:107D0000A4F8D221A4F8D411A4F8D601012084F853
:107D1000CC01D5480079F3F747F90221204601F05C
:107D2000C3F9002004F87D0F0320E07010BD401A55
:107D300000B247F6FE71884201DC002801DC012018
:107D4000704700207047012802D0022805D102E0C8
:107D5000012904D001E0022901D000207047012050
:107D6000704710B5012804D0022804D0FFDF204658
:107D700010BD0124FBE70224F9E7BB48002100699C
:107D800020F8A41F8178491C81707047B64800B55F
:107D9000016911F8A60F401E40B20870002800DAF1
:107DA000FFDF00BDB0482721006980F87C1000216A
:107DB00080F8A411704710B5AB4C206990F8AC1155
:107DC000042916D190F87C2001230021703001F0A5
:107DD000A8FA00B9FFDF206990F8AA10890703D438
:107DE000062180F87C1004E0002180F8A21080F8C1
:107DF000AC11206990F87E00800707D5FFF7C6FF19
:107E0000206910F87E1F21F00201017010BD964913
:107E100010B5096991F87C200A2A09D191F8E2206D
:107E2000824205D1002081F87C0081F8A20010BDBB
:107E300091F87E20130706D522F0080081F87E0015
:107E4000BDE81040A2E7FF2801D0FFDF10BDBDE86C
:107E50001040A7E710B5844C206910F8B01F41F01E
:107E600004010170A06901F0A4FD162806D1206963
:107E700090F87C00202802D0262805D010BDA069EB
:107E800001F09BFDFEF7B8FB2169002081F87C0022
:107E900081F8A20010BDF8B5734C01230A212069B6
:107EA00090F87C20703001F03CFA38B3A06901F002
:107EB0003FFDC8B1A06901F035FD0746A06901F09A
:107EC00035FD0646A06901F02BFD0546A06901F0CD
:107ED0002BFD01460097206933462A46303001F0D9
:107EE0008BFD206901F0A8FD2169002081F8A20026
:107EF00081F87C00BDE8F840FEF79FBBA07840F019
:107F00000100A070F8BD10B5574C01230021206975
:107F100090F87D20703001F004FA30B1FFF72DFFAA
:107F20002169102081F87D0010BD20690123052101
:107F300090F87D20703001F0F4F908B1082000E0DD
:107F40000120A07010BD70B5474C012300212069AD
:107F500090F87D20703001F0E4F9012588B1A06926
:107F600001F0A8FC2169A1F8AE01B1F87010FFF78B
:107F7000DEFE40B12069282180F88D1080F88C50F9
:107F800084E5A57082E52169A06901F5D87101F049
:107F90008CFC21690B2081F87D0077E510B5FEF798
:107FA0000EFFFEF70CFE304CA079400708D5A078F4
:107FB00030B9206990F87F00072801D10120207096
:107FC000FEF73EFAA079C00609D5A07838B9206935
:107FD00090F87D100B2902D10C2180F87D10E078FB
:107FE00000070ED520690123052190F87D2070300F
:107FF00001F097F930B10820A0702169002081F8C4
:10800000D80110BDBDE81040002000F016BB10B52F
:10801000154C216991F87D2040B3102A06D0142A0E
:1080200007D0152A23D01B2A35D123E001210B20AC
:1080300022E0FBF769FB0C2820D32069082100F51A
:108040008870FBF765FB28B120690421DC30FBF761
:108050005FFB00B9FFDF012104200DE05B77010029
:10806000BD790100F3790100F800002008E000F07C
:1080700017F803E001210620FEF717FF012010BDCD
:10808000212A08D191F8970038B991F8C40110B1AC
:1080900091F8C50108B1002010BD01211720EBE7C0
:1080A00070B5184C0025206990F8931101290AD069
:1080B000022925D190F8A810A9B1062180F8E61070
:1080C0000121022017E090F8D811002918D100F101
:1080D000C80300F58471002200F5CA7001F0C1F8F0
:1080E0000121052007E090F8B000400701D51120DC
:1080F00000E00D200121FEF7D8FE206980F89351A1
:10810000C4E40000F8000020F9480078002800D0FE
:108110000C20704710B50446FFF7F6FF00B1FFDFF3
:10812000F348047210BDF2490120C871704770B560
:108130000C460546082B01D0194600E004211046E4
:1081400001F075F9844200D220460DB1001D80B2C5
:10815000C0B270BD70B5E64934314C6804F17005A9
:1081600060B1628F218F94F86530A87CFFF7DFFF44
:1081700094F86510BDE87040FCF79EB8FF2094F8B5
:108180006410F7E72DE9F0478146D9483430446858
:10819000002004F17005628F218F94F86530FFF79D
:1081A000C6FFD34F0646D34878620120FFF7D2FFBF
:1081B000A87C4FF0000840B305F15801CE4891E883
:1081C0000E1000F1080A8AE80E10A96EC0F82110FE
:1081D000E96EC0F82510FE38FCF743FBC6480121C4
:1081E00008300176D5E91412C0E90412A0F58372B3
:1081F000796AFBF728FF94F8650000F0A7FB0246B8
:1082000031460120FBF72DFF04E0786AFCF729FBDB
:10821000FBF74BFFB9F1000F03D141469620FCF765
:108220004CFB94F8642001210020FCF706FC94F834
:108230002C00012801D1FCF7DFFB02203870FCF78D
:1082400061FD002800D0FFDFBDE8F0872DE9F04395
:10825000A74D87B0804628780E9F1C461646894653
:1082600010B90EB104B107B9FFDFEF61C5E90564CC
:108270000020C5E90D89E871A871E870A87028711F
:108280009B4F6871A8813437E8817E68344636F8A0
:10829000700BF8F758F8E8622088F8F742F828637E
:1082A000FCF714F894F96700FCF7CEF804F112001B
:1082B000FCF7B9FA04F10E00FCF7CCF80120FCF74A
:1082C000CDFA18228D496846F5F733F88C480490AA
:1082D0006846FCF7B7FAF07EFCF7C6F8FCF7B8FA88
:1082E00094F86F0078B9A06E68B1B08C318888427C
:1082F00009D1B4F86C1001220844B08494F86E00DF
:10830000A16EF9F708FE628F218F94F86530B07C7A
:10831000FFF70DFF94F865402146FBF7CDFF786825
:1083200090F8880108B1FCF74FF821460120FCF7CE
:1083300054F97868D0F80001FCF797FA0120FFF7AC
:1083400021FF07B0BDE8F083694800B50078022836
:1083500000D0FFDF00BD664810B534304468FCF73C
:10836000FBFAFCF7DAFAFCF729FAFCF762FAFBF7FA
:108370009CFE94F82C00012801D1FCF733FB94F803
:108380006F0038B9A06E28B1002294F86E00114633
:10839000F9F7C1FD564CE08900F0E2FAE269A179F3
:1083A000A07890470020207010BD514810B500788B
:1083B000022800D0FFDFBDE81040CCE7CBE74C48F7
:1083C000007970474A48C078704749490120487190
:1083D00070472DE9FC474648454E3430A0F114075C
:1083E00044684FF0000A254694F875004FF00108E4
:1083F000703458B3012868D002286AD0032876D098
:10840000FFDF316AB1460826087820F008000870BE
:10841000A37906EAC303184320F004000870E37947
:10842000042606EA8303184320F0100008706779D9
:10843000D9F82C00F7F715FA0646FCF7C8FD022F0D
:1084400067D0012F65D0032F66D068E000F094FA62
:10845000AA8E0146104600F0EAFF298E814200D222
:1084600008464C21ADF8040048533846FCF78DFD12
:1084700048B14FF48060316A00F077FA03206071F0
:1084800084F80380BDE76A4601A9F06A00F05CFA4F
:10849000306210B194F8371029B13846FCF746FD28
:1084A00084F80580ADE79DF8001031B9A0F800A070
:1084B00080F802A0012101F08CF9BDF80410306AA7
:1084C00001F07DFA022060719BE73846FCF72EFD33
:1084D00097E7B5F84C00ADF804006A4601A9F06AC8
:1084E00000F032FA306200288BD1FFDF89E709E023
:1084F0001C010020780B0020780D0020A8B201009C
:108500001B5D01003846FCF740FD0028BAD1FFDFB3
:1085100077E7B04301D002E00EB1012100E0002175
:10852000D9F820004E46027842EA01110170617CC0
:1085300051B36179012927D004F15801F7488EC958
:1085400000F1080989E88E00A16EC0F82110E16EE3
:10855000C0F82510FE38FCF784F9F048083080F8A0
:1085600018A0D4E91212C0E90412A0F58371326A8E
:10857000FBF769FD95F8640000F0E8F90246FB217D
:108580000020FBF76EFD03E0FCF76BF9FBF78DFDB8
:10859000012195F865200846FCF74FFA86F804801B
:1085A000316A0A8832828978B17486F80080FCF7D3
:1085B000B5FB002800D0FFDFBDE8FC8770B5D84CC4
:1085C000054639B9012D05D1E078401CC0B2E070F4
:1085D000012820D8A16928468847E0B16179D148AF
:1085E00031B1012D04D1417811B90178C90612D5F4
:1085F000A17981B98DB9CA4910310978CA0602D466
:108600000078C00607D5A08928B9A06A28B9608972
:1086100018B1C80601D4012070BD002070BD10B58E
:10862000BF4CA06A00B9FFDF6289D4E90910D21CEF
:10863000F4F77FFEA06A606210BD2DE9F0470600E6
:10864000B748B74D00F134004468686A04F170041B
:10865000477801D0012E03D1296B02F0EDF8687044
:1086600068784FF000084FF0010938B1012816D0A2
:1086700002282FD0032844D0FFDFE5E5012E30D0BB
:10868000FFF7CDFF39460122286BF7F75BF926E0AB
:1086900084F8078030E000BF84F807902CE0012EBA
:1086A00008D0FFF7BCFF39460022286BF7F74AF9DC
:1086B000022EE2D0D4E91401401C41F10001C4E9CA
:1086C0001401E079012802D084F80790BCE584F811
:1086D0000780B9E5012E04D0286BF7F7B7FA022E10
:1086E000CBD0D4E91401401C41F10001C4E91401CC
:1086F000E0790128D0D1CBE7287ABDE8F047F2F73E
:1087000053BC012EB9D0286BF7F7A0FAF4E770B587
:108710008349834A343100264C68516A01257034FC
:108720000B7803F00303012B14D0022B12D0032B80
:1087300003D0907940F0040023E0A570D08940F484
:108740000060D081012000F010F91CE0E67170BDDE
:10875000E57170BD4978B1B1D38943F40063D38129
:10876000936A002BF5D0FB2908D8D17921B1BDE857
:108770007040802000F0F4B8057070BD907940F032
:108780001000907170BDE0790128E1D1DEE770B58D
:108790006348634D3430446828787034012800D031
:1087A000FFDFA07838B10020A0700146042000F05F
:1087B000DCF801202071296A0878C043800705D1C0
:1087C000A889400502D5022000F0CFF80121002041
:1087D000FFF7F4FE10B1BDE87040BCE5BDE87040A5
:1087E0000020CFE42DE9F84F4D4F4D4C3437002693
:1087F0007D6882468DF8006020787035022800D0B0
:10880000FFDFE08940F40070E0810020FFF7A2FC68
:10881000A87CBAF1000F5BD0FBF76AFCFBF75AFCAF
:108820004FF0010968B9A87C58B1606A417841B13C
:108830000078E979C0F3C000884202D184F8029040
:1088400059E0606A4178618121B1206BF7F734F813
:10885000A06200E0A662E089B84640F02000E08116
:10886000E670786800F17007064690F82C00012841
:1088700016D1FCF7B7F83946304600F010FD78B154
:10888000D8F804003188A0F80A12397A80F80C125E
:10889000797A80F80D1280F80892207AF2F784FB3A
:1088A000606AA9790078C0F38000884205D000F0A2
:1088B00094F8E08940F48070E081606AE97900789A
:1088C000C0F3C00088420AD16846FFF720FF06E0E7
:1088D00008B1FBF73EFCE08940F04000E0815146E2
:1088E0000120FFF76BFE00289DF8000007D010B1B3
:1088F0000020FFF7A2FEFFF72EFDBDE8F88F10B1B4
:108900000120FFF79AFEFFF764FD9DF800000028A4
:10891000F3D00220FFF791FEEFE70000780D002072
:108920001C010020780B002070B5064654480D4607
:108930004468FBF773FC034694F8642029463046EC
:10894000BDE87040FDF706BAF6F7C5BE00B50128D0
:1089500002D0022802D0FFDF002000BD012000BDB0
:10896000474A0021343A52691047454A343A9389BC
:108970000343938152691047414810B5446804F19C
:108980007001087B24280ED0497B24290BD01F2896
:108990000CD020280AD0222912D094F86400042890
:1089A00000D1082010BD94F8B01106E0222907D0AC
:1089B00094F8C60100F04FF8014694F8640008E00E
:1089C00094F8C60114F85D1F084000F044F8014611
:1089D000E079BDE8104000F048B870B52848446818
:1089E00094F875007034002832D0022810D1244D3C
:1089F000343DE86AF6F79BFE00B9FFDFD4E91201C7
:108A0000401C41F10001C4E91201287AF2F7CCFAC6
:108A100000256571207920B1257100211020FFF714
:108A2000A4FFE07878B1E570FCF7BEFA00B9FFDF8B
:108A300000210820FFF799FFD4E91201401C41F101
:108A40000001C4E91201A079012802D00120A0711F
:108A500070BDA57170BDC10701D0012070478007AE
:108A600001D50220704700207047002904D001285A
:108A700003D0012901D00220704701207047000077
:108A8000500100202DE9F0410F4606460024FE4D1E
:108A90000FE000BF05EBC40090F85311B14206D1BE
:108AA0000622394600F5AA70F4F716FC38B1641CAA
:108AB000E4B22878A042EDD81020BDE8F08120462D
:108AC000FBE7F0B50746F04816460478621C0270D2
:108AD00000EBC4050868C5F854018888A5F858015A
:108AE000102C00D3FFDF85F8537185F85A612046BA
:108AF000F0BD70B5054600F017FA10281CD1E24C05
:108B00002078401EC0B22070A84215D004EBC002ED
:108B100004EBC50102F58070D2F85321C1F853214E
:108B2000D0F85700C1F85701207800F0FDF910285F
:108B300002D0204480F8035170BD2DE9F047D24C9B
:108B40000646A719A078401EC5B2A57097F8038104
:108B5000AE422AD004EB051A04EB06190AF1030110
:108B600009F103001022F4F7E4FB0AF1830109F193
:108B700083001022F4F7DDFB601905EB450290F845
:108B8000031187F8031106EB460104EB420204EBE4
:108B90004101D2F80B31C1F80B31B2F80F21A1F825
:108BA0000F2190F83B0187F83B0104EBC80090F8D7
:108BB0005A01C00703D14046BDE8F04799E7BDE838
:108BC000F087B1498A78824203D9084490F843017A
:108BD00070470020704710B540F2D3120021AA4818
:108BE000F4F7D1FB0822FF21A848F4F7CCFBA748F3
:108BF00000210C38417081704FF46171818010BD8B
:108C000070B50D460646FFF73DFF9F4C102807D074
:108C100004EBC00191F85A11C90701D0012070BDC1
:108C20006178082910D2102808D004EBC000012177
:108C300080F85A116078401C6070EFE701222946E5
:108C40003046FFF73EFFF5E7002070BD70B58E4D52
:108C50002878401E44B20AE005EBC40090F85A019F
:108C6000C00702D0E0B200F070F9641E64B2002CBC
:108C7000F2DA864900200C39887070BD82498A7802
:108C8000824203D901EB0010C01C704700207047DE
:108C90002DE9F047984691460C460546FFF7F2FE4F
:108CA0000646102805D000F03FF9102801D0122008
:108CB00085E7754FB87808282AD2102E05D10022F2
:108CC00021462846FFF7FDFE0646BC781022601CB0
:108CD000B87007EB0415E81C494600F0B5FA05F139
:108CE00083001022414600F0AFFA1021404600F008
:108CF0009CFA3C44102184F84301484604F59674DC
:108D000000F093FAE07704F8296C0020E07356E74E
:108D1000072054E75C4810B58078401E44B204E058
:108D2000E0B2FFF70AFF641E64B2002CF8DA10BD4F
:108D300056490C394870704754480C384078704791
:108D400040B14AF2B811884204D850490C398880A1
:108D500001207047002070474C480C3880887047CD
:108D600010B5FFF78FFE102803D000F0DDF81028B3
:108D700000D1082010BD44498A78824203D901EB12
:108D8000001083307047002070473F4B10B59C782F
:108D900084420FD9184490F8030103EBC00090F807
:108DA00053310B70D0F854111160B0F85801908015
:108DB000012010BD002010BD334A114491F8032159
:108DC00032490C390A700268C1F80620808848814F
:108DD000704770B52D4B0C3B5B7873B12A4B9C7878
:108DE0005CB1451821460AB1D81C01E02648833001
:108DF0002A46FBF794F8012070BD002070BD10B525
:108E0000FBF7DBF818B1BDE81040FBF7E6B8FF2030
:108E100010BD1D498A78824209D9084490F803019F
:108E200001EBC00090F85A0100F0010070470020EB
:108E300070472DE9F04100242546134E2CE02846CA
:108E400000F072F88046FFF719FF06EBC50797F8A8
:108E50005A11C9071ED060B1B8F1100F05D006EB4A
:108E6000080191F83B11012903D0102100F0DDF930
:108E700080B10649204601F80480641C97F853210C
:108E800007F5AA71E4B203E0A80D002064010020F8
:108E9000FBF7B5FA6D1CEDB23078A842CFD80CE6DE
:108EA000012296E72E4A01EB410102EB41010268E3
:108EB000C1F80B218088A1F80F01704701461022EC
:108EC000284800F0C1B92748704725498A7882426E
:108ED00003D9084490F83B0108B1002070470120F5
:108EE00070472DE9F0410E460746154606213046EB
:108EF00000F09BF91A4C58B1002004E02118401CE6
:108F000081F83B51C0B2A1788142F7D80120D4E565
:108F100031463846FFF724FF082803D0204480F864
:108F20003B51F3E70020C8E50D4910B5034600208A
:108F30008A7806E00C1894F803419C4204D0401C47
:108F4000C0B28242F6D8102010BD05494A78521EA0
:108F50004A7001EBC001002281F85A21C9E50000E6
:108F6000A80D00207B0F002000F00101400800F058
:108F700001021144400800F001021144400800F0D1
:108F800001021144400800F001021144400800F0C1
:108F900001021144400800F00102114401EB5000AD
:108FA000704710B500240485848DDB004C43B3FB6F
:108FB000F2F394FBF2F45B1C84859BB203FB02F496
:108FC0004385B4F5C84F01DD5B1E43854FF4FA437A
:108FD000B3FBF2F35B1C0386438C02EBC3035B1E03
:108FE000B3FBF2F30384C38B4B43B3FBF2F1C183B6
:108FF00010BD70B50546087B0E4600F01F000873D3
:109000000020687604463019007AFFF7ADFF291971
:10901000641C0875697EE4B208446876052CF2D3B6
:10902000C0B2252800D9FFDF70BD0023C38342846E
:1090300001EBC202521EB2FBF1F101847047F0B5A0
:109040006FF01F02010C02EA90261F25A1F5AA402D
:1090500054380DD0A1F5AA40553809D0A1F52850B3
:10906000AA3805D0A1F52A40AA3801D0012000E095
:10907000002000221346144682EA0107FF431F43E3
:109080007F1C0FD006F00107520842EAC73205F0F4
:1090900001075B0876086D08641C43EAC733162C89
:1090A000EAD3F0BD0020F0BD2DE9F04101260446D1
:1090B000002500F1700751B1012974D0022971D047
:1090C00003296CD101463846BDE8F04191E7802282
:1090D00000213846F4F757F9BD71FD713D737D737A
:1090E000FD733D747D71BD76FD76212087F84000CB
:1090F000412087F84100FE2087F8740027887022FD
:1091000000212046F4F73FF9278084F8646084F852
:109110006560282084F8660004F1300000210746CD
:1091200000F071FC1B21F9833984A4F85210A4F8D3
:1091300054104FF4A470A4F85600A4F858006673B5
:109140004FF448606080A4F8F050A4F8F250A4F8FE
:10915000F450A4F8F650A4F8F850A4F8FA5084F8A3
:10916000FD5084F8FF50A4F8065184F80451A4F887
:109170001851A4F81A5184F8BA5184F8BB5184F8F4
:10918000C45184F8C55184F8895184F8905184F809
:10919000935184F8AC51C4F8A451C4F8A851BDE867
:1091A000F08100E025E0A4F8065184F8FE506188C3
:1091B000FE480A460844B0FBF1F0A4F890004BF6D4
:1091C0008030A4F89200E3883846FFF7EAFE214693
:1091D0003846FFF70EFFFAF7F9F920B1D4F80E0080
:1091E000FFF72DFF10B184F88851D8E784F8886123
:1091F000D5E74188B4F8B831B4F8B4213846BDE8B1
:10920000F041CEE6437E0BB1252B01D912207047E9
:109210002AB14B7B2BB1012B05D01F2070470020BA
:10922000704700F0EEB900F092B910B500231A466D
:1092300003E0845C2343521CD2B28A42F9D30BB1BF
:10924000002010BD012010BD30B5134606E0CC183B
:10925000D51A14F8014C5B1E4455DBB2002BF6D135
:1092600030BD70B50E468CB0144601461D46102226
:109270006846FFF7E9FF1022314604A8FFF7E4FF34
:10928000684600F059FD08A94FF0100228461CB1AD
:10929000FFF7DAFF0CB070BDF4F74BF8FAE738B51A
:1092A00005460C466846FBF7B2FB002820D09DF926
:1092B00000002072E17E617294F90A100022411AC6
:1092C00000D5494295F82D308B4210DCFF2B0ED093
:1092D000E17A491CC9B2E17295F82E30994202D860
:1092E000A17A7F2903D1A0720020E07201221046EA
:1092F00038BD0C2813D00B2811D00D280FD01F28F3
:109300000DD020280BD0212809D0222807D02328CF
:1093100005D0242803D0262801D000207047012042
:10932000704710B5A2F10F030C2941D2DFE801F01C
:1093300006080D1215181C40243E272EAAB337E04C
:10934000072A37D0082A35D032E00C2A32D00B2A2F
:1093500030D02DE00D2A2DD02AE00C2B2AD927E081
:10936000103A0B2A26D923E0032B23D990F8380092
:10937000F0B11B2A1ED91BE0062A1BD018E01C2ABC
:1093800018D01D2A16D01E2A14D011E01F2A11D081
:10939000202A0FD0212A0DD0222A0BD0232A09D02F
:1093A000242A07D0262A05D002E003E00E2A01D0A5
:1093B000002010BD012010BD2DE9F0410C460546EE
:1093C00040F23577866805E0F8F7F7FF3946F8F799
:1093D000C8FCA8602846F9F7A5F90028F4D08CB19C
:1093E0003046A968F9F7EAFC00280BDD2044401E4E
:1093F000B0FBF4F707FB04F13046F8F7B2FCA860C5
:109400003846CCE60020CAE670B5044690420BD23E
:10941000101B642800D2642025188D4205D8042131
:10942000F9F7FFFC08B1284670BD204670BD11F069
:109430000C0F19D04A074FF41671002A03DA00BF47
:109440004FF0100201E04FF0400201DA4FF09601B8
:1094500001F5BC71A0EB0103884202D993FBF2F045
:1094600000E0002080B27047022904D06FF00D01A7
:1094700001EBD000F6E76FF00E0101EB9000F1E791
:109480000844184498300AB1042100E0002108443F
:10949000704701207047106808667047C10701D007
:1094A00001207047810701D502207047400701D590
:1094B00008207047002070472DE9F0410546164608
:1094C00088460124084600F054FA0746404600F05A
:1094D00052FA0346FFF7E2FF02463846FFF7DEFF87
:1094E00052EA000100D10024990700D10022B907F7
:1094F00000D1002095F86410914200D10022327012
:1095000095F86510814200D10020707072B968B979
:10951000404600F032FAB5F87010401A00B247F633
:10952000FE71884201DC002800DC0024204636E67B
:1095300010B540F6C4125410012903D0022902D0FC
:10954000FFDF02E008B1104610BD204610BDF0B5A7
:109550000C7C8B7BCD7B5C404B7C02886B4044EA6F
:109560000324467E62400023D5B2120A95FAA5F57F
:1095700092FAA2F22D0E120E45EA022202EB02121C
:109580005B1C2244DBB292B2032BEDD36240252355
:10959000B2FBF3F403FB142301EBD304837603F053
:1095A00007070125247A05FA07F701E0FFDB05002C
:1095B0003C4201D0C3761AE05643320C521CD2B260
:1095C000002403191B7D934213D300230E19367A0E
:1095D00005FA03F73E4201D0521ED2B222B15B1C03
:1095E000DBB2082BF4D306E003EBC401C176002004
:1095F000F0BDD21AD2B2641CE4B2052CE1D31F2014
:10960000F0BDF0B5837E0C7E012504FB02322523DC
:10961000B2FBF3F403FB142201EBD204827602F0D6
:109620000703247A05FA03F31C4201D0C2761EE038
:10963000437EB2FBF3F403FB1422521CD2B200238C
:10964000C418247D944214D30024CE1896F80860E0
:1096500005FA04F73E4201D0521ED2B222B1641C78
:10966000E4B2082CF4D306E004EBC301C176002079
:10967000F0BD121BD2B25B1CDBB2052BE0D31F2066
:10968000F0BD000030B50546007801F00F0220F073
:109690000F0010432870092912D2DFE801F00507F6
:1096A00005070509050B0F0006240BE00C2409E053
:1096B000222407E001240020E87003E00E2401E0EA
:1096C0000024FFDF6C7030BD007800F00F007047A1
:1096D0000A6840F8032F8988818070470A6840F83B
:1096E000092F8988818070470278402322F0400248
:1096F00003EA81110A4302707047027822F0800267
:1097000042EAC1120270704770B514460E46054613
:109710001F2A00D9FFDF2246314605F10900F3F781
:1097200008FEA41D6C7070BD70B514460E4605464B
:109730001F2A00D9FFDF2246314605F10900F3F761
:10974000F8FDA41D6C7070BD30B5017801F00F01FB
:10975000032920D0052921D14578B0F81910B0F897
:109760001B40B0F81730827D222D17D1062915D362
:109770004FF44865A94211D8B4F5FA7F0ED26AB108
:10978000082A0BD88A4209D28B4207D8B0F81D00AC
:10979000A84205D902E040780C2801D0002030BD55
:1097A000012030BD4078704700B5027801F0030316
:1097B00022F003021A430270012905D0022903D0C6
:1097C000032903D0FFDF00BD002100E0012141702B
:1097D00000BD00B5027801F0030322F003021A4332
:1097E0000270012905D0022903D0032903D0FFDF2D
:1097F00000BD002100E00121417000BD007800F0B3
:1098000003007047417841B1C078192803D2704AEB
:10981000105C884201D1012070470020704730B5AC
:1098200001240546C170192902D26948445C02E04E
:10983000FF2900D0FFDF6C7030BD70B514460E46B6
:1098400005461B2A00D9FFDF6C7022463146E81C12
:10985000BDE87040F3F76DBDB0F807007047B0F891
:1098600009007047B0F80B00704770B5B0F80720DA
:10987000B0F80940B0F805300179951F40F67A46F6
:10988000B54210D8B4F5FA7F0DD261B108290AD8D3
:10989000914208D2934206D8B0F80B00B0F5486F59
:1098A00001D8012070BD002070BD42680A60007AB6
:1098B00008717047B0F80900704700797047426836
:1098C0000A6080684860704780890880704750F857
:1098D0000E2F0A60406848607047D0F81600086094
:1098E00070470A6842604968816070470968C160D2
:1098F00070470079704742680A6080684860704726
:109900000171090A417170478171090AC17170477B
:109910000172090A417270478172090AC172704767
:1099200080887047C08870470089704740897047B9
:1099300001891B290CD341894FF4A472914207D3AA
:1099400081881B2904D3C088904201D3012070472D
:10995000002070470A684260496881607047017959
:10996000490704D04079400701D00120704700200A
:1099700070470079704740797047C08870470CB5D0
:1099800014A2D2E90012CDE900120179407901F068
:10999000070269461DF80220012A04D800F00700DA
:1099A000085C012801D900200CBD01200CBD01710B
:1099B000704700797047417170474079704730B502
:1099C0000C460546FB2900D9FFDF6C7030BD000056
:1099D000C0B20100000101020102020310B58C882F
:1099E0000A894B88C988A0F84430A0F84810A0F82C
:1099F0004640A0F84A2010BD10B5029C8181C2816A
:109A00000382448210BD1B2202838282C281828132
:109A100042800281028042848284828300290AD1AA
:109A20004FF4A4714183C18241820182C18041818E
:109A30008180C18401857047F0B5B0F84830818FCE
:109A4000458EC48E8B4200D30B46B0F84A10B0F856
:109A50004020914200D20A464386C286068F478F35
:109A600000F130019E4200D21E46974200D21746B6
:109A70000E814F81AB4201D1A24201D0012400E00E
:109A80000024B0F84420C38F068E858E9A4200D3FE
:109A90001A46B0F84670B0F842309F4200D23B46BA
:109AA00090F85A70022F08D1964200D232469D4259
:109AB00000D22B46002780F85A700A808B80B24271
:109AC00001D1AB4201D0012000E000202043F0BDD5
:109AD000508088899080C889D080088A1081488AFF
:109AE000508101201070704770B502884A80048E42
:109AF0008C80838ECB80428E0A81C58E4D81B0F8DA
:109B00005660AE420BD1B0F85250954207D1B0F832
:109B100058509D4203D1B0F85430A34201D00123E4
:109B200000E000230B73A0F852204A89A0F85620C9
:109B30008A88A0F85420CA88A0F85820012008700C
:109B400070BD70B50C46088E91F8641000F016F8E0
:109B5000A18E0546A94200D20D46208F94F86510CB
:109B600000F00CF8618F814200D208460146284679
:109B7000BDE8704000221346FFF782BC11F00C0FC5
:109B800004D04FF4747101EB801006E0022902D07A
:109B9000C000703001E080003C3080B270470000AF
:109BA0002DE9F0410C4612490D68114A114908325D
:109BB0001160A0F12001312901D301200CE04128DE
:109BC00010D040CC0C4F94E80E0007EB8000241F0F
:109BD00050F8807C3046B84720600548001D05607D
:109BE000BDE8F081204601F0B9F8F5E7062070479E
:109BF0001005024001000001DCB2010010B555481B
:109C0000F9F704FD00B1FFDF5248401CF9F7FEFCF4
:109C1000002800D0FFDF10BD2DE9F14F4E4E82B07D
:109C2000D6F800B001274B48F9F7F8FCDFF824819B
:109C300020B9002708F10100F9F706FD474C00257F
:109C40004FF0030901206060C4F80051C4F80451CA
:109C5000029931602060DFF808A11BE0DAF800000B
:109C6000C00617D50E2000F068F8EFF3108010F052
:109C7000010072B600D001200090C4F80493D4F81B
:109C8000000120B9D4F8040108B901F071F8009876
:109C900000B962B6D4F8000118B9D4F8040100285C
:109CA000DCD0D4F804010028CCD137B1C6F800B01C
:109CB00008F10100F9F7B2FC11E008F10100F9F731
:109CC000ADFC0028B6D1C4F80893C4F80451C4F818
:109CD00000510E2000F031F81E48F9F7B5FC0020C5
:109CE000BDE8FE8F2DE9F0438DB00D4606460024F9
:109CF0000DF110090DF1200818E000BF04EB440736
:109D0000102255F827106846F3F713FB05EB870779
:109D1000102248467968F3F70CFB6846FFF77CFF92
:109D200010224146B868F3F704FB641CB442E5DB3B
:109D30000DB00020BDE8F0836EE7002809DB00F0DD
:109D40001F02012191404009800000F1E020C0F88D
:109D5000801270476C01002004E5004000E00040E4
:109D600010ED00E0B64900200870704770B5B54DA1
:109D700001232B60B44B1C68002CFCD0002407E0AE
:109D80000E6806601E68002EFCD0001D091D641CB4
:109D90009442F5D30020286018680028FCD070BDDC
:109DA00070B5A74E0446A94D3078022800D0FFDFD9
:109DB000AC4200D3FFDF7169A548012903D847F2FF
:109DC0003052944201DD03224271491C7161291B0A
:109DD000C1609F49707800F030F9002800D1FFDFA2
:109DE00070BD70B5964C0D466178884200D0FFDF9B
:109DF000964E082D4BD2DFE805F04A041E2D4A4A44
:109E00004A382078022800D0FFDF03202070A07895
:109E1000012801D020B108E0A06800F041FD04E075
:109E200004F1080007C8FFF7A1FF05202070BDE876
:109E30007040F8F7C0B9F8F7C0FA01466068F8F763
:109E4000BDFFB04202D2616902290BD30320F9F7AA
:109E50000EFB12E0F8F7B1FA01466068F8F7AEFFC2
:109E6000B042F3D2BDE870409AE7207802280AD0C9
:109E7000052806D0FFDF04202070BDE8704000F008
:109E8000D2B8022000E00320F9F7F1FAF3E7FFDF90
:109E900070BD70B50546F8F790FA694C606020789F
:109EA000012800D0FFDF6A490120087000200871F6
:109EB00004208D6048716548C86002202070607879
:109EC00000F0BBF8002800D1FFDF70BD10B55C4C7E
:109ED000207838B90220F9F7E0FA18B90320F9F729
:109EE000DCFA08B1112010BD5A48F8F7E1F96070AA
:109EF0001F2804D0012020700020606110BD0320C5
:109F000010BD2DE9F0471446054600EB84000E46CF
:109F1000A0F1040800F0D7FC07464FF0805001691B
:109F20004F4306EB8401091FB14201D2012100E039
:109F3000002189461CB10069B4EB900F02D90920B9
:109F4000BDE8F0872846E7F76FF990B9A84510D328
:109F5000BD4205D2B84503D245EA0600800701D0CC
:109F60001020EDE73046E7F75FF910B9B9F1000FBF
:109F700001D00F20E4E7384838490068884205D00E
:109F8000224631462846FFF7F1FE1AE0FFF79EFF12
:109F90000028D5D12A4800218560C0E9036481707A
:109FA000F9F7DDFA08B12E4801E04AF2F870604393
:109FB0004FF47A7100F2E730B0FBF1F01830FFF7A0
:109FC00068FF0020BCE770B505464FF0805004697B
:109FD0006C432046E7F728F908B10F2070BD00F068
:109FE00072FCA84201D8102070BD1B481B490068B4
:109FF000884203D0204600F053FC10E0FFF766FFD4
:10A000000028F1D10E48012184608170F9F7A7FA88
:10A0100008B1144800E014481830FFF73AFF002058
:10A0200070BD00F053BE10B5054C6078F8F7A2F98A
:10A0300000B9FFDF0020207010BDF8F7EFBB000073
:10A040007001002004E5014000E40140105C0C00B8
:10A050008C0F0020E39D010058000020BEBAFECA0C
:10A0600050280500645E0100A85B01007149096881
:10A070000160002070476F4908600020704701218F
:10A080008A0720B1012804D042F20400704791678A
:10A0900000E0D1670020704767490120086042F264
:10A0A0000600704708B50423634A1907103230B11F
:10A0B000C1F80433106840F0010010600BE0106834
:10A0C00020F001001060C1F808330020C1F8080139
:10A0D0005A4800680090002008BD011F0B2909D8CC
:10A0E000554910310A6822F01E0242EA4000086019
:10A0F0000020704742F205007047000100F18040E7
:10A10000C0F8041900207047000100F18040C0F839
:10A11000081900207047000100F18040D0F80009C4
:10A12000086000207047012801D907207047444A81
:10A1300052F8200002680A4302600020704701289C
:10A1400001D9072070473E4A52F8200002688A432E
:10A15000026000207047012801D907207047384A63
:10A1600052F820000068086000207047020035495E
:10A170004FF0000003D0012A01D0072070470A6089
:10A18000704708B54FF40072510510B1C1F80423AF
:10A1900008E0C1F808230020C1F8240127481C303A
:10A1A00000680090002008BD08B58022D10510B1DC
:10A1B000C1F8042308E0C1F808230020C1F81C01FD
:10A1C0001E48143000680090002008BD08B54FF408
:10A1D0008072910510B1C1F8042308E0C1F808238A
:10A1E0000020C1F8200115481830006800900020B8
:10A1F00008BD10493831096801600020704770B50A
:10A200004FF080450024C5F80841F9F7B4F910B9BA
:10A21000F9F7BBF928B1C5F82441C5F81C41C5F8C8
:10A2200020414FF0E020802180F800140121C0F887
:10A23000001170BD0004004000050040080100400E
:10A24000A0B30100780500406249634B0A68634986
:10A250009A42096801D1C1F31001016000207047E2
:10A260005C495D4B0A685D49091D9A4201D1C0F302
:10A2700010000860002070475649574B0A6857493C
:10A2800008319A4201D1C0F31000086000207047E5
:10A2900030B5504B504D1C6842F20803AC4202D01E
:10A2A000142802D203E0112801D3184630BDC300A0
:10A2B0004B481844C0F81015C0F81425002030BDD4
:10A2C0004449454B0A6842F209019A4202D00628E5
:10A2D00002D203E0042801D308467047404A012116
:10A2E00042F83010002070473A493B4B0A6842F26E
:10A2F00009019A4202D0062802D203E0042801D3C1
:10A3000008467047364A012102EBC0004160002038
:10A31000704770B52F4A304E314C156842F2090330
:10A3200004EB8002B54204D0062804D2C2F800181B
:10A3300007E0042801D3184670BDC1F31000C2F82D
:10A340000008002070BD70B5224A234E244C1568C9
:10A3500042F2090304EB8002B54204D0062804D27D
:10A36000D2F8000807E0042801D3184670BDD2F8DF
:10A370000008C0F310000860002070BD174910B538
:10A380000831184808601120154A002102EBC0036B
:10A39000C3F81015C3F81415401C1428F6D3002078
:10A3A00006E0042804D302EB8003C3F8001807E09A
:10A3B00002EB8003D3F80048C4F31004C3F800484C
:10A3C000401C0628EDD310BD04490648083108603A
:10A3D0007047000058000020BEBAFECA00F50140D8
:10A3E00000F001400000FEFF814B1B6803B198475D
:10A3F000BFF34F8F7F4801687F4A01F4E06111434A
:10A400000160BFF34F8F00BFFDE710B5EFF3108081
:10A4100010F0010F72B601D0012400E0002400F01A
:10A42000DDF850B1E6F7A4FFF7F761FDF8F7C1FFDB
:10A43000F9F7E2FC71490020086004B962B6002017
:10A4400010BD2DE9F0410C460546EFF3108010F0E9
:10A45000010F72B601D0012600E0002600F0BEF820
:10A4600020B106B962B60820BDE8F08100F006FD13
:10A47000E6F782FF0246002001234709BF0007F1EB
:10A48000E02700F01F01D7F80071CF40F9071BD07B
:10A49000202803D222FA00F1C90727D141B20029AE
:10A4A00004DB01F1E02191F8001405E001F00F0157
:10A4B00001F1E02191F8141D4909082916D203FA87
:10A4C00001F717F0EC0F11D0401C6428D5D3F9F731
:10A4D00071FC4B4A4B490020F9F7B4FC47494A4804
:10A4E00008602046E6F7A7FE60B904E006B962B648
:10A4F00041F20100B8E73E4804602DB12846E6F776
:10A50000E7FE18B1102428E0404D19E02878022811
:10A5100002D94FF4805420E007240028687801D045
:10A52000D8B908E0C8B1202817D8A878212814D8AD
:10A53000012812D001E0A87878B9E8780B280CD867
:10A54000E6F71AFF2946F8F71AFFF7F78FFC00F035
:10A55000EDF92846E6F7DAFE044606B962B61CB104
:10A56000FFF753FF20467FE700207DE710B5044644
:10A5700000F034F800B101202070002010BD244903
:10A5800008600020704770B50C4622490D682149CB
:10A59000214E08310E60102807D011280CD0122847
:10A5A0000FD0132811D0012013E0D4E90001FFF7E8
:10A5B00048FF354620600DE0FFF727FF00252060AB
:10A5C00008E02068FFF7D2FF03E011492068086027
:10A5D000002020600F48001D056070BD07480A4933
:10A5E0000068884201D101207047002070470000B8
:10A5F000880100200CED00E00400FA05580000205E
:10A600004810002000000020BEBAFECAA8B3010016
:10A6100004000020100502400100000100B585493A
:10A6200010F1080F19D00CDC10F1280F1DD010F11B
:10A63000140F18D010F1100F13D010F10C0F08D117
:10A640000DE010F1040F06D080B103280ED00428CD
:10A650000CD0FFDF00BDFC2008E0F82006E0F4206D
:10A6600004E0F02002E0EC2000E0D820086000BD0B
:10A67000704900B5091D012803D0022803D0FFDF6F
:10A6800000BD032000E00420086000BD2DE9F0417A
:10A6900005460C4617461046F9F76CFD4FF47A76DE
:10A6A000022C10D0012C10D040F63401441838464A
:10A6B000F9F7C5FD204449F679710844B0FBF6F07E
:10A6C000281ABDE8F0813146F0E74FF4C861EDE7A4
:10A6D00070B505460C460846FAF7F4FA022C10D07D
:10A6E000012C11D04FF4AF5149F6CA62511A0844F7
:10A6F0004FF47A7100F2E140B0FBF1F0281A801EAD
:10A7000070BD40F24C41EFE740F63401ECE770B524
:10A71000064615460C460846FAF7D4FA4FF47A7105
:10A7200040F63402022D11D0012D11D01346022C17
:10A7300011D0012C01D04FF4AF529A1A104449F6AF
:10A74000FC621044B0FBF1F0301A70BD0B46EEE72E
:10A750004FF4C863EBE740F24C42EEE770B50446B5
:10A760000E460846F9F706FD05463046F9F767FD3F
:10A7700028444AF2AB3108444FF47A71B0FBF1F04F
:10A78000201A801E70BD2DE9F04106461D460C467C
:10A790001746104600F045F806EB4601C1EBC6111E
:10A7A00000EBC100022C15D0012C16D04FF4AF5194
:10A7B00046182046FAF786FA301A4FF47A7100F6F6
:10A7C000B730B0FBF1F43846F9F741FD2044284496
:10A7D000401D76E740F24C41EAE740F63401E7E7F6
:10A7E00070B5044615460E460846F9F7C3FC04EB5F
:10A7F0004401C1EBC411C0EBC1043046F9F71FFDA1
:10A80000241A284600F00DF820444FF47A7100F61F
:10A81000B730B0FBF1F42846F9F719FD2044401D8C
:10A8200070BD082803D0042801D0F9F7A3BC4EF668
:10A83000283070470C150040F0B585B00C46054631
:10A84000FEF7DCFF07466E78204603A96A46F5F757
:10A8500004FA81198EB258B1012F02D0032005B03D
:10A86000F0BD204604AA0399F5F719F9049D01E00B
:10A87000022F0FD1ED1C042E0FD32888BDF8001035
:10A88000001D80B2884201D8864202D14FF00000FC
:10A89000E5E702D34FF00200E1E74FF00100DEE709
:10A8A0000B4A022111600B490B68002BFCD0084BAE
:10A8B0001B1D186008680028FCD000201060086884
:10A8C0000028FCD070474FF080504069704700006E
:10A8D00004E5014000E4014002000B464FF0000097
:10A8E000014620D0012A04D0022A04D0032A0DD127
:10A8F00003E0012002E0022015E00320072B05D22F
:10A90000DFE803F00406080A0C0E10000720704769
:10A91000012108E0022106E0032104E0042102E015
:10A92000052100E00621F7F7E4BC0000E24805211C
:10A9300081700021017041707047E0490A78012A56
:10A9400005D0CA681044C8604038F8F704BA8A686D
:10A9500010448860F8E7002819D00378D849D94A0C
:10A9600013B1012B0ED011E00379012B00D06BB98C
:10A9700043790BB1012B09D18368643B8B4205D22B
:10A98000C0680EE00379012B02D00BB100207047A4
:10A9900043790BB1012BF9D1C368643B8B42F5D2EB
:10A9A00080689042F2D801207047C44901220A70A1
:10A9B000027972B100220A71427962B104224A71AD
:10A9C000826852328A60C068C860BB4902208870C1
:10A9D00070470322EFE70322F1E770B5B74D044655
:10A9E00000202870207988B100202871607978B122
:10A9F0000420B14E6871A168F068F7F7B2F9A86059
:10AA0000E0685230E8600320B07070BD0120ECE7D0
:10AA10000320EEE72DE9F04105460226F8F7C5F8D8
:10AA2000006800B1FFDFA44C01273DB12878B8B120
:10AA3000012805D0022811D0032814D027710DE079
:10AA40006868C82808D30421F8F7EBF920B16868D2
:10AA5000FFF773FF012603E0002601E000F014F980
:10AA60003046BDE8F08120780028F7D16868FFF70C
:10AA700072FF0028E2D06868017879B1A0780428D4
:10AA800000D0FFDF01216868FFF7A7FF8B49E0785E
:10AA900000F003F90028E1D1FFDFDFE7FFF785FFD2
:10AAA0006770DBE72DE9F041834C0F46E17888427F
:10AAB00000D0FFDF00250126082F7DD2DFE807F058
:10AAC000040B28283D434F57A0780328C9D00228FB
:10AAD000C7D0FFDFC5E7A078032802D0022800D046
:10AAE000FFDF0420A07025712078B8BB0020FFF79D
:10AAF00024FF72480178012906D08068E06000F0E8
:10AB0000F9F82061002023E0E078F7F782FDF5E70F
:10AB1000A078032802D0022800D0FFDF207880BB75
:10AB2000022F08D05FF00500F8F7A1FCA0780328F9
:10AB300040D0A57095E70420F6E7A078042800D05F
:10AB4000FFDF022004E0A078042800D0FFDF01200E
:10AB5000A1688847FFF75EFF054633E003E0A07871
:10AB6000042800D0FFDFBDE8F04100F08DB8A078E8
:10AB7000042804D0617809B1022800D0FFDF2078D2
:10AB800018B1BDE8F04100F08AB8207920B1062064
:10AB9000F8F76DFC25710DE0607840B14749E07829
:10ABA00000F07BF800B9FFDF65705AE704E007208A
:10ABB000F8F75DFCA67054E7FFDF52E73DB1012DC9
:10ABC00003D0FFDF022DF9D14BE70420C0E70320BB
:10ABD000BEE770B5050004D0374CA078052806D133
:10ABE00001E0102070BD0820F8F757FC08B11120D3
:10ABF00070BD3548F7F75CFBE0701F2806D00121D7
:10AC0000F8F730FA0020A560A07070BD032070BD79
:10AC1000294810B5017809B1112010BD81780529A6
:10AC200006D0012906D029B101210170002010BDF4
:10AC30000F2010BD00F033F8F8E770B51E4C054644
:10AC4000A07808B1012809D155B12846FFF783FE45
:10AC500040B1287840B1A078012809D00F2070BDFC
:10AC6000102070BD072070BD2846FFF79EFE03E050
:10AC700000212846FFF7B1FE1049E07800F00DF8FA
:10AC800000B9FFDF002070BD0B4810B5006900F06F
:10AC900029F8BDE81040F7F78EBAF7F7BFBD0648B0
:10ACA00010B5C078F7F766FB00B9FFDF0820F8F7AA
:10ACB000DEFBBDE8104039E68C0100209C0F00202F
:10ACC0003D860100FF1FA107A5AA010010B5134C86
:10ACD0002060201D0160114810300260001D0360DB
:10ACE000002010BD0E490A6848F202139A4302433D
:10ACF0000A6070470A4A116848F2021301EA030029
:10AD0000994311607047054B02465B421020134483
:10AD1000FC2B01D8116000207047000000060040A5
:10AD2000C806024070477047704700001EF0040FCD
:10AD30000CBFEFF30880EFF30980014A10470000D1
:10AD40005F3E010001B41EB400B5F8F7A9FD01B4DF
:10AD50000198864601BC01B01EBD0000826903490E
:10AD600081614FF0010010447047000045AD0100C3
:10AD70000FF20C0000F10000694641F8080C20BFFA
:10AD800070470000FEDF18490978F9B904207146C0
:10AD900008421BD10699154A914217DC06990229EF
:10ADA00014DB02394878DF2810D10878FE2807D054
:10ADB000FF280BD14FF001004FF000020C4B184759
:10ADC00041F201000099019A094B1847094B002BE9
:10ADD00002D01B68DB6818474FF0FF3071464FF018
:10ADE0000002034B1847000028ED00E000C00100FE
:10ADF000E9A3010004000020174818497047FFF735
:10AE0000FBFFE6F7CBF900BD1548164909688842F3
:10AE100003D1154A13605B68184700BD20BFFDE7EA
:10AE20000F4810490968884210D1104B18684FF03C
:10AE3000FF318842F2D080F308884FF02021884209
:10AE400004DD0B48026803210A4302600948804779
:10AE500009488047FFDF0000B00F0020B00F00203E
:10AE600000100000000000200400002000C00100CD
:10AE700014090040DD2F000009AE0100F0B4404687
:10AE8000494652465B460FB402A0013001B5064860
:10AE9000004700BF01BC86460FBC804689469246EB
:10AEA0009B46F0BC70470000091100000420714669
:10AEB000084202D0EFF3098101E0EFF308818869CD
:10AEC00002380078102813DB20280FDB2C280BDB3E
:10AED0000A4A12680A4B9A4203D1602804DB094AE5
:10AEE0001047022008607047074A1047074A10477A
:10AEF000074A12682C3212681047000058000020E0
:10AF0000BEBAFECA7D130000A19B010087A5010007
:10AF1000040000200D4B0E4908470E4B0C49084712
:10AF20000D4B0B4908470D4B094908470C4B084985
:10AF300008470C4B064908470B4B054908470B4B84
:10AF4000034908470A4B02490847000019AC0000B2
:10AF500059B00000A52F00000BA8000099A7000021
:10AF6000A1AE0000991300004D7700001DB0000055
:10AF70002DAD01005F8200000784000065850000A0
:10AF8000C98500000386000037860000698600003E
:10AF90009986000021870000478300008985000012
:10AFA00013120000C12100000B2200006F220000DC
:10AFB000F522000011240000D32400000525000024
:10AFC000E3250000CB2600001F270000A12700007A
:10AFD000C1270000B92D0000DD2D0000FD2C000070
:10AFE000592D00000F2E0000A32E00002F3D000061
:10AFF000093E00003D4100003D420000B342000018
:10B000001D4300008143000017120000754400003A
:10B01000E1440000E3270000E927000017120000C8
:10B02000171200001712000017120000F32700008B
:10B030002B280000A12800001712000017120000A2
:10B040002D22000087290000A9290000F529000011
:10B05000131200001312000013120000131200005C
:10B06000EF5200007553000091530000AD530000F3
:10B070003B550000D7530000E1530000235400006B
:10B0800045540000215500006355000013120000D4
:10B0900013120000676E0000876E0000916E0000C2
:10B0A000CB6E0000F96E0000E96F000077700000C1
:10B0B0008B700000D9700000EF71000095730000E4
:10B0C000BD740000E95D0000D5740000131200009B
:10B0D00013120000A1A0000003A200005DA2000066
:10B0E000D7A2000083A30000100110013A02000063
:10B0F0001A0200040506000007000000FFFFFFFF22
:10B100000000FFFFE39C0000BF1C0000934E000006
:10B11000335E0000E97A000000000000A17D00001D
:10B120007D7D00008F7D0000000002000000000017
:10B13000000200000000000000010000000000000C
:10B14000136C0000F36B0000616C00007152000092
:10B150003352000053520000219400003994000043
:10B160004396000041370000816C000000000000A1
:10B17000B16C0000BF5200000000000000000000A1
:10B18000000000002395000000000000C13700000F
:10B19000555555D6BE898E0000006406640C6412B5
:10B1A00000000803AC055008000054044408340CA7
:10B1B00075DF0000DDE00000D7DE000073DF000077
:10B1C0001B5D0100ABE1000000000000480800002A
:10B1D0004808000051350000513500009B21000057
:10B1E000439B0000B7600000A34D0000F97301000D
:10B1F0008135000081350000BF210000D59B000093
:10B200003F610000174E00000F74010070017001D3
:10B21000400038005C002400200200000300656C40
:10B220007462000000000000000000000000000048
:10B230000000870000000000000000000000000087
:10B240000000BE83605ADB0B376038A5F5AA9183F6
:10B25000886C0000010000008B0801005D170100F0
:10B2600000000001020603040500000007000000C2
:10B2700000000000060000000A000000320000008C
:10B2800073000000B4000000F401FA0096006400AE
:10B290004B0032001E0014000A00050002000100ED
:10B2A0000041000000000000AB830100E5870100C1
:10B2B0008F870100BD830100000000002989010083
:10B2C0000C0802170D010102090901010602091803
:10B2D00018030101090903030500000049A2010048
:10B2E00061A2010079A2010091A20100C1A20100A6
:10B2F000E9A2010013A3010047A30100C79F0100B9
:10B30000039F010023A0010007AD01000D360100DD
:10B310001D360100493601001B37010023370100AB
:10B32000353701007FA0010099A001006DA0010048
:10B3300077A00100A5A00100DBA00100ED9B0100AA
:10B34000FBA0010009A1010017A1010027A1010034
:10B350003FA1010057A101006DA10100ED9B01007B
:10B3600000000000B7A900000DAA000023AA0000F9
:10B37000D9A80100199C0100E59C0100D3AB010094
:10B3800011AC01003BAC0100113401005D3901003A
:10B3900083A10100A9A10100CDA10100F3A1010039
:10B3A0001C0500402005004000100200CCB3010045
:10B3B00008000020980100004411000000B40100C2
:10B3C000A0010020100E00008011000001150545AD
:10B3D000481000200519A40500203601000100884E
:10B3E0003720FB349B5F80041F8000100D9DCB092C
:10B3F0000020880900200E0A0020024810000000EA
:10C00000000002208D3E0400B53E0400B73E04004F
:10C01000B93E0400BB3E0400BD3E04000000000029
:10C02000000000000000000000000000BF3E04000F
:10C03000C13E040000000000C33E0400C53E0400F1
:10C04000C73E0400614C03002D3D0400F13C040098
:10C05000053D0400C73E0400FD2704003113040021
:10C06000293904003139040039390400C73E04007D
:10C07000C73E0400C73E0400C73E0400C73E04009C
:10C08000C73E0400E9410400C73E0400C73E040067
:10C09000C73E0400C73E040045670400C73E0400D5
:10C0A000C73E0400C73E040041390400493904007A
:10C0B000C73E0400C73E040000000000000000006E
:10C0C000C73E0400C73E0400C73E0400193D0400FB
:10C0D000C73E0400C73E0400C73E0400C73E04003C
:10C0E000553D0400000000000000000000000000BA
:10C0F00000000000C73E040000000000413D0400B5
:10C10000000000000000000000000000000000002F
:10C11000000000000000000000000000000000001F
:10C12000000000000000000000000000000000000F
:10C1300000000000000000000000000000000000FF
:10C1400000000000000000000000000000000000EF
:10C1500000000000000000000000000000000000DF
:10C1600000000000000000000000000000000000CF
:10C1700000000000000000000000000000000000BF
:10C1800000000000000000000000000000000000AF
:10C19000000000000000000000000000000000009F
:10C1A000000000000000000000000000000000008F
:10C1B000000000000000000000000000000000007F
:10C1C000000000000000000000000000000000006F
:10C1D000000000000000000000000000000000005F
:10C1E000000000000000000000000000000000004F
:10C1F000000000000000000000000000000000003F
:10C2000030B5214C04600325C0F81858002400F50F
:10C21000026EF7EE007A0225C0E90244C0F81C580D
:10C22000CEED007AC0F8244800F628044FF0000C48
:10C23000C4F800C09FED127B012480F82C485C1EDE
:10C2400000F5036E00F5046C032C8EED007B0CED05
:10C25000027B05D85C1C6410C0F81838C0F81C4874
:10C2600092B207EE902A00F61402F8EE677A00F513
:10C2700001631160C3ED007A30BD00BFAFF30080F1
:10C28000000000000000000020BE040000000000CC
:10C290002DE9F04D04462DED028BC0682EF01CFAFE
:10C2A000064620690F462EF017FAD4F8148041ECA8
:10C2B000180B40462EF010FA024601F10043824668
:10C2C0008B46304639462CF0D3FE2EF009FDE06255
:10C2D00005462CF077FE034628461D462CF0F4FD5B
:10C2E000034628461D462EF009FA32463B462EF0FC
:10C2F0005DFA064628460F462EF000FA52465B4687
:10C300002EF054FA02460B46304639462EF096F887
:10C3100002460B4651EC180B2CF0AAFE2EF0E0FC66
:10C32000B8F1000F07EE900A24DDF5EEC07AF1EEC9
:10C3300010FA1BDD10A7D7E9006717EE900A2EF060
:10C34000DDF902460B46304639462EF077F8324684
:10C350003B462EF075F82EF0C3FCA062BDEC028BBC
:10C36000E38843F00203E380BDE8F08D04A7D7E93A
:10C370000067E2E7A062F1E7EA2E4454FB21F93FAF
:10C38000EA2E4454FB21F9BF82B010B59FED0A7B21
:10C3900082B00146069CCC6081ED087B103004A978
:10C3A000019081E80C001EF045FC019802B0BDE848
:10C3B000104002B01EF08CBB000000000000000026
:10C3C00082B010B582B004A981E80C00D0E908233E
:10C3D000134304D102B0BDE8104002B070470446D8
:10C3E00020F024F9D4E9082382428B41F2D29FED58
:10C3F0000A7B002304F1100084ED087BE3600190C8
:10C400001EF018FC019802B0BDE8104002B01EF00A
:10C410005FBB00BFAFF30080000000000000000021
:10C420002DE9F84F994653425F4F134329F0004ED0
:10C430004EEAD373BB42904604460D463DD8464271
:10C44000064321F0004A4AEAD676BE4203468B46AE
:10C4500033D809F1404606F5801616433DD04FEA21
:10C46000A97606F002065AEA030346EAD1762CD0F2
:10C470005EEA020335D0BE4546D0BA4531D0AAEBBC
:10C480000E0EBEF1747F4FEA2E5339DAB9F1000F68
:10C4900046DA3C3344DA00200021012E58D0022E27
:10C4A00049D086B134A3D3E900232DF0C7FF34A3CC
:10C4B000D3E900232DF0C2FF05E022462B4640467B
:10C4C00049462DF0BDFFBDE8F88F022E10D0032E97
:10C4D000F9D12DA1D1E90001F5E7BDE8F84F00F051
:10C4E0006BB8BBF1000F07DB29A1D1E90001EAE736
:10C4F00023A1D1E90001E6E727A1D1E90001E2E7A4
:10C5000023A1D1E90001C8E7F24506F1FF3623D0A7
:10C51000022E29D8254B03EBC606D6E90001D2E747
:10C5200042464B46204629462EF06AFA2DF07EFC04
:10C5300000F042F8B1E710A3D3E900232DF07EFF0D
:10C5400002460B460EA1D1E900012DF077FFBAE7B4
:10C5500001F100431946B6E7022E08D8144B03EB4D
:10C56000C606D6E90001AEE700200021ABE70CA12A
:10C57000D1E90001A7E700BF075C143326A6A13C60
:10C58000182D4454FB210940182D4454FB2109C0A7
:10C59000182D4454FB21F93F182D4454FB21F9BFB9
:10C5A000182D4454FB21E93F0000F07F70B50400D2
:10C5B00058B50400000000002DE9F84FBA4B21F0F7
:10C5C00000469E4204460D468A4616DDB74B9E4203
:10C5D0000BDC08D0BAF1000F40F3C18096A1D1E97D
:10C5E0000001BDE8F88F0028F4D022462B462046F3
:10C5F00029462DF025FFBDE8F88FAD4B9E4200F394
:10C60000B380A3F1DE739E4240F39A804FF0FF3B6C
:10C6100022462B46204629462EF0C8F802460B46F5
:10C62000804689462EF0C2F885A3D3E9002306464A
:10C630000F462EF0BBF884A3D3E900232DF000FFB2
:10C6400032463B462EF0B2F881A3D3E900232DF009
:10C65000F7FE32463B462EF0A9F87FA3D3E900232C
:10C660002DF0EEFE32463B462EF0A0F87CA3D3E937
:10C6700000232DF0E5FE32463B462EF097F87AA3D4
:10C68000D3E900232DF0DCFE42464B462EF08EF817
:10C6900077A3D3E9002380468946304639462EF0F9
:10C6A00085F875A3D3E900232DF0C8FE32463B463A
:10C6B0002EF07CF872A3D3E900232DF0BFFE3246A2
:10C6C0003B462EF073F870A3D3E900232DF0B6FE9D
:10C6D00032463B462EF06AF86DA3D3E900232DF0D5
:10C6E000ADFE32463B462EF061F8BBF1FF3F0246FD
:10C6F0000B464046494656D02DF0A2FE6D4E2246CE
:10C700002B462EF053F86C4B06EBCB064FEACB0BC7
:10C710009B44DBE900232DF091FE22462B462DF0B1
:10C720008DFE02460B46D6E900012DF087FEBAF1D8
:10C73000000FBFF660AF01F100431946BDE8F88F66
:10C7400055A3D3E900232DF07BFE5C4B00222EF095
:10C75000BDFA00283FF45AAF204629464BE750A1C6
:10C76000D1E90001BDE8F88F2DF060FB544B9E42EB
:10C7700004460D4625DCA3F550239E424CDC0246C0
:10C780000B462DF05DFE4D4B00222DF057FE02466C
:10C790000B462046294614461D464FF0000B00224A
:10C7A0004FF0804322E02DF04BFE22462B462DF029
:10C7B000FDFF02460B46204629462DF03FFEBDE810
:10C7C000F88F404B9E421CDA3F4B00222DF036FE84
:10C7D00002460B462046294614461D4600223A4B87
:10C7E0004FF0020B2DF0E2FF344B00222DF028FE1B
:10C7F00002460B46204629462EF002F904460D4615
:10C8000006E722462B46314900202EF0F9F84FF07A
:10C81000030B04460D46FBE6284B00222DF00EFECE
:10C8200002460B46204629464FF0010B14461D4692
:10C83000DAE700BFAFF30080182D4454FB21F93F25
:10C8400011DA22E33AAD903FEB0D76244B7BA93F02
:10C85000513DD0A0660DB13F6E204CC5CD45B73FD0
:10C86000FF8300922449C23F0D5555555555D53F7C
:10C870002F6C6A2C44B4A2BF9AFDDE522DDEAD3F70
:10C880006D9A74AFF2B0B33F711623FEC671BC3F10
:10C89000C4EB98999999C93F9C7500883CE4377E10
:10C8A000182D4454FB21F9BFFFFF0F440000F07F17
:10C8B000FFFFDB3F88B50400A8B504000000F03F8F
:10C8C000FFFFF23F008003400000F83F0000F0BF90
:10C8D00010B5054C237833B9044B13B10448AFF3BA
:10C8E00000800123237010BD683600200000000086
:10C8F00050DB040008B5034B1BB103490348AFF3F9
:10C90000008008BD000000006C36002050DB0400F1
:10C91000A3F5803A704700BF174B002B08BF134B9D
:10C920009D46FFF7F5FF00218B460F461348144A3A
:10C93000121A2EF026FC0E4B002B00D098470D4B00
:10C94000002B00D098470020002104000D000D4866
:10C95000002802D00C481CF0CBFF2DF025FC200055
:10C96000290004F097FB2DF00BFC00BF000008002D
:10C970000000000000000000000002200022002053
:10C980009CBD0020F19803000000000082B000214F
:10C990000193C0E90011816002B0704782B049681C
:10C9A0000B4A9FED0C7A30B40D680B4C039304FBDB
:10C9B000052207EE902A30BCF8EE677A0A6067EE2F
:10C9C000877A0322C0ED017A027002B0704700BF7F
:10C9D0005FF36E3C0000802F0D661900142906D805
:10C9E00000EB8100406810B103685B6818470020C5
:10C9F000704700BF14290CD800EB8100406840B19B
:10CA000008B50368111E1B6818BF01219847002054
:10CA100008BD0020704700BF14291DD800EB81001D
:10CA20004068C8B1012A08B510D0022A08D00AB15E
:10CA3000002008BD036811465B6C9847002008BDC4
:10CA4000036801215B6C9847002008BD0368022140
:10CA50005B6C9847002008BD0020704714290FD850
:10CA600000EB8100406858B110B59446026840F26E
:10CA7000DC53146961464FF4FA62A047002010BDF0
:10CA800000207047142906D800EB8100406810B1DF
:10CA900003685B6918470020704700BF407A704701
:10CAA000D0F8C000704700BF2DE9F047D0F8BC6057
:10CAB00031442C2301F0030606FB03F30C33C518A5
:10CAC000C75CD5F80180D5F805900446052F71D8CC
:10CAD000DFE807F02E2E6358030305F1080C00224F
:10CAE000002000211CF801EFA2F12003C2F1200A6E
:10CAF0000EFA03F32EFA0AFA43EA0A030EFA02FECA
:10CB000008324EEA000E0B43402A70461946E9D11E
:10CB10002EF0E6F8012F07EE900A4FF0000311D037
:10CB2000052F41D16A7C9A4612359C469E460EE0FE
:10CB3000D5F8093007EE903AF8EEE77A012F4FF07A
:10CB40000003EDD16A7B9A460E359C469E462C2109
:10CB500001FB064604F1C800F16AC4E9321796F8F1
:10CB60003410C4F8D010C4E93652C4E938ECC4E932
:10CB70003AA3C4ED357A336BC4F8F880C4E93C3984
:10CB8000BDE8F0874FF0000C6B7A05F10A0AE64623
:10CB90000022DFED0A7A1546D9E7002395F809C08F
:10CBA00005F10A0E9A46F3E79A469C469E461A46B7
:10CBB0001D46CCE7DFED017AC0E700BF00000000B2
:10CBC000D0F8C400704700BF704700BF704700BF77
:10CBD000704700BF704700BF704700BF704700BF7D
:10CBE000704700BF704700BF704700BF704700BF6D
:10CBF00008B51FF00BFD08BD10B5142104462EF03A
:10CC00005AFA204610BD00BF10B5342104462EF05C
:10CC100052FA204610BD00BF10B5082104462EF080
:10CC20004AFA204610BD00BF10B5082104462EF078
:10CC300042FA204610BD00BF10B5082104462EF070
:10CC40003AFA204610BD00BF10B5582104462EF018
:10CC500032FA204610BD00BF10B5602104462EF008
:10CC60002AFA204610BD00BF10B5FC2104462EF064
:10CC700022FA204610BD00BF10B50C2104462EF04C
:10CC80001AFA204610BD00BF10B5042104462EF04C
:10CC900012FA204610BD00BF406800F6140023F0D1
:10CCA0008FB900BF4368D3F83C091EF0B1BB00BF89
:10CCB0004368D3F83C091EF09BBB00BF4368D3F820
:10CCC0003C091EF0D5BB00BF4368D3F83C091EF0F9
:10CCD000AFBB00BF4368D3F83C091EF081BB00BF67
:10CCE0004368D3F83C091EF073BB00BF4368D3F818
:10CCF0003C091EF065BB00BF436810B50446D3F87D
:10CD00003C0903681B6B98476368BDE81040D3F883
:10CD10003C091EF0CDBB00BF10B5406882B00024B6
:10CD2000490089B2009400F5E26024F087FD02B06A
:10CD300010BD00BF10B5406882B00024490089B220
:10CD4000009400F5E26024F013FD02B010BD00BFB6
:10CD50002DE9F843846D07460D46164614B90AE0DE
:10CD6000E46944B123689D42FAD163689E42F7D1D9
:10CD70002069BDE8F883142D33D807EB8503142E02
:10CD8000D3F804902DD807EB8603D3F80480B9F1CB
:10CD9000000F26D0B8F1000F23D0B8F8063043F4C6
:10CDA0008073A8F8063020202EF089F9C8230446A5
:10CDB000036197F85C30BA6D0B49BC65C0E9005659
:10CDC000C0E902980020A0616161E261002BCFD12F
:10CDD0000123064A87F85C30394605481DF0C8FB38
:10CDE000C6E7C820BDE8F88300004843BDA903009A
:10CDF0006910020008461DF013BD00BF82B010B5D7
:10CE00000968039304460AF047FF2046BDE8104036
:10CE100002B0704782B010B50968039304460AF067
:10CE20002DFF2046BDE8104002B0704782B010B51B
:10CE30000446086803930AF0AFFE00232046C4E9C5
:10CE40000033A360BDE8104002B0704710B5034B3B
:10CE50000360044624F00AFB204610BD2CB60400F3
:10CE600010B5054B0360044624F000FB2046182152
:10CE70002EF021F9204610BD2CB60400062A0346E8
:10CE800007D000220121C0E900228260017018460B
:10CE90007047034A07CA83E807001846704700BF77
:10CEA00070B80400D1B2034608293AD8DFE801F08F
:10CEB0003305050D151B21272D0040F20141C3E963
:10CEC00001120820187018467047082040F20241ED
:10CED0001870C3E9011218467047154A07CA83E85B
:10CEE000070018467047134A07CA83E80700184628
:10CEF0007047114A07CA83E80700184670470F4A6F
:10CF000007CA83E80700184670470D4A07CA83E836
:10CF10000700184670470B4A07CA83E807001846FF
:10CF2000704700220121C3E900229A601970CAE704
:10CF300088B8040094B80400A0B80400ACB8040099
:10CF4000B8B804007CB8040082B070B582B0044662
:10CF5000089D07930E4655B1194693F90030032BEF
:10CF600012D0012D03D091F90C30042B1FD0306862
:10CF70000AF012FE00232046C4E90033A36002B089
:10CF8000BDE8704002B07047D1ED017AB7EE007A8B
:10CF900077EEC77AF5EEC07AF1EE10FAEADBFCEE36
:10CFA000E77A306817EE901A0AF0C4FDE2E7002035
:10CFB000CDE9000001ABB0680C316A460EF06AFFA3
:10CFC0000028D7D0DDE9001230680AF0FBFDD1E778
:10CFD00000B587B00DF1080C8CE80600E8B1DDE97A
:10CFE000022119B192F90010082921D0DFED1C7A35
:10CFF000C3ED017A032201211A708DF81410ADF8E7
:10D000001620BDF81420BDF81630002062F30F0082
:10D0100063F31F4007B05DF804FB03220121C3E95D
:10D02000000098601A708DF81410ADF81620E8E72B
:10D030005268B2F5816FD9D100680028D6D0026855
:10D040000849526A8A4204D1D0ED317AF8EEE77A83
:10D05000CEE701939047019B07EE900AF6E700BFE9
:10D0600000000000C1CB010010B5037A82B0044675
:10D070003BB1606800F5106002B0BDE8104017F0E9
:10D0800063BD4068019100F5106017F023FE012395
:10D0900001992372EDE700BF10B5037A82B0044610
:10D0A0003BB1606800F5106002B0BDE8104017F0B9
:10D0B0005DBD4068019100F5106017F00BFE012383
:10D0C00001992372EDE700BF38B5037A05460C4697
:10D0D00043B16868E1B26972BDE8384000F510609C
:10D0E00017F082BE406800F5106017F0F3FD0123D1
:10D0F0002B72EEE782B070B582B00446089A0793AF
:10D10000002A4CD093F9000003287CD0012A00F0BB
:10D110008F80DFED506A93F90C0003280CBF93ED6C
:10D12000047A9FED4C7A022A03D093F91820032A3F
:10D130007BD0DFED497A0868F4EE666A0368F1EEA9
:10D1400010FA9D6857D0B4EE477AF1EE10FA4FF01E
:10D15000000137D177EE476AF5EE406AF1EE10FA3A
:10D1600030D1BDEEC77AF4EE677A17EE103AF1EEE1
:10D1700010FA1AB22DD0394EB5424FF0000338D113
:10D18000406800F6140022F01BFF00232046C4E98B
:10D190000033A36002B0BDE8704002B07047086879
:10D1A000DFED2C6A0368DFED2C7A9D68B0EE667ABD
:10D1B000FDEEE66AB4EE477A16EE903AF1EE10FA1A
:10D1C00019B2C7D0F4EE677AF1EE10FA4FF0000210
:10D1D000D1D137EEE77AB5EE407AF1EE10FACAD146
:10D1E000FDEEE77A1D4ECDED017AB5429DF8043093
:10D1F000C6D0A847C9E736EEE66AB5EE406AF1EE5A
:10D2000010FAA0D1D4E7012AD3ED016A83D10868CE
:10D21000F4EE666A0368F1EE10FA9D680DD09FED9A
:10D220000D7ADFED0D7A00219BE7D3ED077A82E7D7
:10D230000868DFED086A03689D6876EEE67AF5EE29
:10D24000407AF1EE10FAEAD19FED027ADFED027A30
:10D25000AEE700BF0000000000007F4399CC010052
:10D2600000B587B00DF1080C8CE806001146029A53
:10D2700019B192F9001008290DD0002001228DF873
:10D280001420BDF814105860032241EA02401A70BD
:10D2900007B05DF804FB516840F204429142ECD1C2
:10D2A00000690028E9D002680749126A01938A429E
:10D2B00006D14268D2F83C091EF09AF8019BDDE7DE
:10D2C0009047019BDAE700BFB1CC010000B587B001
:10D2D0000DF1080C8CE806001146029A19B192F97A
:10D2E000001008290DD0002001228DF81420BDF86F
:10D2F00014105860032241EA02401A7007B05DF82A
:10D3000004FB516840F204429142ECD100690028CC
:10D31000E9D002680749526A01938A4206D14268FD
:10D32000D2F83C091EF074F8019BDDE79047019BA1
:10D33000DAE700BFA5CC010000B587B00DF1080CFD
:10D340008CE806001146029A19B192F900100829DA
:10D350000FD0DFED177AC3ED017A01228DF814208A
:10D36000BDF81400032240EA02401A7007B05DF8CD
:10D3700004FB516840F204429142EAD1006900285E
:10D38000E7D002680B49526901938A420AD1426888
:10D39000D2F83C091EF024F8019B07EE900AF8EE43
:10D3A000E77AD8E79047019B07EE900AF7E700BFBE
:10D3B00000000000D5CC010000B587B00DF1080CCD
:10D3C0008CE806001146029A19B192F9001008295A
:10D3D0000FD0DFED177AC3ED017A01228DF814200A
:10D3E000BDF81400032240EA02401A7007B05DF84D
:10D3F00004FB516840F204429142EAD100690028DE
:10D40000E7D002680B49D26901938A420AD1426887
:10D41000D2F83C091EF02CF8019B07EE900AF8EEBA
:10D42000E77AD8E79047019B07EE900AF7E700BF3D
:10D4300000000000BDCC010000B587B00DF1080C64
:10D440008CE806001146029A19B192F900100829D9
:10D450000FD0DFED177AC3ED017A01228DF8142089
:10D46000BDF81400032240EA02401A7007B05DF8CC
:10D4700004FB516840F204429142EAD1006900285D
:10D48000E7D002680B49926901938A420AD1426847
:10D49000D2F83C091DF0CCFF019B07EE900AF8EE94
:10D4A000E77AD8E79047019B07EE900AF7E700BFBD
:10D4B00000000000C9CC010000B587B00DF1080CD8
:10D4C0008CE806001146029A19B192F90010082959
:10D4D0000FD0DFED177AC3ED017A01228DF8142009
:10D4E000BDF81400032240EA02401A7007B05DF84C
:10D4F00004FB516840F204429142EAD100690028DD
:10D50000E7D002680B49D26801938A420AD1426887
:10D51000D2F83C091DF054FF019B07EE900AF8EE8B
:10D52000E77AD8E79047019B07EE900AF7E700BF3C
:10D5300000000000EDCC010000B587B00DF1080C33
:10D540008CE806001146029A19B192F900100829D8
:10D550000FD0DFED177AC3ED017A01228DF8142088
:10D56000BDF81400032240EA02401A7007B05DF8CB
:10D5700004FB516840F204429142EAD1006900285C
:10D58000E7D002680B49126901938A420AD14268C6
:10D59000D2F83C091DF01CFF019B07EE900AF8EE43
:10D5A000E77AD8E79047019B07EE900AF7E700BFBC
:10D5B00000000000E1CC010070B586B002AC84E848
:10D5C00006001C4622B10B4691F9001008290FD025
:10D5D00001238DF81430BDF814200023184662F39F
:10D5E0000F00C0F20300C4E90033A36006B070BDB1
:10D5F0005968B1F5806FEBD1012A40D10068DFEDA9
:10D60000386A03689D68F0EE667AB0EE667A36EEA8
:10D61000E66AB5EE406AF1EE10FA50D1FDEEE66A28
:10D6200016EE903A19B2F4EE677AF1EE10FA4AD19A
:10D6300077EEE76AF5EE406AF1EE10FA43D1FDEEBF
:10D64000E77A17EE903A1AB2B4EE477AF1EE10FA92
:10D6500037D177EE477AF5EE407AF1EE10FA30D115
:10D66000FDEEC77ACDED017A9DF804301D4EB5422E
:10D670002BD1406800F6140022F0A2FCA8E793F931
:10D680000C1003290CBFD3ED046ADFED156A022AE2
:10D6900023D093F91810032919D0DFED117A032A4A
:10D6A00003D993F92420032A14D09FED0D7A006842
:10D6B000F4EE666A0368F1EE10FA9D68A7D00021C7
:10D6C000B1E70023D2E70022BEE7A84780E7D3ED09
:10D6D000077AE4E793ED0A7AE9E7DFED017AE4E718
:10D6E0000000000099CC0100F0B58BB002AC84E8DA
:10D6F00006001C4622B10B4691F90010082915D0EE
:10D70000002303220121C4E90033A36022708DF8B5
:10D710001810ADF81A20BDF81820BDF81A300020F6
:10D7200062F30F0063F31F400BB0F0BD054658686D
:10D7300040F205418842E3D1012A41D093F90C100F
:10D74000032949D00026022A3BD0183393E807006A
:10D750000DF11C0C8CE807009DF91C3000270C2BE8
:10D76000CDE9047756D1089B002B56DBA9688A685F
:10D7700093425DD80998D21A904259D84A681A44FF
:10D780000346CDE9042028682E490568AD688D421E
:10D790003BD140687100002589B200F5E260009538
:10D7A00023F0E6FF07EE900AF8EEE77A0323012262
:10D7B0002370C4ED017A8DF81820ADF81A30AAE76D
:10D7C0000026002301220793CDE904338DF81C20A5
:10D7D000CDE908331A46D6E7D3ED047AF4EE677A3A
:10D7E000F1EE10FAAED137EEE77AB5EE407AF1EE0F
:10D7F00010FAA7D1F5EEC07AF1EE10FAA2D9FCEE3C
:10D80000E77A17EE901A8EB29DE73146A84707EEE9
:10D81000900AC9E73B463A46B5E7686860B1614699
:10D8200005AB04AA0EF060FB30B1DDE90423AAE7E2
:10D830003B4638463A46A4E70022CDE90422134687
:10D84000A1E700BF35CD010082B070B50E6A059327
:10D8500004467EB13268069D1269A5B9174B9A42FB
:10D8600020D1337A13B37068E9B2717200F5106099
:10D8700017F0BAFA00232046C4E90033A360BDE8DC
:10D88000704002B0704793F90010032908BFD3ED30
:10D89000017A0A4B0ABFFDEEE77A002517EE905A8F
:10D8A0009A42DED0294630469047E3E7706800F59B
:10D8B000106017F00FFA01233372D4E7C9D00100CA
:10D8C0002DE9F04784B06C4684E8060011461F46F7
:10D8D000009A002900F0858092F90030082B78D05A
:10D8E0004FF00008012971D092F90C30032B7BD046
:10D8F0000025022904D092F91830032B00F08F8004
:10D900000026B8F1000F6CD0D8F80030574A9B6859
:10D91000934240F0A280D8F8584014B91CE0E46962
:10D92000D4B12068A842FAD163689E42F7D1D4ED01
:10D93000047AF8EEE77A01238DF80C30BDF80C205C
:10D94000C7ED017A0020032362F30F0063F31F4049
:10D950003B7004B0BDE8F087142D7BD808EB85033D
:10D96000142ED3F804A075D808EB8603D3F80490DE
:10D97000BAF1000F6ED0B9F1000F6BD0B9F80630D4
:10D9800043F48073A9F8063020202DF098FB384B23
:10D990004361C822026198F85C30D8F85820C0F87A
:10D9A00008A00021C0E90056C0E90612C0F80C909A
:10D9B0000446C8F85800002BB9D101232D4A88F835
:10D9C0005C3041462C481CF0D3FDB0E700252E46C4
:10D9D00097E7546840F207439C4281D1D0F81C80FD
:10D9E00080E7DFED267AA6E7D2ED047AF4EE677AD7
:10D9F000F1EE10FA7FF47CAF37EEE77AB5EE407ABD
:10DA0000F1EE10FA7FF474AFF5EEC07AF1EE10FA91
:10DA10007FF66EAFFCEEE77A17EE905A69E7D2ED2B
:10DA2000077AF4EE677AF1EE10FA7FF469AF37EE19
:10DA3000E77AB5EE407AF1EE10FA7FF461AFF5EED9
:10DA4000C07AF1EE10FA7FF65BAFFCEEE77A17EEE4
:10DA5000906A56E7DFED0A7A6DE73246294640467E
:10DA6000984707EE900AF8EEE77A64E751CD010097
:10DA700000004843BDA90300691002000000000037
:10DA800000004843C86810B400EB40034C6AC96A00
:10DA90004FEA830C002204EB830344F80C20C3E913
:10DAA0000122012304F80C300A545DF8044B70473E
:10DAB000C86810B400EB40034C6AC96A4FEA830C93
:10DAC000002204EB830344F80C20C3E90122012364
:10DAD00004F80C300A545DF8044B70472DE9F04708
:10DAE0008AB002AC84E806001D46044622B10B460B
:10DAF00091F90010082920D00022D4E90103114631
:10DB000000950FF00BFA88B9002205238DF8182034
:10DB1000ADF81A30BDF81820BDF81A30002062F3B5
:10DB20000F0063F31F400AB0BDE8F0870122032312
:10DB30008DF81820ADF81A30ECE7586840F205412E
:10DB40008842D9D1012A59D093F90C1003293BD02E
:10DB50004FF00008022A03D093F91820032A51D06D
:10DB60004FF0000905AB0093002607AF012307968D
:10DB7000C7E901668DF81C30D4E901023B464946ED
:10DB800005960FF01DF90028BED020682B4B0268C7
:10DB9000D2F80CA0059A9A454CD1406800964FEAFD
:10DBA000480189B24B4600F5E26023F047FE0028A9
:10DBB000A2D197E8070001238DF81830032385E8E8
:10DBC0000700ADF81A30A5E7D3ED047AF4EE677AD2
:10DBD000F1EE10FABCD137EEE77AB5EE407AF1EE0D
:10DBE00010FAB5D1F5EEC07AF1EE10FAB0D9FCEE2C
:10DBF000E77A17EE901A1FFA81F8ABE74FF00008AA
:10DC0000C146AFE7D3ED077AF4EE677AF1EE10FA8A
:10DC1000A6D137EEE77AB5EE407AF1EE10FA9FD151
:10DC2000F5EEC07AF1EE10FA9AD9FCEEE77A17EE2B
:10DC3000909A97E74B464146D047B8E719CD010087
:10DC400030B587B00DF1080C8CE8060038B11146EC
:10DC5000029A21B192F900C0BCF1080F0FD0012245
:10DC60008DF81420BDF814100022104661F30F0047
:10DC7000C0F20300C3E900229A6007B030BD5468C7
:10DC8000B4F5816FEBD10468002CE8D0206801293D
:10DC9000856903D092F90C1003291ED00021124A85
:10DCA000954215D1227A3AB16068009300F5106070
:10DCB00016F05CFF009BD2E7606800F51060CDE9CC
:10DCC000001317F007F80122DDE900132272EBE7D9
:10DCD00000932046A847009BC1E7D2ED047AFDEEF1
:10DCE000E77A17EE901ADAE799D0010030B587B0DD
:10DCF0000DF1080C8CE8060038B11146029A21B1EA
:10DD000092F900C0BCF1080F0FD001228DF8142049
:10DD1000BDF814100022104661F30F00C0F203009A
:10DD2000C3E900229A6007B030BD5468B4F5816F32
:10DD3000EBD10468002CE8D020680129456903D0A4
:10DD400092F90C1003291ED00021124A954215D1D8
:10DD5000227A3AB16068009300F5106016F0F4FE84
:10DD6000009BD2E7606800F51060CDE9001316F063
:10DD7000B1FF0122DDE900132272EBE70093204698
:10DD8000A847009BC1E7D2ED047AFDEEE77A17EED3
:10DD9000901ADAE769D0010082B038B50D69304ACF
:10DDA000296805938B68934204462CD16B68D3F89D
:10DDB0003C0903681B6B98476B68D3F83C091DF05E
:10DDC00077FB069A22B1059991F90030012B0CD00E
:10DDD0000B23C01AB0FA80F0400902222071227091
:10DDE0002046BDE8384002B07047012AF0D091F9D2
:10DDF0000C50012DEDD1022AEAD091F91830012BF7
:10DE000004D00223E5E728469847DAE7032ADFD063
:10DE100091F92430012B01D00323DAE7042AD7D06B
:10DE200091F93030012B01D00423D2E7052ACFD05D
:10DE300091F93C30012B01D00523CAE7062AC7D04F
:10DE400091F94830012B01D00623C2E7072ABFD041
:10DE500091F95430012B0CBF0B230723B9E700BF06
:10DE6000F9CC010030B4CC684B6A064ACD6A04EBA9
:10DE7000440103EB810307CA83E8070001232B5504
:10DE800030BC70474CB8040070B586B00DF1080C7A
:10DE90008CE8060038B11146029A21B192F900C00F
:10DEA000BCF1080F0FD001228DF81420BDF814101A
:10DEB0000022104661F30F00C0F20300C3E9002204
:10DEC0009A6006B070BD5468B4F5816FEBD10468F8
:10DED000002CE8D020680129066903D092F90C10C3
:10DEE00003291FD00025134A964215D1227A4AB140
:10DEF00060680193E9B2617200F5106016F074FF7A
:10DF0000019BD0E76068019300F5106016F0E2FE17
:10DF10000122019B2272EBE7019329462046B0477C
:10DF2000019BC0E7D2ED047AFDEEE77A17EE905A36
:10DF3000D9E700BFC9D0010030B585B06C4684E890
:10DF400006001C464AB191F90030082B17D0012A6F
:10DF500003D091F90C30032B34D0DFED2A7AC4EDD5
:10DF6000017A01238DF80C30BDF80C20002003232A
:10DF700062F30F0063F31F40237005B030BD4D689E
:10DF800040F206439D42E2D1012A806903D091F913
:10DF90000C30032B17D000210028DED003681A4A6A
:10DFA0009B68934227D11429D7D800EB81004068A1
:10DFB0000028D2D003685B68984707EE900AF8EE15
:10DFC000E77ACCE70020D1ED047AF4EE677AF1EE3F
:10DFD00010FAE0D137EEE77AB5EE407AF1EE10FABA
:10DFE000D9D1F5EEC07AF1EE10FAD4D9FCEEE77A89
:10DFF00017EE901AD0E7984707EE900AF8EEE77A06
:10E00000ADE700BF00000000DDC9010030B585B0FC
:10E010006C4684E806001C464AB191F90030082B92
:10E0200017D0012A03D091F90C30032B34D0DFED47
:10E030002A7AC4ED017A01238DF80C30BDF80C204A
:10E040000020032362F30F0063F31F40237005B029
:10E0500030BD4D6840F206439D42E2D1012A8069FD
:10E0600003D091F90C30032B17D000210028DED00B
:10E0700003681A4A9B69934227D11429D7D800EB29
:10E08000810040680028D2D003685B69984707EE9A
:10E09000900AF8EEE77ACCE70020D1ED047AF4EEAE
:10E0A000677AF1EE10FAE0D137EEE77AB5EE407A12
:10E0B000F1EE10FAD9D1F5EEC07AF1EE10FAD4D91A
:10E0C000FCEEE77A17EE901AD0E7984707EE900A31
:10E0D000F8EEE77AADE700BF0000000085CA010056
:10E0E00030B585B06C4684E8060015461C4642B340
:10E0F00091F90030082B0A4635D00020012D2FD091
:10E1000092F90C30032B35D00021022D03D092F967
:10E110001830032B46D0002298B10368304DDB68DD
:10E12000AB4257D114290CD800EB8100406840B1B4
:10E130000368111E1B6818BF01219847DFED297A7B
:10E1400001E0DFED287AC4ED017A01238DF80C306F
:10E15000BDF80C00032340EA0340237005B030BD36
:10E1600000210A46D8E7496840F206439942C4D1E3
:10E170008069C3E7D2ED047AF4EE677AF1EE10FA23
:10E18000C2D137EEE77AB5EE407AF1EE10FABBD1A4
:10E19000F5EEC07AF1EE10FAB6D9FCEEE77A17EE9A
:10E1A000901AB2E7D2ED077AF4EE677AF1EE10FA40
:10E1B000B1D137EEE77AB5EE407AF1EE10FAAAD196
:10E1C000F5EEC07AF1EE10FAA5D9FCEEE77A17EE7B
:10E1D000902AA1E7984707EE900AF8EEE77AB2E7AF
:10E1E000F5C901000000000010B586B00DF1080C63
:10E1F0008CE806001146029A19B192F9001008291C
:10E200000ED0DFED1A7AC3ED017A01228DF81420C9
:10E21000BDF81400032240EA02401A7006B010BD97
:10E22000516840F204429142EBD10469002CE8D0DD
:10E2300022680F49926801938A4210D16268D2F82D
:10E240003C090268126B90476268D2F83C091DF0E5
:10E250002FF9019B07EE900AF8EE677AD3E7204684
:10E260009047019B07EE900AF6E700BF0000000010
:10E27000F9CC010030B585B06C4684E8060015463F
:10E280001C464AB391F90030082B0A4636D00020CC
:10E29000012D30D092F90C30032B36D00023022D03
:10E2A00003D092F91810032947D00021A0B10268C9
:10E2B0005569324A954258D1142B0DD800EB830092
:10E2C000406848B1026840F2DC5315694FF4FA62C5
:10E2D000A847DFED2B7A01E0DFED297AC4ED017A62
:10E2E00001238DF80C30BDF80C00032340EA0340F5
:10E2F000237005B030BD00231946D7E7496840F2C6
:10E3000006439942C3D18069C2E7D2ED047AF4EEA4
:10E31000677AF1EE10FAC1D137EEE77AB5EE407ABE
:10E32000F1EE10FABAD1F5EEC07AF1EE10FAB5D9E5
:10E33000FCEEE77A17EE903AB1E7D2ED077AF4EE09
:10E34000677AF1EE10FAB0D137EEE77AB5EE407A9F
:10E35000F1EE10FAA9D1F5EEC07AF1EE10FAA4D9D7
:10E36000FCEEE77A17EE901AA0E70A461946A8478E
:10E3700007EE900AF8EEE77AB0E700BF5DCA010049
:10E38000000000002DE9F04385B0EC468CE8060063
:10E39000994622B10A4691F9001008290ED00122AF
:10E3A0008DF80C20BDF80C00002240F44030C9E983
:10E3B0000022C9F8082005B0BDE8F0835268B2F524
:10E3C000806FECD105682A482A689169814246D15C
:10E3D000526928498A4245D12A7A002A36D0A8694A
:10E3E0002F69D5F8148000222A8108B12CF065FE2F
:10E3F000E86908B12CF061FE286A08B12CF05DFED6
:10E4000068680026C5E90666C5E90866AE6200F5DB
:10E4100004601EF001FC7C68C4B122462468117AB5
:10E4200011B1D168884517D0002CF6D176B1327978
:10E4300062B9114AFB6A0121317107CA06F1080C61
:10E440008CE80700F46183B1DE61FE62686800F663
:10E45000140021F0ABFDA2E702F10C06E4E7284628
:10E4600088479CE728469047F0E7BE62EDE700BF8B
:10E47000E5EE010055EE010064B8040030B585B04A
:10E480006C4684E8060015461C4622B391F900301C
:10E49000082B0A4631D00020012D2BD092F90C30E8
:10E4A000032B31D00021022D03D092F91830032B19
:10E4B00049D0002278B10368394D1B69AB425AD16B
:10E4C000142908D800EB8100406820B1012A5FD0F0
:10E4D000022A56D082B3DFED337AC4ED017A0123EC
:10E4E0008DF80C30BDF80C00032340EA0340237084
:10E4F00005B030BD00210A46DCE7496840F206431A
:10E500009942C8D18069C7E7D2ED047AF4EE677A00
:10E51000F1EE10FAC6D137EEE77AB5EE407AF1EEB9
:10E5200010FABFD1F5EEC07AF1EE10FABAD9FCEECE
:10E53000E77A17EE901AB6E7036811465B6C9847C6
:10E54000DFED187AC9E7D2ED077AF4EE677AF1EEDB
:10E5500010FAAED137EEE77AB5EE407AF1EE10FA66
:10E56000A7D1F5EEC07AF1EE10FAA2D9FCEEE77A67
:10E5700017EE902A9EE7984707EE900AF8EEE77AA2
:10E58000ABE7036801215B6C9847DFED067AA4E7EF
:10E59000036802215B6C9847DFED027A9DE700BFBC
:10E5A00019CA0100000000002DE9F04F0F6893B078
:10E5B0000446002F00F08680DD689146DA6A8846BE
:10E5C000515D1E462A44F1B93B688B495B6A8B4218
:10E5D00040F08280D7ED317A716A002305EB450562
:10E5E000F8EEE77AC4E9003301EB8500A360032667
:10E5F000012301F825602370C0ED017A13702046D5
:10E6000013B0BDE8F08F5B6A05EB450103EB8100B9
:10E6100013F92130032BD7D13B68D0ED017ADFF815
:10E62000E4B1DB69FDEEE77A5B45CDED037A4FF0AF
:10E6300000051DD1D7F8C000A84243D93B68294640
:10E640001B6A38469847039A03689A42824609DA59
:10E65000B9F1010F42680ED0B9F1020F66D0B9F1DD
:10E66000000F41D03B68DB695B4505F10105E1D056
:10E6700038469847E0E7022AF4D1F268706AD6F883
:10E680002CC007EE903A012102EB4205F8EEE77A42
:10E69000002304AF00EB850E4FF0030B894500F813
:10E6A00025B0CEED017A0CF802100493C7E90133CE
:10E6B0008DF8101000F09880B9F1020F39D0B9F13F
:10E6C000000F2CD0002301222046C4E90033A360B0
:10E6D000227013B0BDE8F08F38469847F568F36AAA
:10E6E00007EE900A5A1977E732F00402BAD107EE22
:10E6F000903AF368726AF06A03EB4301F8EEE77A46
:10E700004FF0030C02F821C002EB810504AF012297
:10E71000C5ED017AC254C7E90199CDF81090DAF835
:10E720000C30059303238DF810300BE0032AA4D09E
:10E7300098E7DAE908120097D8E901030EF0EEFB3A
:10E740000028BFD0D8F804300D93D3F8B42011922C
:10E7500097E807000EADC3F8B45085E807001846E7
:10E76000264B0AAD0095012253F8291000230A9385
:10E77000C5E901338DF82820D8F808301B220EF0A7
:10E7800003FB30B10097D8E901122B4630460FF059
:10E790007FFADAED0A7A009503220023F8EEE77A91
:10E7A0008DF81C2001220A931549D8F80400CDEDFC
:10E7B000087AC5E901338DF82820D8F808301A22E4
:10E7C0000EF0E2FA38B107AA0092D8E901122B46FE
:10E7D00030460FF05DFA97E807000D9B84E80700CC
:10E7E000119AC3F8B4200AE7DAE906120097D8E9CB
:10E7F00001030EF0C9FAA3E7C1CB0100D0B80400B1
:10E8000098B70400A1CA010082B038B50446059348
:10E8100041B113460022FFF7C7FE2046BDE838404D
:10E8200002B070470123C0E90011A16003702046C7
:10E83000BDE8384002B0704782B038B50446059351
:10E8400041B113460122FFF7AFFE2046BDE8384034
:10E8500002B070470123C0E90011A1600370204697
:10E86000BDE8384002B0704782B038B50446059321
:10E8700041B113460222FFF797FE2046BDE838401B
:10E8800002B070470123C0E90011A1600370204667
:10E89000BDE8384002B0704782B02DE9F04F2DED51
:10E8A000048B95B00446249F23930D461646A7B1CA
:10E8B00093F90020012A10D0032A00F0DB80002306
:10E8C0000222C4E90033A3602270204615B0BDECDB
:10E8D000048BBDE8F04F02B07047F7EE008A0023CA
:10E8E00003AF0393C7E901330123F26A8DF80C30BB
:10E8F000F368D25C42B1726A03EB430312F923104E
:10E90000062902EB83033CD00DF118084FF00009F3
:10E910004FF0010AD5E9020243464FF0FF31CDF82E
:10E920001890C8E901998DF818A00DF0E1FE0028B3
:10E93000C5D0AB680F93D3F8B420139298E80700C2
:10E940000DF1400C8CE80700C3F8B4C018464146EE
:10E950000DF0F0FA4FF0030B01460CAAD5E90203C3
:10E96000CDE90C9901918DF830B0CDF838900EF0CA
:10E970006FFB0199002856D10F9B139AC3F8B4205E
:10E980009DE793E8070087E807003946A8680DF07F
:10E99000D1FAA9680246074600230FA80DF0FEFA37
:10E9A000A9689DED109A01233A460FA80DF0F6FADA
:10E9B000DDED107AB7EE007A77EE877A96ED027A7F
:10E9C000B8EE478AB4EE678AF1EE10FAD6ED007A17
:10E9D0001EBF9FED387AB0EE679AA8EE879AB4EE24
:10E9E000E79AF1EE10FA4ED89FED327AA868E8EE79
:10E9F000877A03260FAB00223946CDED107A8DF8C9
:10EA00003C600DF0E7FA0FABA8688DF83C60394622
:10EA100001228DED108A0DF0DDFA274B93E80700F7
:10EA200084E8070051E74FF0404CD5E9020309AAFA
:10EA3000CDF82490CDF82C908DF824B0CDF828C0D6
:10EA40000EF006FB002897D0D6F80CC0736A0F9A18
:10EA5000D6F82CE00CEB4C0103EB81031399C2F8C0
:10EA6000B41098E8070087E8070083E807000EF86D
:10EA70000CA08AE7D3ED018AF4EE688AF1EE10FA71
:10EA80003FF42DAF1BE7A8688DED109A03260FAB5E
:10EA9000002239468DF83C600DF09CFA0FABA86857
:10EAA0008DF83C60394601228DED108A0DF092FA06
:10EAB000024BB3E700007A4458B804004CB8040095
:10EAC00082B070B5D468D56A05932B5D844643B196
:10EAD000536A04EB440203EB820E13F92230022B3B
:10EAE0000CD000230222CCE90033CCF808308CF89B
:10EAF0000020BDE87040604602B070479EF80420D8
:10EB0000002AEED102600370054B0126C0E9012204
:10EB1000067193E807008EE807002E55E9E700BF6D
:10EB200058B804002DE9F04790B002AC0027054624
:10EB30004FF001090E46D0E9020223464FF0FF31A3
:10EB40000297C4E901778DF808900DF0D1FD88B9DE
:10EB5000F168706AF56A01EB41039C00002200EB4A
:10EB600083030251C3E90122012303556A5410B003
:10EB7000BDE8F087AB680B93D3F8B4200F9294E80C
:10EB800007000DF1300C8CE80700C3F8B4C018463C
:10EB900021460DF0CFF90DF1200801464FF0030A90
:10EBA000D5E90203424608970191C8E901778DF83B
:10EBB00020A00EF04DFA019920B3D5E9020305AA71
:10EBC0004FF04045059707978DF814A006950EF075
:10EBD0003FFAB8B194E807000B9BF468F56A88E83F
:10EBE00007000F9AC3F8B420736A04EB440203EBE6
:10EBF000820398E8070083E8070005F8049010B046
:10EC0000BDE8F0870B9B0F9AC3F8B420A0E700BFC4
:10EC10002DE9F04390F90830062B8DB0054629D038
:10EC2000082B03D001200DB0BDE8F083466800F149
:10EC3000080170680DF086F904460028F2D0002320
:10EC40000246716809A80DF085F99DF92430032B5F
:10EC5000E8D101237168224606A80DF07BF99DF9E1
:10EC60001830032BDED171680223224603A80DF071
:10EC700071F9D7E7436800F1080158680DF05AF9B7
:10EC800006460028CED04368002BCBD04FF00008BA
:10EC9000444602E07368A34235D96F682346796819
:10ECA000324668460DF07AF99DF90030082B04F1E0
:10ECB0000104EFD1786869460DF044F981460023DC
:10ECC00009A8B9F1000FE5D079684A460DF042F97C
:10ECD0009DF92430032BDDD1012379684A4606A82B
:10ECE0000DF038F99DF91830032BD3D10223796840
:10ECF0004A4603A80DF02EF99DF90C300C2B08BFE5
:10ED000008F10108C6E74046012838BF01200DB0D0
:10ED1000BDE8F083F0B58FB002AC84E80C001C466F
:10ED200023B1154692F90020082A34D0DDE91450A9
:10ED30006B68D3B100241A461B68117A11B1D168EF
:10ED4000884223D0002BF6D17CB122796AB93E4AA1
:10ED5000EE6A0121217107CA04F1080C8CE8070052
:10ED6000E361002E46D0F461EC62012203238DF8AA
:10ED70001420BDF81420ADF81630BDF81630002070
:10ED800062F30F0063F31F400FB0F0BD02F10C04FB
:10ED9000002BD0D1D8E76A68B2F5806FC6D1012CBC
:10EDA00007460B4628D005F10C0207CA06AE022C16
:10EDB00086E8070095F90CE003D095F91820032A9E
:10EDC00023D04FF47A748DF818E096E807000EAE61
:10EDD00006E9070014A903C93D681B682E680A9755
:10EDE0008DE803002846194D0995224609A9346982
:10EDF000A047BAE7AC62B7E7002206AEA646C6E96E
:10EE0000012206924FF47A74DDE7D5ED077A9FED83
:10EE1000107A67EE877AF4EE677AF1EE10FA10D185
:10EE200037EEE77AB5EE407AF1EE10FA09D1F5EE59
:10EE3000C07AF1EE10FA04D9FCEEE77A17EE904AA8
:10EE4000C1E70024BFE700BF64B8040074B6040043
:10EE500000007A44F8B5037A03B9F8BD0446806926
:10EE60000023D4E90476238108B12CF026F9E06967
:10EE700008B12CF022F9206A08B12CF01EF9606864
:10EE80000025C4E90655C4E90855A56200F50460EB
:10EE90001DF0C2FE7B68002BDFD01A461B68117A7A
:10EEA00011B1D1688E4214D0002BF6D1002DD4D0F0
:10EEB0002A79002AD1D10A4AFE6A0121297107CA9A
:10EEC00005F1080484E80700EB613EB1F561FD62DD
:10EED000F8BD02F10C05002BDFD1E7E7BD62F6E7D4
:10EEE00064B80400F8B50368304A5B69934204468D
:10EEF00051D1037A33B96068BDE8F84000F61400D8
:10EF000021F054B880690023D4E90476238108B144
:10EF10002CF0D3F8E06908B12CF0CFF8206A08B1E2
:10EF20002CF0CBF860680025C4E90655C4E9085503
:10EF3000A56200F504601DF06FFE7B68002BDAD03F
:10EF40001A461B68117A11B1D1688E421ED0002B6F
:10EF5000F6D1002DCFD02A79002ACCD101222A71F6
:10EF6000134AD7F82CC007CA05F1080686E807003F
:10EF7000EB61BCF1000F16D0CCF81C506068FD624C
:10EF800000F61400BDE8F84021F010B802F10C05BD
:10EF9000002BD5D1DDE798476068BDE8F84000F662
:10EFA000140021F003B8BD62E8E700BF55EE010090
:10EFB00064B804002DE9F04190F8088082B0B8F1FF
:10EFC000000F36D11E4609AB04460F4693E80300F6
:10EFD00004F1100383E803000123237215461DF09A
:10EFE00015FB05FB066303EB430300EB430360687B
:10EFF000E36000F6140020F0D9FF012D42D02AB2C0
:10F000003946684621F090FA6468694604F504645C
:10F0100001A821F0AFFA324601A920461DF0C4FE36
:10F0200001A821F035FA684621F032FA02B0BDE8B5
:10F03000F081DDE909506B68002BF7D000241A46F7
:10F040001B68117A11B1D168884216D0002BF6D115
:10F05000002CEBD02279002AE8D1114AEF6A012175
:10F06000217107CA04F1080686E80700E361A7B129
:10F07000FC61EC6202B0BDE8F08102F10C04002BEF
:10F08000DDD1E5E7606865723978424600F50460D5
:10F0900002B0BDE8F0411DF0DBBDAC62E9E700BFA6
:10F0A00064B804002DE9F04F91B004AC84E80C0082
:10F0B0001E4605468B465BBB08ACC4E9013308938A
:10F0C0004FF47A794FF0010C8DF820C094E80700D6
:10F0D00010AC04E907001AA903C90C952D68DBF8E8
:10F0E00000302C688DE8030028467E4D24690B957E
:10F0F0004A460BA9A04701238DF81C30BDF81C30EF
:10F10000002063F30F00C0F2030011B0BDE8F08FE0
:10F1100092F900C0174607CA08AC012B84E8070023
:10F1200008BF4FF47A79CFD097F90C20032A52D038
:10F130004FF47A79022EC7D097F91820D5F80080BD
:10F14000012A6DD0D8F800C06749DCF814208A4243
:10F1500062D198F80820002A65D1624A0B9294E89F
:10F16000070010AC04E907001AA903C9DBF8003056
:10F170000C958DE803004A46DCF8104040460BA988
:10F18000A047032EB7D097F92430012BB3D0DDE987
:10F190001A506B68002BAED000241A461B68117AF7
:10F1A00011B1D168884232D0002BF6D1002CA2D008
:10F1B0002279002A9FD14D4AEF6A0121217107CAA5
:10F1C00004F1080686E80700E361002F00F088805C
:10F1D000FC61EC628FE7D7ED047A9FED457A67EE2C
:10F1E000877AF4EE677AF1EE10FA73D137EEE77AA8
:10F1F000B5EE407AF1EE10FA6CD1F5EEC07AF1EE90
:10F2000010FA67D9FCEEE77A17EE909A92E702F1CE
:10F210000C04002BC1D1C9E740469047D5F80080C7
:10F22000D8F800C099E7D8F81800D8F81030D8F806
:10F2300014A003930022A8F8082008B12BF03DFF8A
:10F24000D8F81C0008B12BF038FFD8F8200008B11E
:10F250002BF033FFD8F804000023C8E90633C8E9CF
:10F260000833C8F8283000F504601DF0D5FC039B76
:10F27000D3F804C0BCF1000FD0D000236246DCF804
:10F2800000C0117A11B1D1688A4520D0BCF1000FBD
:10F29000F4D1002BC2D01A79002ABFD10399134AA6
:10F2A000D1F82CA00121197107CA03F1080888E8D8
:10F2B0000700C3F81CC0BAF1000F0ED0CAF81C300A
:10F2C000039AD5F80080D362D8F800C045E702F170
:10F2D0000C03DBE74FF000092CE7039A9362EFE79A
:10F2E000AC6276E774B6040055EE010064B8040021
:10F2F00000007A442DE9F04F97B0067A209B0293E4
:10F30000219BCDE90323002E40F035810B68A94AEB
:10F310009B68934205460C4640F0558191F90830B0
:10F32000062B60D0082B00F058814FF00109039B99
:10F33000002B40F0A08009930C930CAA2368009244
:10F3400009F1FF3120460FAADC6809ABA047DDF8C0
:10F350003090099FB9F1000F1BD0DDF80CA0D0460A
:10F3600097B10DF13B030FFA88FB03EB0A0600246B
:10F37000686816F8013F21B200F6140001345A46BD
:10F3800020F01EFEA742F3D108F10108C145BA449E
:10F39000E6D1029B5B68F3B1049800241A461B680F
:10F3A000117A11B1D168884218D0002BF6D194B1EE
:10F3B000227982B9012121717F4A0299CE6A07CA56
:10F3C00004F1080585E80700E361002E00F03081B4
:10F3D000F461029BDC6217B0BDE8F08F02F10C040F
:10F3E000002BDBD1E3E74B68083158680CF0A2FD35
:10F3F00000289AD04368002B97D0B146804604E09D
:10F40000D8F80430B34240F2E28067683346796846
:10F41000424606A80CF0C2FD9DF91830082B06F1F3
:10F420000106EDD1786806A90CF08CFD8246002318
:10F430000FA8BAF1000FE3D0796852460CF08AFDAC
:10F440009DF93C30032BDBD10123796852460CA88F
:10F450000CF080FD9DF93030032BD1D10223796867
:10F46000524609A80CF076FD9DF924300C2B08BFFC
:10F4700009F10109C4E7A86908B12BF01EFEE8698B
:10F4800008B12BF01AFE286A08B12BF016FE0023F3
:10F4900009EB8900C5E906332B62AB62C5F82490FD
:10F4A00000EB80002BF01CFE6FF060439945A861D3
:10F4B0004FEA890670D34FF0FF302BF011FEE86160
:10F4C0004FF0FF302BF00CFE28624FF0000A0DF1D8
:10F4D0003C085646CDF80080AB690C960AEB8A02D0
:10F4E00002EB82021A4423680F96DF6851460CAB88
:10F4F0002046B847EB690C9A43F82A20286A0F9AED
:10F5000040F82A200AF1010AD145E3D102681F68B8
:10F51000AB69F2B103F1FF3A4FF000089346CDF822
:10F5200014907FB10FFA88F956460024686816F8DF
:10F53000013F21B200F6140001344A4620F040FD9C
:10F54000A742F3D108F10108C345BA44E9D1DDF877
:10F55000149001242C721DF059F8029B039A2B6120
:10F56000049B6B6102FB0903C5E90B02AC62EB6013
:10F5700017B0BDE8F08F029B5B68002B3FF42BAF08
:10F58000049800241A461B68117A11B1D168884288
:10F5900014D0002BF6D10AE730462BF0A1FDE8612C
:10F5A00030462BF09DFD2862B9F1000F8DD1EB693B
:10F5B000ACE700BF11EC010064B8040002F10C04D8
:10F5C000002BDFD1F3E6084698478146AFE6B9F154
:10F5D000010F38BF4FF00109A9E6D1F804800831C6
:10F5E000D8F804000CF0AEFC074600283FF49DAEAE
:10F5F00033460246D8F804100FA80CF0ABFC9DF976
:10F600003C30032B7FF491AE0123D8F804103A4626
:10F610000CA80CF09FFC9DF93030032B7FF485AED5
:10F62000D8F804103A46022309A80CF093FC7CE6B3
:10F63000029B9C62CDE600BF91F900C0BCF1080FAF
:10F6400001D000207047F0B52DED028B06468FB03B
:10F65000406815461C460CF075FC0246B8B171684E
:10F660000190002305A80CF075FC7168019A012334
:10F6700008A80CF06FFC0223019A71689DED098ABD
:10F680000BA80CF067FC9DF91430032B04D000206C
:10F690000FB0BDEC028BF0BD9DF92030032BF6D1ED
:10F6A0009DF92C300C2BF2D10C9A00239A42CDE913
:10F6B000033377DBB668B06882427CD80D99801A34
:10F6C000814278D873681A44CDE90321DDED067ACA
:10F6D000F4EE677AF1EE10FA4BD137EEE77AB5EE39
:10F6E000407AF1EE10FA44D1F5EEC07AF1EE10FA5C
:10F6F0003FD9FCEEE77AB4EE488AF1EE10FA17EE45
:10F7000090EA68D178EE487AF5EE407AF1EE10FA98
:10F7100061D1B5EEC08AF1EE10FA5CD9FCEEC87A80
:10F720007246052A17EE903A28BF0522042B226064
:10F730005AD9169A05231360DDE903C7002620680D
:10F74000324668B1002173189F4202FB00508CBF03
:10F750001CF8013000234354206801318842F2D85C
:10F76000169B1B6801329342F4447644E9D8012089
:10F770008EE7B4EE488AF1EE10FA27D178EE487A97
:10F78000F5EE407AF1EE10FA18D1B5EEC08AF1EE3E
:10F7900010FA13D9FCEEC87A4FF0000E17EE903A2B
:10F7A0007246C3E7706804AB0BA903AA0CF09CFB7C
:10F7B00000288BD16BE719461A4685E74FF0000EFB
:10F7C000169AC4F800E000231360D0E7169A0023CD
:10F7D00023601360CBE7BEF1040FF1D9052222604C
:10F7E000169A00231360C2E7169A1360002BA3D168
:10F7F000BDE700BF2DE9F04F97B00026039390F9C5
:10F80000083007960DF11C090124062BC9E9016691
:10F8100005460F4693468DF81C4055D0A1B1584B74
:10F820000BF1FF3203F11800002101E013F8011B76
:10F8300002F8011F9842F9D1039A05231360209A18
:10F84000136017B0BDE8F08F082BE8D1D0F8048022
:10F8500000F108063146D8F804000CF073FB82462C
:10F860000028DCD03B460246D8F8041013A80CF060
:10F8700071FB9DF94C30032BD1D12346D8F80410ED
:10F88000524610A80CF066FB9DF94030032BC6D100
:10F890000223D8F8041052460DA80CF05BFB9DF92A
:10F8A00034300C2BBBD196E8070089E80700209B79
:10F8B000686800934946039B5A46FFF7BDFE00283F
:10F8C000ADD017B0BDE8F08F436805F10801586866
:10F8D0000CF030FB80460028A1D04368002B9ED05E
:10F8E000CDF814B034460DF1280ABB4603E0D8F831
:10F8F0000430A3423AD96A682346516850464246CA
:10F900000CF04CFB9DF92830082B04F10104EED1DA
:10F910006F68514678680CF015FB0246002313A867
:10F92000002AE4D0796804920CF014FB9DF94C3065
:10F93000049A032BDBD10123796810A80CF00AFB91
:10F940009DF94030049A032BD1D1022379680DA888
:10F950000CF000FB9DF934300C2BC8D1B34508D016
:10F96000D8F80430A34206F10106C4D8DDF814B07B
:10F9700055E79AE80700DDF814B089E8070096E734
:10F9800011B804002DE9F04F344B0C690D460646C2
:10F99000174693E807008DB00DF10C0888E80700C2
:10F9A000621C03D095F94830072B09D000230122AF
:10F9B000C6E90033B360327030460DB0BDE8F08F59
:10F9C00005F1480138460CF0B9FA4FF000098246BB
:10F9D0004FF0010B07EE904AF8EE677A06AA5146FF
:10F9E0003846CDF81890CDF820908DF818B0CDEDB0
:10F9F000077A0CF0D7FBB0B9D5F858C0BCF1000FAE
:10FA0000D4D0686D0023024603E09C4502F1080251
:10FA1000CCD050F83310A14203F10103F5D1546862
:10FA2000631CD7D1C2E706AB5246394609A80CF091
:10FA300087FB09A938460CF081FA4246014601903D
:10FA400038460CF0AFFB01990028D5D00A46434652
:10FA5000394630460CF074FBAEE700BFC4B8040072
:10FA60002DE9F04F97B008AC84E80C00DDE920A741
:10FA7000914605468B461E46A3B192F90030012BF4
:10FA800010D00022042B0B920E9218D140680EABBE
:10FA90000BAA49460CF0FEF988B10B9BDDF83880C3
:10FAA000059310E06A6859460BA8FFF76BFF9DF9B4
:10FAB0002C30032B00F01581042B00F02581A14B85
:10FAC00005934FF00508012E73D999F90C30012BDD
:10FAD0006FD02C689C4923685A698A4240F025817E
:10FAE000227A12BBDD68994B9D426BD020A903C9D5
:10FAF0000DF1040CDBF800E08CE8030042460599A8
:10FB0000CDF800E078232046A847022E00F28A8034
:10FB100001238DF82C30BDF82C30002063F30F004A
:10FB2000C0F2030017B0BDE8F08F00232381A06965
:10FB3000236906936369079308B12BF0BEFAE06965
:10FB400008B12BF0BAFA206A08B12BF0B6FA606857
:10FB50000022C4E90622C4E9082200F50460A2627A
:10FB60001DF05AF8069B5B681BB3002207981446E9
:10FB70001A461B68117A19B1D168884200F0AE802C
:10FB8000002BF5D1ACB122799AB90699704AD1F817
:10FB90002CE00121217107CA04F1080C8CE8070050
:10FBA000E361BEF1000F00F0C980CEF81C40069B57
:10FBB000DC622C68654B2268D5689D4296D1237A19
:10FBC000002B60D101232372C4E904A71CF01EFDA1
:10FBD0004FF4347308FB033303446068E36000F6BA
:10FBE000140020F0E3F9B8F1010F00F082800FFA61
:10FBF00088F205990AA820F097FC64680AA904F520
:10FC000004640BA820F0B6FC78220BA920461DF056
:10FC1000CBF80BA820F03CFC0AA820F039FC022EFF
:10FC20007FF676AF99F91830012B3FF471AFDAF80F
:10FC30000430002B3FF46CAF00241A461B68117A85
:10FC400011B1D168B94219D0002BF6D1002C3FF484
:10FC50005FAF2279002A7FF45BAF3D4ADAF82C606F
:10FC60000121217107CA04F1080585E80700E36155
:10FC7000002E60D0F461CAF82C4049E702F10C0470
:10FC8000002BDAD1E2E7DAF80430002BC7D00024E9
:10FC90001A461B68117A11B1D168B94219D0002BEC
:10FCA000F6D1002CBBD02279002AB8D1284ADAF844
:10FCB0002CC00121217107CA04F1080585E807005D
:10FCC000E361BCF1000F33D0CCF81C40CAF82C40E3
:10FCD000A5E702F10C04002BDAD1E2E702F10C04F3
:10FCE0004EE70C980EA905F00DFB0EAB8046059370
:10FCF000E9E66068059B84F809801978002200F520
:10FD000004601CF0A5FF8AE700230A930E9368683D
:10FD10000BA90EAB0AAA0CF0BDF800283FF4CFAE39
:10FD20000A9BDDF838800593CDE62046904740E7F2
:10FD3000CAF82840CAE7CAF828409CE7069B9C629C
:10FD400035E700BF08B8040055EE0100B5EF01002B
:10FD500064B80400F8B505461C460F46164618461A
:10FD6000202200212BF00DFA2B6823703B0AA37090
:10FD70003B0CE370330A67706671A3713F0E330C5E
:10FD8000360E2771E37126722B68052B04D8DFE845
:10FD900003F021216F5B0606052B40D0F8BD686893
:10FDA0002AF0ACFC04F1080684460F460023C3F198
:10FDB0002000A3F120012CFA03F207FA00F002431D
:10FDC00027FA01F108330A43402B06F8012FEED140
:10FDD0002B680DE0D5ED017AFDEEE77A17EE903A4B
:10FDE000190A1A0C63721B0EA172E27223732B683C
:10FDF000012BD1D1D5E90253082B184628BF082082
:10FE00006073002BCAD0691E0D340A460232521BA1
:10FE100011F8013F04F8013F8242F6D3F8BDD5E95D
:10FE20000253082B184628BF08206074002BB5D059
:10FE30006A1E1134134602335B1B12F8011F04F8CB
:10FE4000011F9842F6D8F8BDEB69132B184628BF5E
:10FE500013206072002BBBD004F109020023A969B2
:10FE6000C95C02F8011F01339842F8D82B68BFE73C
:10FE7000D5E90473132B1E4628BF13266672002B88
:10FE8000A6D07A1E04F1090113460233DB1B12F8D7
:10FE9000010F01F8010F9E42F6D82B68A8E700BFBA
:10FEA00030B5037A91B005460C46002B3DD023684F
:10FEB0005A1C1FD00893D4E90430E268A168099164
:10FEC000CDE90A23D4E90612236ACDE90C01CDE974
:10FED0000E231CF09BFB6B460146002208A8FFF78F
:10FEE00039FF68682022694600F6181015F032F8CC
:10FEF00011B030BD236A202B1A4608A928BF202242
:10FF000063B1E06908A9441E8C46234602331B1ADC
:10FF100014F801EF0CF801EB9A42F6D8686800F685
:10FF2000181015F017F811B030BD406800F51060DA
:10FF300014F0D0FE01232B72B9E700BF2DE9F04188
:10FF40009CB0EC468CE806001C4630B117460E46C5
:10FF50001AB191F90030082B10D001238DF84C30E4
:10FF6000BDF84C200023184662F30F00C0F20300D6
:10FF7000C4E90033A3601CB0BDE8F0814B68B3F561
:10FF8000816FEAD1D0F800800546B8F1000FE4D0C7
:10FF90002022002114A82BF0F4F8D8F800303E4AB3
:10FFA000DB6803219342139164D198F809001490FF
:10FFB0000023012F03930B9303D096F90C300C2BE5
:10FFC0005BD00023CDE91A33D8F80030334A9B6860
:10FFD00093424BD198F80830002B3DD0139B5A1C0C
:10FFE0001FD015990B930C91DDE91731169ACDE9C5
:10FFF0000D23DDE91932CDE90F131B9BCDE9112348
:020000022000DC
:100000001CF004FB03AB014600220BA8FFF7A2FE85
:10001000D8F80400202203A900F6181014F09AFF63
:100020009BE71B9B202B1A460BA928BF202263B1FC
:100030001A9F0BA9781E0D4603460233DB1B10F8EE
:10004000016F05F8016B9342F6D3D8F8040000F66F
:10005000181014F07FFF80E7D8F8040000F5106056
:1000600014F038FE012388F80830B7E713A940469A
:10007000984772E74046984799E768680BAB06F1E6
:100080000C0103AA0BF030FF00289AD0039A0B9BB7
:10009000CDE91A2398E700BF9DCA0100A1FE010027
:1000A0002DE9F0419CB0EC468CE806001C4630B1CE
:1000B00017460E461AB191F90030082B10D00123D3
:1000C0008DF84C30BDF84C200023184662F30F0029
:1000D000C0F20300C4E90033A3601CB0BDE8F081A6
:1000E0004B68B3F5816FEAD1D0F800800546B8F1CE
:1000F000000FE4D02022002114A82BF042F8D8F8F9
:1001000000303E4ADB684FF0FF319342139164D1D7
:1001100098F8090014900023012F03930B9303D048
:1001200096F90C300C2B5BD00023CDE91A33D8F8AC
:100130000030334A9B6893424BD198F80830002B2B
:100140003DD0139B5A1C1FD015990B930C91DDE9E0
:100150001731169ACDE90D23DDE91932CDE90F13D8
:100160001B9BCDE911231CF051FA03AB0146002281
:100170000BA8FFF7EFFDD8F80400202203A900F632
:10018000181014F0E7FE9AE71B9B202B1A460BA9C8
:1001900028BF202263B11A9F0BA9781E0D46034683
:1001A0000233DB1B10F8016F05F8016B9342F6D3A5
:1001B000D8F8040000F6181014F0CCFE7FE7D8F849
:1001C000040000F5106014F085FD012388F8083064
:1001D000B7E713A94046984771E74046984799E723
:1001E00068680BAB06F10C0103AA0BF07DFE00283A
:1001F0009AD0039A0B9BCDE91A2398E79DCA010078
:10020000A1FE01002DE9F0419CB0EC468CE806000F
:100210001C4630B117460E461AB191F90030082B32
:1002200010D001238DF84C30BDF84C200023184627
:1002300062F30F00C0F20300C4E90033A3601CB0F6
:10024000BDE8F0814B68B3F5816FEAD1D0F800804A
:100250000546B8F1000FE4D02022002114A82AF0AE
:1002600090FFD8F800303E4ADB6802219342139198
:1002700064D198F8090014900023012F03930B9385
:1002800003D096F90C30042B5BD00023CDE9183352
:10029000D8F80030334A9B6893424BD198F8083025
:1002A000002B3DD0139B5A1C1FD015990B930C911A
:1002B000DDE91731169ACDE90D23DDE91932CDE9D3
:1002C0000F131B9BCDE911231CF0A0F903AB0146D2
:1002D00000220BA8FFF73EFDD8F80400202203A956
:1002E00000F6181014F036FE9BE71B9B202B1A46D5
:1002F0000BA928BF202263B11A9F0BA9781E0D46B7
:1003000003460233DB1B10F8016F05F8016B9342C3
:10031000F6D3D8F8040000F6181014F01BFE80E79E
:10032000D8F8040000F5106014F0D4FC012388F81C
:100330000830B7E713A94046984772E74046984708
:1003400099E768680BAB06F10C0103AA0BF0A2FD5C
:1003500000289AD0039A0B9BCDE9182398E700BF99
:100360009DCA0100A1FE010070B52DED028B9CB06D
:10037000EC468CE806001C4628B10B461AB191F9F0
:100380000010082911D001238DF84C30BDF84C2005
:100390000023184662F30F00C0F20300C4E90033E3
:1003A000A3601CB0BDEC028B70BD5968B1F5816FC4
:1003B000E9D10568002DE6D0012A03D093F90C207D
:1003C000032A3BD02022002114A89FED498A2AF05D
:1003D000D8FE00222B6847491392DA688A4240F01F
:1003E0008180687A9B68444A149093428DED158A07
:1003F00074D12B7A002B69D0139B5A1C4DD01599C0
:100400000B930C91DDE91731169ACDE90D23DDE947
:100410001932CDE90F131B9BCDE911231CF0F6F81F
:1004200003AB014600220BA8FFF794FC686820226A
:1004300003A900F6181014F08DFDA4E793ED048ACB
:100440002022002114A82AF09CFEB4EE488AF1EE86
:1004500010FA01D00422BDE778EE487AF5EE407A32
:10046000F1EE10FAF6D1DFED257AB4EEE78AF1EE7F
:1004700010FAEFD4DFED227AB4EEE78AF1EE10FA4B
:10048000E8DAFDEEC87AF8EEE77AB4EE678AF1EEC4
:1004900010FA0CBF002204229CE71B9B202B1A465B
:1004A00028BF202213B31A9E0BA9701E8C46034648
:1004B00002339B1B10F801EF0CF801EB9342F6D3CB
:1004C000686800F6181014F045FD5CE7686800F5F0
:1004D000106014F0FFFB01232B728DE713A928464F
:1004E000984750E7284690472B687BE70BA9E7E73A
:1004F000000000009DCA0100A1FE0100000000CF25
:100500000000004F2DE9F0412DED028B9CB0EC4630
:100510008CE806001C4630B117460E461AB191F918
:100520000030082B12D001238DF84C30BDF84C2040
:100530000023184662F30F00C0F20300C4E9003341
:10054000A3601CB0BDEC028BBDE8F0814B68B3F535
:10055000816FE8D1D0F800800546B8F1000FE2D0F5
:10056000022A03D991F91830032B4ED02022002102
:1005700014A89FED5B8A2AF004FE01231393D8F898
:100580000030584ADB68934240F0968098F80900A2
:1005900014900023012F8DED158A03930B9304D043
:1005A00096F90C30042B00F08A800023CDE9163335
:1005B000D8F800304C4A9B68934279D198F80830BB
:1005C000002B6BD0139B5A1C4ED015990B930C919A
:1005D000DDE91731169ACDE90D23DDE91932CDE9B0
:1005E0000F131B9BCDE911231CF010F803AB014640
:1005F00000220BA8FFF7AEFBD8F80400202203A9C5
:1006000000F6181014F0A6FC8DE791ED078A202261
:10061000002114A82AF0B5FDB4EE488AF1EE10FAD4
:1006200001D00523AAE778EE487AF5EE407AF1EE9C
:1006300010FAF6D1DFED2D7AB4EEE78AF1EE10FA7A
:10064000EFD4DFED2B7AB4EEE78AF1EE10FAE8DAB8
:10065000FDEEC87AF8EEE77AB4EE678AF1EE10FAAA
:100660000CBF0123052389E71B9B202B1A4628BFBB
:1006700020229BB31A9F0BA9781E0D460346023316
:10068000DB1B10F8016F05F8016B9342F6D3D8F825
:10069000040000F6181014F05DFC44E7D8F80400DC
:1006A00000F5106014F016FB012388F8083089E784
:1006B00013A94046984736E74046984768E7686878
:1006C0000BAB06F10C0103AA0BF0E4FB00283FF48E
:1006D0006CAF039A0B9BCDE9162369E70BA9D6E70C
:1006E000000000009DCA0100A1FE0100000000CF33
:1006F0000000004FF0B504469DB024220D4613A81B
:1007000000212AF03EFD2068A24A0368DB6893427C
:1007100065D1407A95F900301490032B09D0042B51
:1007200000F0BD80022B5CD00C2B00F0E6801DB0E9
:10073000F0BDD5ED017AF4EE677AF1EE10FA20D132
:1007400037EEE77AB5EE407AF1EE10FA19D19FED67
:10075000927AF4EEC77AF1EE10FA12D49FED8F7A06
:10076000F4EEC77AF1EE10FA0BDABDEEE77AB8EEE6
:10077000C77AF4EE477AF1EE10FA14BF042300238F
:1007800000E0042326688649326813939268CDED11
:10079000157A8A4240F0AC80327A002A5ED0DDE9D8
:1007A00016420B93CDE90D42DDE91A2318981999E9
:1007B000CDED0C7ACDE90F01CDE911231BF026FF19
:1007C00003AB014600220BA8FFF7C4FA7068202291
:1007D00003A900F6181014F0BDFB1DB0F0BD98473A
:1007E00098E726682A7933689FED6E7A6C49002A6B
:1007F0009A68F7EE007A08BFF0EE477A00238A4243
:100800001393CDED157A73D1327A002AC7D170686F
:1008100000F5106014F05EFA139B0122591C32722D
:1008200040F0E1801B9B202B1A4628BF2022002B82
:1008300000F0AA801A9F0BA9781E0C4603460233CB
:10084000DB1B10F8015F04F8015B9342F6D370687C
:1008500000F6181014F07EFB1DB0F0BD706800F5B6
:10086000106014F037FA139B01225C1C327240F0C6
:10087000BA801B9B202B1A4628BF2022002B00F099
:1008800083801A9F0BA9781E0C4603460233DB1B9C
:1008900010F8015F04F8015B9A42F6D8D7E700220E
:1008A000CDE90122606802AB294601AA0BF0F2FAF9
:1008B00000283FF43CAF26683948336801999C68AA
:1008C000029A02238442CDE9181213935ED1307A42
:1008D00000283BD015980B930C90DDE91603CDE969
:1008E0000D03DDE91A03CDE90F12CDE9110365E728
:1008F00013A9304690471DB0F0BD0022CDE901227A
:10090000606802AB294601AA0BF0EEFA00283FF41A
:100910000EAF26682248336801999C68029A032327
:100920008442CDE91A12139330D1307A00283BD09B
:1009300015980B930C90DDE91603CDE90D03DDE965
:100940001803CDE91112CDE90F0337E7706800F500
:10095000106014F0BFF9139B0122581C327245D16C
:100960001B9B202B1A4628BF20226BB11A9F0BA974
:10097000781E0C4603460233DB1B10F8015F04F8B7
:10098000015B9A42F6D862E70BA960E713A93046EB
:10099000A047CCE69DCA0100000000CF0000004F38
:1009A000A1FE010000000000706800F5106014F066
:1009B00091F9139B012232725A1C1AD11B9B202BD6
:1009C0001A4628BF2022002BDED01A9F0BA9781EC2
:1009D0000C4603460233DB1B10F8015F04F8015B91
:1009E0009A42F6D833E7DDED157AD8E6DDE918123C
:1009F00070E7DDE91A129BE782B030B585B0044696
:100A0000099371B110460A680D4652B10A9A92B91B
:100A100001466A6801A8FEF7B5FF01A92846FFF75D
:100A200069FE00232046C4E90033A36005B0BDE899
:100A3000304002B0704793F90010012904D01946E4
:100A40002846FFF757FEECE7012AE1D093F90C1096
:100A5000012905D003F10C012846FFF74BFEE0E722
:100A6000022AD5D093F91810012905D003F11801F5
:100A70002846FFF73FFED4E7032AC9D093F9242084
:100A8000012AC5D003F124012846FFF733FEC8E749
:100A90002DE9F04794B06D460026984601230446A0
:100AA00091460F460096D0E901028DF800304FF0D4
:100AB000FF312B46C5E901660BF01AFE20B98446CA
:100AC000604614B0BDE8F08763680F93D3F8B42094
:100AD000139295E807000DF1400C8CE80700C3F86D
:100AE000B4C0184629460BF025FA8DF81070074659
:100AF0004FF0020AD4E9010303AA39468DF80CA08D
:100B00000CF0A6FA60B1CDF81C90D4E901034FF0C7
:100B1000030906AA39468DF818900CF099FA48B9DD
:100B20004FF0000C0F9B139AC3F8B420604614B02A
:100B3000BDE8F087D4E9010309AA39460996CDE951
:100B40000A668DF824900CF083FA0028E8D0D4E9E6
:100B5000010339460CAA0C96CDE90D668DF830A03C
:100B60000CF076FA84460028DAD095E8070088E889
:100B70000700D7E72DE9F04FA1B017460DF1140893
:100B8000CDF8008000244FF0010ACDE9023106467D
:100B90008368526939694068059408940B94CDE9DB
:100BA0000644CDE90944CDE90C448DF814A08DF834
:100BB00020A08DF82CA00CF0E7F820B905462846B7
:100BC00021B0BDE8F08F756811950DF1480C0DF15D
:100BD0002009D5F8B430C5F8B4C0CDF8009098E835
:100BE000070015938CE80700B3682846D7E906127A
:100BF0000CF0CAF80DF12C0B0546D0B175681695AE
:100C00000DF15C0CD5F8B430C5F8B4C0CDF800B027
:100C100099E807001A938CE80700B3682846D7E9DB
:100C200008120CF07BF9054658B9169B1A9AC3F8BE
:100C3000B420119B159AC3F8B420284621B0BDE812
:100C4000F08F75681B95D5F8B4301F930DF1700CBB
:100C5000029BC5F8B4C000939BE80700B3688CE81A
:100C600007002846039909220BF0C2FD054600281B
:100C700067D0029970680BF065F9D7ED007AF8EE4D
:100C8000E77A014622467068CDED0F7A03240EAB59
:100C900002918DF838400BF06FF9D7ED017A70684A
:100CA00002998DF83840F8EEE77A52460EABCDED5A
:100CB0000F7A0BF061F9FB68706802990F930222BA
:100CC0000EAB8DF838400BF057F902997068434627
:100CD00022460BF051F9706802994B4604220BF042
:100CE0004BF9706802995B4605220BF045F9D7ED88
:100CF0000A7A706802998DF83840F8EEE77A0EAB00
:100D00000622CDED0F7A0BF037F9D7ED0B7A70682C
:100D100002998DF83840F8EEE77A0EAB0722CDED58
:100D20000F7A0BF029F9D7ED0C7A706802998DF8DB
:100D30003840F8EEE77A0EAB0822CDED0F7A0BF0D3
:100D40001BF91B9B1F9AC3F8B4206EE72DE9F04FE7
:100D500097B002AC84E806001E46054600286BD01A
:100D6000C3681B689869002800F0D0805B69043371
:100D70001A46002140F20A4712F8044C14B91468CC
:100D8000BC4206D00131814202F11402F4D14FF08D
:100D9000FF31002440F2094713F8042C12B91A68F5
:100DA000BA4206D00134844203F11403F4D14FF067
:100DB000FF3406AF4FF000080123CDF81880D5E9C5
:100DC00001028DF818303B46C7E90188DDF808B00C
:100DD000DDF80C900BF08CFC80B905238DF8140025
:100DE000ADF81630BDF81420BDF81630002062F3BF
:100DF0000F0063F31F4017B0BDE8F08F97E80700BE
:100E00006B680C93D3F8B4E0CDF840E00DF1340CEE
:100E10008CE80700C3F8B4C0B9F1000F17D197E808
:100E2000070086E80700012103228DF81410ADF8B1
:100E30001620C3F8B4E0D5E701230322C6E9000079
:100E4000B06033708DF81430ADF81620CAE79BF906
:100E50000020082AE3D1DBF80420B2F5816FDED14F
:100E6000B9F1010FD5F800A003D09BF90C30032B8A
:100E700066D0CDF800804FF000090DF12408CB4674
:100E800001963AE0DAF8C0004845494642D9DAF816
:100E9000003050461B6A984701680246009881421C
:100EA000434628DD4FF00101C8E900BB28468DF814
:100EB00024102146C8F808B0FFF75CFE12AB0028EA
:100EC00038D06E681196D6F8B420159298E80700CD
:100ED000C6F8B43083E80700394630460BF02AF8EC
:100EE000AB680146424630460CF0B2F8119B159AA9
:100EF000A8B1C3F8B42009F10109DAF80030144AA6
:100F0000DB699342BED050469847BDE74FF0FF31B2
:100F10000C464EE7019E0C9BDDF840E07FE7052183
:100F20008DF81400ADF81610C3F8B4200C9BDDF852
:100F300040E07EE705238DF81400ADF81630F5E7A4
:100F4000DBED047AFDEEE77ACDED007A93E700BFA2
:100F5000A1CA010080B5DFF80CA1DFED3D8A9FED4D
:100F60003D9A3D4F0646B46D002C5FD09FED3B8A05
:100F70000025A068036800215B6C9847A06803689F
:100F800000211B6898471BF051FB804689461BF0E7
:100F90004DFBB0EB080361EB0901022B71F100037B
:100FA000F5D3A068036801211B6898471BF03EFB3E
:100FB000804689461BF03AFBB0EB080361EB090160
:100FC0000A2B71F10003F5D3A068036800211B68A8
:100FD0009847E068036842F6E0611B6D9847002877
:100FE00028DB1F4A00EB0010B2EB400F4FEA400332
:100FF0002ADB87FB0312DB17C3EBE21307EE903A01
:10100000F8EEE77A67EE887AD4ED056AA561E6EE38
:10101000A87AB6EE007A37EE877AC4ED057ABDEE8F
:10102000C77A84ED047AE469002CA2D11E2019F05D
:10103000F7FB98E7A3690133022BA361F3DDC82313
:10104000C4F814A02361EEE7F0EE497ADCE700BFB4
:101050009A99993E00000C43D34D62103333333FCD
:101060004F2206000000484308B5FFF773FF00BF9A
:1010700010B5054C204616F097FE2046034A044959
:10108000BDE810402AF010B80023002040200020C6
:10109000912202002DE9F04FDFF80482ADF61C4DDD
:1010A0000DF5FC7940460DF5AE7B17F08DF808F58F
:1010B00078766E4908F5D2601AF07EFC6C4BC9F860
:1010C00020606C4ECBF8003008F56C726A4B1396BA
:1010D00008F57271694E1193C9F8182008F54E731E
:1010E000C9F81C1008F57E7208F582611596644EE9
:1010F000C9F80430C1AF002508F5607C08F5667EAC
:1011000008F5547008F55A73C9F82420C9F8281056
:1011100030323031C9F8006008F58B66C9F810C06C
:10112000C9F814E0C9F80800C9F80C30C9F82C2037
:10113000C9F83010CDE95B55CBE90655CBE9085528
:10114000CBE90A55CBF80480ABF80850CBF80C502B
:10115000CBF83050CDF84880CDF85080CDF858808D
:10116000C9F83460C7E9020308F56C70B86118303B
:10117000F861303078621830B8621830F862183090
:1011800038633030B863C9F838001830F863C9F8EC
:101190003C0018303864C9F8400008F54E73183028
:1011A00078647B60C9F84400364B3B601830386582
:1011B0000DF2745A344BC9F85000783E18303E6234
:1011C0007865783634222946C9F854000DF23C601F
:1011D0007E63C7E904CEC7E91255BD6587F85C5048
:1011E000C9E91255CAE90038CAE92F55AAF80850CA
:1011F000CAF8C45029F0C5FF2449254ACDF838B1B2
:10120000521ACDE9211213AA4EAE21AB326111AAB6
:10121000C6E90697726093E806001E4B0D930DA871
:101220001D4BF06023AF15AC3B6026A8C7F80480C7
:101230003D727461B760C6F820A012F021FB9DF8E2
:1012400098307BBBBDF89A201449099208F5D2600A
:101250000DF628241AF0B0FB099A0221204612F05C
:101260004BFA2146384612F089FAFAE7C8B504006D
:101270008CB60400C4B60400B0B60400F4B6040092
:101280000CB7040030B7040044B7040000E00400C9
:101290000030070074B7040088B70400D4B5040018
:1012A00000230020D048299017AB4FF40040009352
:1012B0002A904FF00B08012027AACDE9178006CA13
:1012C00029AB0DF204402B9502F01CFE9DF804841E
:1012D000B8F1000F00F06D84DDF808C4BCF1010F17
:1012E00040F05484CDE92F45CDE93245BF4CCDF8CF
:1012F00038C03BAF0DF174080DF5816211AB359329
:101300002E923192C7E90055C7E90255C8E900A5F8
:10131000CDE92CB5CDE919B5CDE91BA5CDE94055F1
:10132000CDE93655CDE93955D995CDF8E0A04295AE
:101330003495CDF8FCA0CDE9DA45AD4CDF94AD4C49
:10134000E494AD4CE994AD4CEE94AD4CEF94AD4CBF
:10135000F394AD4CF494AD4CF8940224E39403243C
:10136000E8940424ED940524CDF878C3F294DFF8D2
:1013700004C3A74BE2950624F7940724CDE9DC7556
:10138000CDE9E057CDE9E557CDE9EA57CDE9F0756C
:10139000CDE9F575CDE9F957E795EC95FB95CDE9E4
:1013A000FC4CCDF87836CDF8B436CDF8C836CDF84B
:1013B000DC364FF48063CDF8703635ABCDF87C3633
:1013C00040F20243CDF8983619ABCDF8A43635ABD0
:1013D000904CCDF8B83640F20443CDF88846CDF8AD
:1013E000C0368D4CCDF8A84635AB8C4CCDF8CC36FC
:1013F00040F20143CDF8B046CDF88436884CDFF892
:1014000078E2CDF8C44640F20543864CCDF8D43698
:1014100040F2034935ABCDF8D846CDF874E6CDF8A7
:10142000AC96CDE9FE57CDF80054CDF88056CDF8F6
:101430008C56CDF89066CDF89456CDF89C56CDF8E4
:10144000A056CDF8BC56CDF8D056CDF8E036764B48
:10145000CDF8EC36754BCDF80C37754BCDF814370D
:10146000744BCDF82837744BCDF83C37734BCDF81F
:1014700050372CABCDF808371BABCDF81C3738AB49
:10148000CDF83037CDF8443740F20643CDF8E83692
:1014900040F20743CDF8FC364FF48163CDF81037A6
:1014A00040F20943CDF8243740F20A43CDF83837EB
:1014B00040F20B43CDF84C3740F20C436048CDF876
:1014C0006037604BCDF82C074FF4D2722946CDF827
:1014D0004007CDF8E456CDF8F056CDF8F466CDF8D7
:1014E000F856CDF80057CDF80457CDF81857CDF879
:1014F0002057CDF83457CDF84857CDF85457CDF88C
:101500005867CDF85C57CDF8643738ABCDF868072D
:101510000DF68400CDF86C37CDF8705729F031FE08
:10152000D9A9A0220DF684000DF6282429F001FE89
:101530000DF5CE614FF482720DF6241029F0F9FDFD
:1015400040F2044323614FF48063236240F202437C
:1015500023633D4B636063613C4B63623C4B63635D
:1015600040F20F4E3B4B6364C4F840E03A4B636576
:101570004FF4826E394BC4F850E040F2114EDFF860
:10158000FCC06366C4F860E0354B636740F2124EFE
:10159000344BC4F870E040F2134EC4F80090C4E934
:1015A0000265C4E90665C4E90A65C4E90E65C4E9D3
:1015B0001265C4E91665C4E91A65C4E91E65C4E983
:1015C00020ECC4F8CC30284BC4F8D430274BC4F8F6
:1015D000E430274BC4F8F4302CABC4F8C8302FAB40
:1015E000C4E936354CE000BF8436002049CF010005
:1015F0002DCE01008DC901009DC90100C1EA010085
:1016000065DE010099E8010025EB010015CE01001F
:1016100085DA0100F5D0010061FA0100B520020071
:10162000812002004D20020099DD0100A5F001009B
:10163000F909020009E8010039E8010049D8010070
:10164000B1DA010069E801001D210200B9D50100ED
:1016500085E30100B9D4010039D5010039D3010077
:1016600061D2010015ED0100E9D60100DDDA0100CB
:1016700039DF0100FDCD0100E9200200CDD20100DB
:1016800032ABC4E93A3540F21443C4F8903040F22A
:101690001543C4F8A03040F21643C4F8B03040F20D
:1016A0001943C4F8C03040F21A43C4F8D03040F2B5
:1016B0001B43C4F8E03040F21C43C4F8F03040F261
:1016C0001D43CB48CB49CC4AC4F80031CB4BC4F8BE
:1016D0009400C4F8A410C4F8B420C4E92265C4E995
:1016E0002665C4E92A65C4E92E65C4E93E65C4F8E7
:1016F000C450C4F80431C24BC4F81431C14BC4F80F
:101700002431C14BC4F83431C04BC4F84431C04B10
:10171000C4F85431BF4BC4F86431BF4BC4F87431C2
:10172000BE4BC4F8843140F21E43C4F8103140F27D
:101730001F43C4F820314FF48463C4F8303140F2C1
:101740002143C4F8403140F22243C4F8503140F202
:101750002343C4F8603140F22443C4F8703140F2AE
:101760002543C4F88031AE4BC4E94265C4E94665FF
:10177000C4E94A65C4E94E65C4E95285C4E95685A1
:10178000C4E95A85C4E95E85C4F88881C4F89431F7
:10179000A44BC4F8A431A44BC4F8B431A34BC4F88F
:1017A000C431A34BC4F8D431A24BC4F8E4313FABED
:1017B000C4E9723540F22643C4F8903140F2274321
:1017C000C4F8A0314FF48563C4F8B03140F2294326
:1017D000C4F8C03140F22E43C4F8D0310DF59769FA
:1017E00040F22F43C4F8E0310DF58162C4E966850B
:1017F000C4E96A85C4E96E85C4E97685C4E97A6579
:10180000C4F88C5129A948460AF0A2FADDF8202430
:101810000DF5816343936AB1DDF81C34043313F88A
:10182000041C11B919680B2906D00135AA4203F12D
:101830001403F4D14FF0FF35DFF808C2CDF824C10E
:1018400048ABDFF804C248954493AAAD1FA8012213
:10185000CDF830C1022340F2034C0021469047925C
:10186000CDF82CC15C224FF4006C4593284603232D
:10187000CDE91FC34A914D9129F083FC4FF001033C
:101880008DF8F03200214FF0FF33282267A8CDE910
:10189000AD3329F076FC0DF68402659243AA6B9273
:1018A00015200EAA6C946A920DF27474624A6690C6
:1018B0001F2029AB6495009294AD64AA0DF5816157
:1018C0006D902046CDF8A09109F0F0FA224664AB65
:1018D0000DF58161284605F0D3FFC7E902940EABF0
:1018E0007B603D6043AB50AF42930FCFCDE9339463
:1018F000CDE93694CDE93994CDE940946C46CDF8E4
:101900006890CDF8B490CDF8C090CDF87090C8F83C
:1019100004900FC497E8070084E80700294696E87A
:101920000C0071A811F03AFF71A811F05BFF0F9045
:10193000C0B2002840F07C81BDF83E203F494048BD
:101940001AF03AF89BF80830002B00F0C4801AF027
:101950005DFEDBF824300B90002B77D0DBF82C20D9
:101960000B99914288BF8A1ADBF830100A9198BF10
:10197000002231B1B2FBF1F2013B9A4228BF1A4674
:101980000A92DBF828300A9A93425FD8DBE9071005
:1019900050F82380DBF8185051F8236003EB8302E2
:1019A00002EB8202B8F1000F18D0013A154400246E
:1019B00086B122B2A9460027DBF8040019F8013FDE
:1019C000099239B200F6140001371EF0F9FABE424E
:1019D000099AF1D10134A0453544E9D1DBF828302A
:1019E0000A9A01339A42CBF82830CFD22EE000BFBA
:1019F00039D40100B9D30100E9E10100E1E00100BF
:101A00007DE4010075E20100C1D801006903020014
:101A100005020200050502003DFF0100A1000200D1
:101A200089DE0100EDDC010041DC01004D0D02000A
:101A3000D1CF01000DE001002CB80400ECB504008A
:101A4000902900207DCE0100A5CE0100DBF80C30EE
:101A50000B9A9A423FD3DBF8180008B129F02DFB0E
:101A6000DBF81C0008B129F028FBDBF8200008B1E6
:101A700029F023FB9BF809200023CBE90633CBE9AF
:101A80000833CBF82830002A40F0C780DBF810601C
:101A9000DBF81400736800248BF80840DBB11A46A9
:101AA0001B68117A19B1D168884200F09780002B29
:101AB000F5D184B1227972B90122F76A22715F4AA5
:101AC00007CA04F1080585E80700E361002F00F06C
:101AD000AD80FC61F4629AF80830002B00F093802E
:101AE000DAF8041010A801F6181113F00DFA544991
:101AF00010A814F01FFE00287BD110A814F030FEAF
:101B0000044610A814F030FE804610A814F030FEF1
:101B1000DAF8C050032D074663D8DAF8BC206B1CF6
:101B2000154405F00305CAF8C0302C2303FB05A0BB
:101B300000F10C0328EAE876202E4FF020024FF047
:101B40000001184628BF202629F01BFBB8F1000F22
:101B50000ADD621E0138134602331B1B12F8011FF7
:101B600000F8011F9E42F6D8DAF8C4302C2202FB9E
:101B700005A501339AF8092085F83420C5E90B370B
:101B800010A8CAF8C43014F091FDA9E72D4B2E49D6
:101B90000F2203F556700DF6282419F00DFF0F22C1
:101BA0002946204611F0A8FD2146384611F0E6FDF1
:101BB000FAE7244BBDF80624234903F556700DF6C9
:101BC000282419F0F9FEBDF806244146204611F0FC
:101BD00093FD2146384611F0D1FDFAE702F10C04DD
:101BE00065E7DAF8BC506B1C03F00303CAF8BC309D
:101BF0009BE710A814F05AFD71A811F011FE1020F7
:101C000018F00EFE9EE6DAF8040000F5106013F0FE
:101C100061F801238AF8083062E7DBF804008BF8EA
:101C2000093000F614001EF0C1F92FE7B46251E745
:101C30000649074819F0C0FE84E600BF64B80400F6
:101C400094B6002038260020E0B50400F8B5040062
:101C50009029002070B5037A82B004460D46FBB18E
:101C60006068294600F5046601A81EF039FCC82208
:101C700001A930461BF0B6F801A81EF009FC606807
:101C800000F6040014F0FCFC60680D4A03685B6811
:101C900093420FD1C82002B0BDE8704018F0C0BD1B
:101CA000406808492A4600F5D26019F085FE0123F4
:101CB0002372D5E7C82102B0BDE87040184700BFC5
:101CC000F5CD010004B60400012908B504D00229AD
:101CD00014D051B1002008BD406800F698001BF0F8
:101CE00063F9003818BF012008BD406800F6740091
:101CF0001BF05AF9003818BF012008BD406800F6F3
:101D0000CC001BF051F9003818BF012008BD00BFFE
:101D100070B50446032945D8DFE801F032281002E7
:101D20000368254A9B6893423ED1406800F6CC0088
:101D30001BF03AF9003818BF012070BD03681E4D32
:101D40009B68AB422AD1406800F674001BF02CF966
:101D500040B323689B68AB420DD1606800F69800E1
:101D60001BF022F9003818BF012070BD0368124A29
:101D70009B689342F1D020460121BDE8704018478E
:101D800003680D4A9B68934212D1406800F67400C4
:101D90001BF00AF9003818BF012070BD00219847D8
:101DA0000028D6D1002070BDBDE870400221184740
:101DB000BDE8704000211847C91C02002DE9F04F12
:101DC0002DED028B0D468BB09A4611460027044636
:101DD0000DF1100B2868FFF79BFFCBE90177DAF8CC
:101DE0000C30DAF82C200497D25CDAF800900090DE
:101DF0004FF001088DF810804AB1DAF8242003EB87
:101E0000430312F92310062902EB830334D000990F
:101E10004A4628465B46FEF73BFEE0B9DAF80C205E
:101E2000DAF82410DAF82C6002EB42039D0001EB93
:101E300083034851C3E9010001234B55B0540023EB
:101E400002222046C4E90033A36022700BB0BDEC2F
:101E5000028BBDE8F08FDAF80C50DAF82430DAF8AB
:101E60002C6005EB450203EB82039BE8070001278A
:101E700083E807007755E2E793E807008BE807005F
:101E8000594668680AF056F86968824602463B4639
:101E900007A80AF083F869689DF820600196434618
:101EA000524607A80AF07AF869689DED088A02236D
:101EB000524607A80AF072F86968DDED088A032324
:101EC000524607A80AF06AF89DF820B0CEB9009EE5
:101ED000002E76D0BBF1000F6CD007EE909A9FEDEC
:101EE000597A77EEE87A08EE109AF4EEC77AF1EEB6
:101EF00010FA00F28C80019B5E46CDE902339946D0
:101F000008E0009B002B43D0CDE90277D94601972A
:101F1000BB463E46009B68688DF820304FF00208B3
:101F200007AB0022514603278DF81C800AF052F8B7
:101F300068688DED088A07AB012251468DF81C7048
:101F40000AF048F868688DF81C7007AB42465146A5
:101F5000CDED088A0AF03EF807AB68688DF81C8062
:101F60003A4651468DF820900AF034F8179B23B179
:101F7000169A92F90010012928D0B3460223204670
:101F8000237084F804B00BB0BDEC028BBDE8F08F79
:101F900007EE909A9FED2C7A77EEC87AF4EEC77A26
:101FA000F1EE10FA3ADB009E019B0393D9460296AC
:101FB000B346AFE708EE109ACDE902BB009ED946C2
:101FC000A8E7D9460396B3460296A3E7012BD4D0DF
:101FD00092F90C10012902D0DDF804B0CEE7022BF3
:101FE000CBD092F91810012902D0DDF808B0C5E76E
:101FF000032BC2D092F924100129BFD1042BBCD0ED
:1020000092F93010012912D0DDF80CB0B6E7019B2F
:102010005E46CDE90233C1469B467BE7009E019BAD
:10202000039608EE909AB346C146029372E7052BD9
:10203000A3D092F93C300099012B08BF31468B4662
:102040009CE700BF0000FA4300007A4482B010B55C
:1020500082B00DF1100C04464CF8043F8E469CE80B
:10206000030013468DE80300032220467146FFF764
:10207000A5FE204602B0BDE8104002B0704700BF88
:1020800082B010B582B00DF1100C04464CF8043F3C
:102090008E469CE8030013468DE80300022220468A
:1020A0007146FFF78BFE204602B0BDE8104002B03B
:1020B000704700BF82B010B582B00DF1100C04461D
:1020C0004CF8043F8E469CE8030013468DE803005D
:1020D000012220467146FFF771FE204602B0BDE89E
:1020E000104002B0704700BF82B010B582B00DF151
:1020F000100C04464CF8043F8E469CE8030013463F
:102100008DE80300002220467146FFF757FE204667
:1021100002B0BDE8104002B0704700BF30B585B0D6
:10212000EC468CE806001D4622B10A4691F90010E3
:1021300008290CD0002101228DF80C20BDF80C00DC
:102140006960032240EA02402A7005B030BD516840
:102150006FF4806319440129ECD8406891680268E3
:10216000144C92680139A242C9B21FD1012915D07D
:1021700002290BD00029DDD1406800F674001AF066
:1021800013FF0028D6D04FF07E51D4E7406800F608
:10219000CC001AF009FF0028F5D1CBE7406800F623
:1021A00098001AF001FF0028EDD1C3E790470028FE
:1021B000C0D0E8E7C91C020030B50446406885B0CD
:1021C000AA2100F6040014F05FFA606805221146A7
:1021D00000F5046503A81DF03FFEFF230022012146
:1021E00003A81DF0EDFEFF230022032103A81DF02C
:1021F000E7FEFF230322012103A81DF0E1FEFF23D8
:102200000322022103A81DF0DBFE03221146FF2357
:1022100003A81DF0D5FEFF230422002103A81DF012
:10222000CFFE04221146FF2303A81DF0C9FE0023A0
:10223000CDE900331A46284603A91AF04FFD03A83A
:102240001DF0BEFD6068114D03685B68AB4213D1A1
:102250004FF4167018F0E4FA606800F6040014F009
:102260000FFA606803685B68AB4209D1C82005B00B
:10227000BDE8304018F0D4BA4FF416719847EBE738
:10228000C82105B0BDE83040184700BFF5CD0100BA
:102290002DE9F843614B624E624FDFF89C810446A2
:1022A00003F13C0200F59550C4E9003218300025D6
:1022B00011F09EFE04F6581011F040FC04F62810B0
:1022C000A4F82E59C4F8286917F01CFE04F5106014
:1022D000A4F80659C4F8006917F014FE04F6CC00FF
:1022E0001CF04EF8504BC4F8BC3804F6BC0018F093
:1022F0008BFE04F698001AF0C3FD04F674001AF081
:10230000BFFD04F6040011F051FD04F2A47013F0B7
:102310005FFE04F5EF6012F07DFE04F5E56011F05C
:1023200081FEC4F8107704F5E2601FF09FF8C4F84E
:10233000F87604F5DF601FF099F804F5D26020F01C
:102340007BFD04F54B70A4F83253C4F82C6317F0EE
:10235000D9FD364BC4F8EC3204F53B701CF0EAF9B9
:10236000334BC4F8E0302833C4F8E83004F5387053
:102370001DF0E8FF04F537701DF0E4FF04F1E009FB
:1023800004F52F7504F1DC0745F81C8C28461CF079
:1023900095FAA5F110003C3D1DF0D4FFBD42F3D1EC
:1023A00000254846C4F8E060A4F8E65017F0AAFDFE
:1023B00004F1B8001BF038FC04F180001AF024F995
:1023C00004F164006666A4F86A5017F09BFD04F1FE
:1023D0004C00E664A4F8525017F094FD274604F12F
:1023E00034006663658717F08DFD124B47F80C3F8C
:1023F00004F120001EF04CF804F11C001EF048F817
:102400003846E660658217F07DFD201D66606581B7
:1024100017F078FD2046BDE8F88300BF00C904002E
:1024200000CB04002CB604008CCE040014D50400AC
:1024300080D304009CC8040050D30400A0F1040021
:1024400026E700BF10B50446FFF722FF204641F201
:10245000583128F030FE204610BD00BF10B5041FD3
:102460002046FFF715FF204641F2583128F023FEA1
:10247000204610BD2DE9F04F93B008921C9A0393AB
:10248000002313600D91002900F0E7810993089B58
:1024900006938046D8E9013400221046A3429446B0
:1024A000C0EBC00504F1010216D9D8F80010C8F835
:1024B00008200E5D042806F07F07144607FA05F58C
:1024C0001CD04CEA050C350622D50130A34204F19C
:1024D0000102C0EBC005E8D8012300228DF83C20A2
:1024E000ADF83E30BDF83C20BDF83E30002062F330
:1024F0000F0063F31F4013B0BDE8F08F16F0700FAC
:10250000CDF81CC002D1300640F1B8810223E4E7C7
:10251000CDF81CC00020934201EB02068446C0EBBC
:10252000C00402F10102D7D9C8F8082016F8015BEF
:10253000042805F07F0707FA04F40CD02F064CEAB4
:10254000040C40F1958101309342C0EBC00402F1CC
:102550000102E9D8C0E715F0700FCDF828C0D5D139
:102560002C06D3D40A9840EA07700A9000209342C0
:1025700001EB02068446C0EBC00402F10102ABD9B4
:10258000C8F8082016F8015B042805F07F0707FA51
:1025900004F40CD02D064CEA040C40F16C8101309F
:1025A0009342C0EBC00402F10102E9D894E715F0B0
:1025B000700FCDF82CC0A9D12D06A7D40B9840EAF6
:1025C00007700B904FF00009484693421144C0EB4E
:1025D000C00402F101027FF67FAFC8F8082011F8AD
:1025E000015B042805F07F0606FA04F40BD049EAE3
:1025F00004092C0610D501309342C0EBC00402F14F
:102600000102EAD868E715F0700F7FF47FAF2F065C
:102610003FF57CAF49EA0679991A494506D200226E
:1026200001238DF83C20ADF83E305BE71C991C9CE3
:1026300008680C9000EB09012160B9F1000F00F06F
:10264000F2800399CDF81090002701EB001A03994E
:10265000002914BF514600219A420291BFF43CAFB9
:10266000D8F80030511CC8F8081013F802904846FA
:1026700005F0F4FC002800F0D0800023CDE90F33F2
:1026800011934378002B48D0013BDBB200F1020CE0
:10269000D8F8044005970CEB430C0FAEC378002B21
:1026A0004FD18278012A00F08180D8F8081001907B
:1026B0001A468C4201F10105C2EBC2077FF60CAF4E
:1026C000D8F80000C8F8085010F801E0042A0EF00D
:1026D0007F0B29460BFA07F70DD01EF0800F43EA57
:1026E000070300F09C8001328C4201F10105C2EB2E
:1026F000C207E5D8F0E61EF0700F01987FF406AF30
:102700005FEA0E623FF502AF43EA0B7333600230BB
:10271000604506F10406C1D1059F029B43B1029AB0
:102720000F9B5360109B9360119B82F80090D360C5
:10273000049B01379F420AF1100A72D0D8E9013296
:1027400085E7D8F808104FF0000B5A468C4201F18B
:102750000107C2EBC2057FF6BFAED8F80030C8F85B
:1027600008705B5C042A03F07F0E39460EFA05F50B
:102770000BD01B064BEA050B10D501328C4201F140
:102780000107C2EBC205E8D8A6E613F0700F7FF48C
:10279000BDAE1D063FF5BAAE4BEA0E7B4FF0FF33E0
:1027A000BBF1000FB2D00BF1FF33AFE7D8F8085000
:1027B00001901946A54205F10102C1EBC107BFF422
:1027C0008BAED8F80000C8F8082010F805E00429FE
:1027D0000EF07F0B15460BFA07F70CD01EF0800F9A
:1027E00043EA07033FD00131A54205F10102C1EBE5
:1027F000C107E6D370E61EF0700F01987FF486AE35
:102800005FEA0E613FF582AE43EA0B73DF074FEAE2
:10281000530200D5D243326079E708235DE6019880
:1028200074E7DDF81090089B6BB1079B0A9A1A4475
:102830000B9BD3B1013B06990C980B61C1E90009D0
:102840000798C1E90202069A099B143206920D9A72
:1028500001339A4209937FF41DAE01238DF83C3079
:10286000ADF83E303EE60198D0E74FF0FF33E2E7A7
:10287000CDF828C07AE6CDF82CC0A3E6079840EA48
:102880000770079046E600BF2DE9F04F91B0CDE903
:1028900005231C9A0A91002313601D9A13600029D6
:1028A00000F0C281D0F804B00993069B08930BF1A5
:1028B000FF3382460393DAF8081000231A468B454B
:1028C0001F46C2EBC20001F1010315D9DAF800601E
:1028D000CAF80830745C042A04F07F05194605FA2A
:1028E00000F01BD00743200622D501328B4501F1B1
:1028F0000103C2EBC200E9D8012300228DF83C207D
:10290000ADF83E30BDF83C20BDF83E30002062F30B
:102910000F0063F31F4011B0BDE8F08F14F0700F8B
:10292000B1460B9702D1220640F11E810223E4E753
:10293000B1460B9700229B4509EB03041646C2EBF8
:10294000C20103F10103D7D9CAF8083014F8010B0A
:10295000042A00F07F0505FA01F10BD00E430106B1
:1029600040F1008101329B45C2EBC20103F101033A
:10297000EAD8C1E710F0700F0496D7D10106D5D47C
:10298000049A42EA05720492DDE904128A4206D8EA
:10299000002207238DF83C20ADF83E30B2E74FF01F
:1029A000000809EB0304424604E0070648EA010870
:1029B00017D501329B45C2EBC20103F101039BD93C
:1029C000CAF8083014F8010B042A00F07F0505FA54
:1029D00001F1EAD110F0700FA8D10006A6D448EAA0
:1029E0000578ABEB0302424562D31C9A1C9912682E
:1029F000079242440A60B8F1000F37D01A9A07993B
:102A0000002702EB810C9646002422469B4509EBE9
:102A10000305C2EBC20103F101037FF66DAFCAF8F3
:102A2000083015F8010B042A00F07F0606FA01F1C0
:102A30000BD0060644EA010410D501329B45C2EBD7
:102A4000C20103F10103EAD856E710F0700F7FF4DA
:102A50006DAF05063FF56AAF44EA0674BEF1000F9C
:102A600001D04CF8274001374745CDD100229B4586
:102A700009EB03041646C2EBC20103F101037FF622
:102A80003BAFCAF8083014F8010B042A00F07F05A8
:102A900005FA01F113D0050646EA010640F1CA80A5
:102AA00001329B45C2EBC20103F10103E9D823E7E0
:102AB000002201238DF83C20ADF83E3022E710F0D3
:102AC000700F01967FF432AF06063FF52FAF019AE3
:102AD00042EA057201920199ABEB03028A42E7D305
:102AE0001D9A019912681D980C920A4402600029EF
:102AF00000F082800C9ACDF8348002EB420E1B9AD3
:102B000002EB8E0E002290461A469345D0D9531CF4
:102B1000CAF8083019F802300293012B09EB0205BC
:102B20003FF636AF039B0027A3EB020C911C3B46FC
:102B30009C4501EB0302C3EBC3003FF4DDAECAF8D2
:102B4000082015F8014F042B04F07F0606FA00F068
:102B500003F101030DD0240647EA000712D5052B27
:102B6000E6D1E3E604960FE70B9A42EA05720B9270
:102B7000E0E614F0700F7FF4D9AE23063FF5D6AE31
:102B800047EA0677002423465A4509EB0205C3EBC2
:102B9000C30102F10102BFF4AFAECAF8082015F874
:102BA000010B042B00F07F0606FA01F10BD00006A2
:102BB00044EA010410D501335A45C3EBC30102F1C5
:102BC0000102EAD398E610F0700F7FF4AFAE010671
:102BD0003FF5ACAE44EA06741B9B23B1CEE9017409
:102BE000029B8EF80030019B08F1010898450EF118
:102BF0000C0E8AD1DDF83480069B5BB1089B0B9AE2
:102C00001A60049A5A60079AC3E902280C9A1A615A
:102C1000019A5A61089A099B183208920A9A01335C
:102C20009A4209937FF447AE01238DF83C30ADF80A
:102C30003E3067E601964EE7F0B5D0E901239A42AF
:102C400083B010D8002201238DF80420ADF806309F
:102C5000BDF80420BDF80630002062F30F0063F3D6
:102C60001F4003B0F0BD05685E1C8660EC5CEF1889
:102C700064B1012C48D0022C4FF000020CBF052398
:102C800006238DF80420ADF80630E1E7013A3D4611
:102C9000D21A9F1C23469A4207EB030653D0866044
:102CA00015F801EFC3EBC30C0EF07F06042B06FAF8
:102CB0000CFC03F1010307D01EF0800F44EA0C0462
:102CC00012D0052BE7D108E01EF0700F05D11EF0E1
:102CD000800F08BF44EA067406D0022300228DF854
:102CE0000420ADF80630B3E7E2074FEA540314D4EA
:102CF00007EE903AF8EEE77A0123C1ED007A8DF8FD
:102D00000430ADF80630A3E7921B032A09D800234C
:102D10008DF80430ADF806409AE7DB4307EE903AB1
:102D2000E8E7FA788DF80440ADF80640BC78AD5D70
:102D3000120442EA04223C7905332A43836042EAC2
:102D400004630B6084E70123C8E700BF2DE9F04F5F
:102D500091B001921C9A0893002313601E9A079168
:102D60001360002900F02882D0F804B000930BF122
:102D7000FF33824605930023CDE90B33CDE90D33B4
:102D80000F93DAF808305B4511D3002201238DF848
:102D90002820ADF82A30BDF82820BDF82A300020C0
:102DA00062F30F0063F31F4011B0BDE8F08FDAF853
:102DB00000905A1CCAF8082019F803200392072A29
:102DC00009EB030100F22183039A013A062A00F27B
:102DD000E483DFE802F06DB08ED04C2B0400059A3E
:102DE0000020D61A84469A1CB04202EB000300F081
:102DF0001A81CAF8083011F8015FC0EBC00405F071
:102E00007F07042807FA04F400F1010000F0DA81DA
:102E10002D064CEA040C40F1B2830528E4D10223CC
:102E200000228DF82820ADF82A30B4E7059800225A
:102E3000C61A9F1C9446964207EB020300F0F380EB
:102E4000CAF8083011F8014FC2EBC20004F07F0548
:102E5000042A05FA00F002F1010200F0238225069F
:102E60004CEA000C40F18E83052AE4D1D7E705989F
:102E70000022C61A14460233964203EB020000F009
:102E8000D280CAF8080011F8015F042A05F07F001B
:102E900000F0CB80C2EBC207B84015F0800F44EAC7
:102EA000000402F1010200F06583052AE4D1B6E7CF
:102EB00005980022C61A14460233964203EB02001C
:102EC00000F0B180CAF8080011F8015F042A05F08B
:102ED0007F0000F0AA80C2EBC207B84015F0800F57
:102EE00044EA000402F1010200F04483052AE4D11F
:102EF00095E7059A4FF00008D71A404602338742FB
:102F000003EB000200F08F80CAF8082011F8015F7F
:102F1000C0EBC00405F07F06042806FA04F400F1B3
:102F2000010000F0D6802D0648EA040840F1DA805E
:102F30000528E4D173E705980022C71A94460233A6
:102F4000974203EB02006ED0CAF8080011F8015F47
:102F5000C2EBC20405F07F06042A06FA04F402F16B
:102F6000010200F0F7814CEA040C2C0640F10483C6
:102F7000052AE5D153E7059A4FF00008D61A9F1CA1
:102F80004246964207EB02034DD0CAF8083011F8CA
:102F9000014FC2EBC20004F07F05042A05FA00F0DD
:102FA00002F1010206D048EA000820060BD5052AE6
:102FB000E7D134E714F0700F7FF431AF20063FF50E
:102FC0002EAF48EA0578ABEB03024245FFF4DDAED5
:102FD0001C9A10680490B8F1000F58D0DDF86CE02E
:102FE000CDF808804FF0000C904600252A465B453E
:102FF00009EB0306C2EBC20103F1010313D2CAF8C5
:10300000083016F8014B042A04F07F0707FA01F193
:103010001FD00D43210625D501325B45C2EBC2010D
:1030200003F10103EBD30123FAE615F0700F0494CA
:103030007FF4F5AE29063FF5F2AE049B43EA007338
:103040000493009B049A93420FD900270297B84635
:1030500097E014F0700F7FF4E2AE24063FF5DFAE88
:1030600045EA0775009AAA4201D80A23D8E6BEF1BC
:10307000000F03D04EF82050D8F80000029A0CF14F
:10308000010C01309445C8F80000AED190460022F2
:103090009B4509EB03041646114603F10103C2D90F
:1030A000CAF8083014F8010BC1EBC10200F07F052B
:1030B000042905FA02F200F09581070646EA0206A5
:1030C00040F167829B4501F1010103F10103E7D85B
:1030D000A9E715F0700F7FF4A2AE2F063FF59FAE63
:1030E00048EA0678ABEB02034345FFF44EAE1C9B67
:1030F0001B6804931846B8F1000F00F04682CDF823
:103100000890DDE91BE94FF0000C029B00259E189A
:1031100093452B46C3EBC30102F1010283D9CAF8E0
:10312000082016F8014B042B04F07F0707FA01F181
:103130000BD0240645EA010510D501339345C3EBB6
:10314000C30102F10102EAD86DE714F0700F7FF4B9
:1031500066AE23063FF563AE45EA0775009BAB42BA
:1031600083D9BEF1000F03D04EF82050D9F80000EB
:103170000CF1010C0130C445C9F80000C5D100278D
:1031800002971A9B8BB1039B8DF82C30049BCDE9E1
:103190000C38029B0E93009B03EB83041A9B0BAD30
:1031A00003EB84040FCD0FC42760009B079A013303
:1031B0009A4200937FF4DFAD01238DF82830ADF8FB
:1031C0002A30E8E515F0700FCDF810C07FF427AE77
:1031D0002D063FF524AE049A42EA07720492019A42
:1031E00004998A4240F225810022114609EB030529
:1031F000104608E0C0EBC006B240240641EA0201D6
:1032000040F1C98101309B4503F101037FF60BAF0B
:10321000CAF8083015F8014B042804F07F02E9D100
:1032200014F0700F02917FF4FAAD26063FF5F7AD6A
:10323000029941EA027202920299ABEB03028A42BE
:10324000FFF4A3AD1C9AD2F80080029A4046002AEF
:1032500000F0D980CDF81880DDE91BE84FF0000CB4
:1032600000252A469B4509EB0306C2EBC20103F188
:1032700001037FF6D8AECAF8083016F8014B042ACD
:1032800004F07F0707FA01F100F0C7800D43210623
:1032900040F1CC8001329B45C2EBC20103F1010336
:1032A000E9D8C0E614F0700FCDF810C07FF4B7ADC8
:1032B00022063FF5B4AD049A42EA05720492019ADF
:1032C00004998A4240F2B5804FF0000809EB0305EB
:1032D000404607E0C0EBC0018A40240648EA0208E5
:1032E00016D501305B4503F10103BFF49CAECAF86B
:1032F000083015F8014B042804F07F02EAD114F0DD
:10330000700F7FF48CAD21063FF589AD48EA027855
:1033100000279B4509EB0304394603F101037FF6BF
:1033200082AECAF8083014F8010BC1EBC10200F0FC
:103330007F05042905FA02F200F09580000647EAAD
:10334000020740F199809B4501F1010103F101035E
:10335000E7D868E615F0700FCDF810C07FF45FADC8
:103360002A063FF55CAD049B43EA06730493009B79
:10337000049A93427FF679AE4FF00008834509EB3B
:103380000005414600F101007FF64DAECAF8080085
:1033900015F8014B042904F07F0315D0C1EBC102DD
:1033A0009340260648EA030817D5834501F1010139
:1033B00000F101007FF637AECAF8080015F8014B9E
:1033C000042904F07F03E9D114F0700F7FF427ADD6
:1033D00021063FF524AD48EA0378009B43457FF67C
:1033E00044AECCE610F0700F02967FF418AD0606DE
:1033F0003FF515AD029B43EA05730293009B029AC9
:1034000093427FF632AE0027BBE609234FF000025D
:103410008DF82820ADF82A30BDE414F0700F7FF449
:10342000FEAC22063FF5FBAC45EA0775019AAA42BD
:1034300006D8002207238DF82820ADF82A30AAE408
:10344000BEF1000F03D04EF82050D8F80000029AC9
:103450000CF1010C01309445C8F800007FF400AF76
:10346000DDF81880CFE710F0700F7FF4D8AC0006BD
:103470003FF5D5AC47EA0577ABEB0302BA42FFF460
:1034800084AC1E9AD2F800E0CDF808E0002F3FF49B
:1034900078AE0022CDF82480DDF87480069794463B
:1034A000002422469B4509EB0305C2EBC20103F150
:1034B00001037FF6B8ADCAF8083015F8010B042AED
:1034C00000F07F0606FA01F10AD00C43010610D580
:1034D00001329B45C2EBC20103F10103EBD8A2E527
:1034E00010F0700F7FF49BAC05063FF598AC44EAF2
:1034F0000674019AA2429CD9002609EB03053246C4
:1035000004E0070646EA01061AD501329B45C2EBE4
:10351000C20103F101037FF686ADCAF8083015F841
:10352000010B042A00F07F0707FA01F1E9D110F03E
:10353000700F7FF474AC02063FF571AC46EA077673
:10354000B8F1000F08D048F83E4008EBCE0E1E9AA6
:10355000CEF80460D2F800E01E9A0EF1010EC2F817
:1035600000E0069A0CF1010C944599D1DDF8248015
:10357000174606E6049464E5CDF810C0F7E6CDF8EA
:1035800010C02CE6CDF810C099E64746CDF808806B
:10359000F7E5029632E702914EE60C4605990022C5
:1035A000CD1A9E1C174613469D4206EB03023FF4BC
:1035B0003AADCAF8082014F8012FC3EBC30102F09A
:1035C0007F00042B00FA01F103F1010306D012067B
:1035D00047EA010725D5052BE6D120E412F0700F4C
:1035E00004977FF41CAC14063FF519AC049B43EA26
:1035F00000730493049B0B2B7FF627AD049AB2F55E
:10360000006F10D3089B5B68A2F500629A42FFF43A
:103610001CAD00220D238DF82820ADF82A30FFF7CD
:10362000BABB0497E6E7049AB2F5806FF1D3089B22
:103630001B68A2F580629A42FFF407ADE9E700BF7C
:103640002DE9F04F2DED028B93B004460292D0E9A4
:10365000010200279042CDE90D77CDE90F77119750
:1036600013D8002201238DF82420ADF82630BDF8B0
:103670002420BDF82630002062F30F0063F31F40C2
:1036800013B0BDEC028BBDE8F08F266802F1010E8D
:10369000C4F808E016F802C0BCF10C0F0D4606EBAA
:1036A000020111D8BCF10C0F2CD8DFE81CF060022D
:1036B00032003B024E0225015801AD0105027600A1
:1036C0002B002B00D0003800BCF1FF0F1AD1BC46F4
:1036D0003E463A461C687CB1CDE90F761E9B8DF8BC
:1036E00044C003EB83038DF834200DAD04EB830459
:1036F0000FCD0FC42B68236001238DF82430ADF863
:103700002630B4E7002207238DF82420ADF82630B8
:10371000ADE74FF0000C664667460222DAE700F19B
:10372000FF3A0027AAEB020A02F1020BBC4608E0AE
:1037300018F0800F47EA0E0720D0BCF1050F00F00B
:10374000EA81E2450BEB0C027FD0A26011F8018FF9
:10375000CCEBCC0E08F07F09BCF1040F09FA0EFE89
:103760000CF1010CE4D118F0700F40F0D48118F086
:10377000800F08BF47EA097740F0CD81801AB84230
:10378000FFF46FAF6868B118091A3A444FF0000CA3
:10379000A2600E9166460B229CE700F1FF3AAAEB6D
:1037A000020A4FF000090232CC46904609E01EF0B2
:1037B000800F49EA070900F07483BCF1050F00F09F
:1037C000AA81E24508EB0C023FD0A26011F801EF9C
:1037D000CCEBCC070EF07F0BBCF1040F0BFA07F714
:1037E0000CF1010CE3D11EF0700F904640F0938174
:1037F0001EF0800F08BF49EA0B7940F08C81AA695E
:103800004A4540F2B881474606EB080CB8424FF0F3
:103810000006314607F1010717D9A7601CF8018B94
:10382000C1EBC10208F07F0E04290EFA02F200F08B
:10383000718218F0800F46EA020600F05D83B842FC
:1038400001F1010107F10107E7D8012364E100F16B
:10385000FF3AAAEB020A4FF000090232CC46964624
:1038600009E018F0800F49EA070900F01E83BCF157
:10387000050F00F05081E2450EEB0C02E5D0A2608E
:1038800011F8018FCCEBCC0708F07F0BBCF1040FD3
:103890000BFA07F70CF1010CE3D118F0700F964604
:1038A00040F0398118F0800F08BF49EA0B7940F0E9
:1038B00032817644324676460027B04239469646F3
:1038C00006F10106C1D9A6601EF801CBC1EBC10209
:1038D0000CF07F08042908FA02F200F07C811CF049
:1038E000800F47EA020700F0EE82B04201F10101C9
:1038F00006F10106E7D8A8E70138A0EB020E002088
:103900000232054605E030433E061DD5052D00F088
:103910000281AE4502EB050697D0A66011F8017F43
:10392000C5EBC50607F07F0C042D0CFA06F605F171
:103930000105E8D117F0700F40F0ED803A0658BF4E
:1039400040EA0C7000F1E780029A82427FF6DAAE1C
:103950004FF0000C0E90664667460522BAE600F16D
:10396000FF3A4FF00008AAEB020A02F1020B4746A9
:1039700007E01EF0800F48EA0C081FD0052F00F06A
:10398000CA80BA450BEB07023FF45FAFA26011F8A3
:1039900001EFC7EBC70C0EF07F09042F09FA0CFCEE
:1039A00007F10107E5D11EF0700F40F0B4801EF062
:1039B000800F08BF48EA097840F0AD80A969414509
:1039C00040F2D980002790421644BC4602F1010221
:1039D0007FF63BAFA26016F801EBCCEBCC010EF00A
:1039E0007F09BCF1040F09FA01F100F0C6811EF055
:1039F000800F47EA010700F0CA8190420CF1010CE8
:103A000002F10102E6D820E700F1FF3AAAEB020A30
:103A10004FF000090232CC46904608E01EF0800FBD
:103A200049EA070900F03F82BCF1050F73D0E24577
:103A300008EB0C023FF409AFA26011F801EFCCEBE8
:103A4000CC070EF07F0BBCF1040F0BFA07F70CF15B
:103A5000010CE3D11EF0700F90465CD11EF0800F78
:103A600008BF49EA0B7956D1AA694A4540F28380DA
:103A7000474606EB080CB8424FF00006314607F106
:103A800001077FF6E2AEA7601CF8018BC1EBC10213
:103A900008F07F0E04290EFA02F200F0D48018F02C
:103AA000800F46EA020600F02582B84201F10101CA
:103AB00007F10107E7D8C8E600F1FF3AAAEB020ACE
:103AC0004FF000090232CC46904607E01EF0800F0E
:103AD00049EA070958D0BCF1050F1CD0E24508EBB4
:103AE0000C023FF4B2AEA26011F801EFCCEBCC07B0
:103AF0000EF07F0BBCF1040F0BFA07F70CF1010C71
:103B0000E4D11EF0700F904605D11EF0800F08BF63
:103B100049EA0B7939D0022300228DF82420ADF830
:103B20002630A4E570457FF69CAD0232A26016F8FF
:103B30000E204FF0000CB2EB0C0218BF01228DF8E2
:103B40003820664667460322C4E5002208A92046BD
:103B500002930892FFF770F8C2B2029B92B1089AE2
:103B60000E924FF0000C664667460422B2E500262E
:103B700037460122AEE500220B238DF82420ADF854
:103B8000263074E5099072E59046AA694A45F2D953
:103B9000474606EB080CB8424FF00006314607F1E5
:103BA00001077FF652AEA7601CF8018BC1EBC10282
:103BB00008F07F0E04290EFA02F277D018F0800F79
:103BC00046EA020600F09A81B84201F1010107F1CC
:103BD0000107E8D839E61CF0700FB6469BD11CF0FF
:103BE000800F08BF47EA087795D1002F00F0538176
:103BF000A0EB0E007E1E86423FF633ADD3F8088060
:103C0000CDF8389006EB08029A60002E00F06C8127
:103C100008F1FF39DDF808A0B9449B4647460097F4
:103C20005B46524629462046FFF70AFDC3B20137DC
:103C30000A90002BA6D0B945F1D15B4647464FF01C
:103C4000010C0A2246E5424612F0700FB8461746AC
:103C50007FF461AF3F063FF55EAF46EA0E76A0EB1C
:103C60000800B042FFF4FDAC9F68CDF8389007EB38
:103C70000609C3F80890AEB12246DDF808A03C461C
:103C80009B46904600945B46524629464046FFF7C5
:103C9000D7FCC3B201340A90002B3FF473AFA145A7
:103CA000F0D15B464FF0000C072213E5424612F0BC
:103CB000700FB8467FF42FAF11063FF52CAF46EAE0
:103CC0000E76A0EB080296423FF6CBACDF68CDF84B
:103CD0003890F219DA60002E00F0FA8007EB470204
:103CE00091009FED878A03960022CDE90457924602
:103CF00016460DF1280B42460D461F469042CBE971
:103D000000AACBF808A056D801238DF824A0ADF85E
:103D10002630ACE4424612F0700FB84617467FF4E6
:103D2000FAAE3A063FF5F7AE46EA0E76A0EB08008B
:103D3000B042FFF496AC9F68CDF8389007EB0609C7
:103D4000C3F80890AEB12246DDF808A03C469B4679
:103D5000904600945B46524629464046FFF770FC69
:103D6000C3B201340A90002B3FF40CAFA145F0D14F
:103D70005B464FF0000C0922ACE41EF0700F7FF49C
:103D8000CAAE1EF0800F7FF4C6AE47EA09776A69B3
:103D900008EB880102EB810012F82120072A00F0CD
:103DA0008680002A7FF4AEAC4FF0000CCDF838804E
:103DB000664606228EE42368511CA16013F8029027
:103DC000B9F1010F134400F28880B9F1000F20D03F
:103DD00001384FF0000EA0EB0209901C724691458D
:103DE00000EB02013FF431ADA16013F801CFC2EB4B
:103DF000C2010CF07F08042A08FA01F102F1010265
:103E000038D01CF0800F4EEA010E3DD0052AE6D1D5
:103E100081E607A920468DED078AFEF70DFFC3B2A4
:103E20000890002B3FF4AEAEDDF81CE0D7E901238B
:103E3000591CB9604AB1CDE90BE38DF8289002EB2B
:103E4000050C9BE807008CE807000093029A049990
:103E50003B462046FFF7F4FBC3B20890002B3FF42B
:103E600091AE039B0136B34205F10C052DD0D4E988
:103E7000010243E71CF0700F7FF44DAE1CF0800F81
:103E80007FF449AE4EEA087E029B73457FF63AAC5A
:103E90004FF00109CAE7CDF838903E46BC460A22E9
:103EA00018E49046ABE49046DEE5964601E5C2682C
:103EB000BA423FF679AF00220C238DF82420ADF8EA
:103EC0002630FFF7D4BBB6468FE63B46039E059FE0
:103ED0004FF0000C0822FFF7FDBB07238DF824A04C
:103EE000ADF82630FFF7C3BB47464FF0010C0A225E
:103EF000FFF7F0BBB846B2E6B84617E7B846E0E6CB
:103F0000000000002DE9F04FCBB00AAF87E80600B3
:103F10000446B02200211EA81E4627F032F9D7E938
:103F20000051CDE91051DFF860C56A1E89200023D9
:103F30008B4203F101030AD10125B422002120465E
:103F400027F01FF9204665804BB0BDE8F08F12F8CE
:103F5000017F87422FD1042B02D01CF8010BE7E729
:103F60000429E9D9287905220328129205F10407CA
:103F70001FD113464FF000088B42404603F1010C5D
:103F800015D217F801EFC0EBC0020EF07F0904282C
:103F900009FA02F211D01EF0800F48EA020819D087
:103FA00063468B4200F1010003F1010CE9D30125C6
:103FB000C3E71D46C1E70325BFE71EF0700FCDF82C
:103FC00048C065D11EF0800F08BF48EA097801D0CB
:103FD0000225B2E78C45AFD215F80C200692CDE948
:103FE0001E85002701F1FF38A8EB0C082091033350
:103FF000AC443A46904503EB020A55D01CF801EF59
:10400000C2EBC2000EF07F09042A09FA00F002F1A7
:10401000010208D01EF0800F47EA000710D0052AE1
:10402000E8D1022589E71EF0700FCDF848A03DD1F8
:104030001EF0800F08BF47EA097703D002257CE70E
:10404000CDF848A0A1EB0A03BB4201D2012574E7D9
:104050004FF000098A4505EB0A0E4A460AF1010AAB
:1040600014D21EF8010BC2EBC20300F07F0C042A2D
:104070000CFA03F30ED049EA0309030640F1FF816D
:104080008A4502F101020AF1010AEAD3012554E747
:10409000022552E710F0700FCDF848A040F0ED81F6
:1040A000000605D5022548E7012546E7022544E735
:1040B00049EA0C794F4501D207253EE7B7F1005F89
:1040C00080F0D981B368326871680333134423F0F8
:1040D0000303A3EB020841454FEAC70AC0F0CB81B6
:1040E0001144CB1A9A4500F2C6810AEB080312EB81
:1040F000080BB36000F0BF81002F40F0C781DDE9FD
:1041000010A8129ACDF8A89090454FF000090AEB3C
:10411000020CCDF884B02297494602F1010214D96D
:1041200012921CF8010BC1EBC10300F07F050429BA
:1041300005FA03F30BD0000649EA030912D59045AE
:1041400001F1010102F10102EAD80125F5E610F0C2
:10415000700F40F0E681030658BF49EA057901D5A2
:104160000225EAE6A8EB02024A451BD30025CDE969
:1041700000550EAB04930DAB0293039510AA07CA2A
:104180000DF1680C8CE80700549B3A46494660469E
:10419000CDE90D55FEF7DAFD1690C0B220B9BDF895
:1041A0005A50CAE60125C8E6B64B994500F25B8134
:1041B000B368306871680333034423F00303A3EB4F
:1041C000000C14228C4502FB09F200F24C810144E0
:1041D000CB1A9A4200F247810CEB020310EB0C0859
:1041E000B36000F04081B9F1000F40F0AD81DDF81F
:1041F00034C0BCF1804F80F0A481B3683168756829
:10420000D81C084420F00300431A9D424FEA8C0258
:10421000C0F0938101EB050EAEEB0000824200F28C
:104220008481D01811EB030BB06000F08A81BCF1DF
:10423000000F40F013810E98B0F1005F80F00C8108
:10424000B3683168756803330B4423F003035B1ACA
:104250009D424FEAC002C0F0FF80ED1A9542C0F0C7
:10426000FB80D518B560CD1802D0002840F0FE8044
:10427000B8F1000F00F06D81BBF1000F00F0EA8093
:10428000002D00F0A78013AB04930FAB02934FF007
:10429000000ACDE9008B549B03953A46494610A885
:1042A000CDF83CA0CDF84CA0FEF750FD1690C0B262
:1042B00010B9BDF85A5040E6129B0D9A2795CDE9EA
:1042C0002389DDF8448026925546DDF840A00E9AF9
:1042D000289298450AEB030ECDF894B02A4603F1D4
:1042E000010313D912931EF8010BC2EBC20100F0B7
:1042F0007F0C042A0CFA01F10AD00D43010611D5F6
:10430000984502F1010203F10103EBD8012514E6FF
:1043100010F0700F60D1020658BF45EA0C7501D548
:1043200002250AE6A8EB0303AB423FD3B5F1804F69
:1043300069D2B368306871680333034423F0030320
:10434000A3EB000949454FEA85025CD30144C91A31
:104350008A4258D802EB090310EB0909B36052D026
:10436000002D3BD1129B29954FF0000B98450AEB8D
:10437000030CCDE92C955A4603F1010314D912938D
:104380001CF8010BC2EBC20100F07F05042A05FAFC
:1043900001F113D005064BEA010B09D5984502F14E
:1043A000010203F10103EAD80125C6E50125C4E5B0
:1043B000A8EB03035B452BD20125BEE510F0700F7F
:1043C00006D1010658BF4BEA057BF1D50225B4E5BD
:1043D0000225B2E50E25B0E50225AEE500214846EE
:1043E00009EB020A26F0CDFE494601E051450CD00A
:1043F00010A8FEF721FCC3B204311A90002BF5D1AE
:10440000BDF86A5099E50E2597E5DDE910A8A9E702
:1044100010AB93E80700002513AB83E80700CDE954
:104420001655CDF860B01995BBF1000F03D125E109
:104430005D4500F09080009516AB3A461EA913A882
:10444000FFF7FEF81A90C0B201350028F0D1BDF890
:104450006A5072E50E2570E5002509E700215846EF
:1044600026F08FFEE7E64FF00008C0E60021284660
:1044700026F087FEFCE60E255FE502255DE5CDF81A
:1044800048A017E6CCCCCC0CDDB804005246002185
:10449000584626F076FE0AEB0B03CDE90879DDE9F4
:1044A00010A80793129BDE46002198450AEB0309EA
:1044B000084603F1010314D9129319F8017BC0EBEC
:1044C000C00207F07F0C04280CFA02F222D03F064B
:1044D00041EA020109D5984500F1010003F1010309
:1044E000EAD8012529E541EA0C71A8EB03028A42CA
:1044F00001D2012521E50AEB0302521B0B44129362
:10450000CEE90021079A0EF1080E7245CCD1DDE903
:104510000879F6E517F0700F05D13F06E3D50225BF
:104520000BE5022509E5022507E50E98B0F1005FCD
:1045300005D2C2004FF0000B8FE60E25FDE40E25DC
:10454000FBE44FF0000B76E62946404626F019FEC4
:104550004DE60E25F1E4DDF860C0A94B9C4500F264
:104560009B80B36831687568D81C084420F003004C
:10457000431A14229D4202FB0CF27DD301EB050E7F
:10458000AEEB0000824265D8D01811EB0309B06091
:1045900000F08280BCF1000F03D00021484626F0D5
:1045A000F0FD1998974B984266D8B36831687568E2
:1045B00003330B4423F003035B1A0C22AB4200FBD2
:1045C00002F259D8ED1A954256D3D518B560CD18D8
:1045D00052D0002848D1B9F1000F4DD00023CDE9C9
:1045E0001A95CDF870B01D939A460CE0CDF800A056
:1045F0001AAB3A461EA910A8FFF722F80F90C0B2D6
:104600000AF1010AA8B3DA45F0D1189BCDF8B890A9
:10461000DDE910E12F934FF00009199B319330959C
:10462000CDF8ACA04B46129A8A4202F1010C5AD244
:10463000CDF848C01EF80200042BC3EBC30200F003
:104640007F0505FA02F244D0000649EA020926D5A0
:104650000133E8E719986B4A90420DD80C2200FB11
:1046600002F24FF00009ADE70021284626F089FD4F
:10467000B1E7BDF83E5060E40E255EE4B3683268F1
:1046800071680333134423F003039B1A8B42F3D85E
:1046900012EB0309B36084D14FF0000981E7A1EB6D
:1046A0000C01494571D30FAB009310AA07CA00252E
:1046B0000DF1680C8CE807002B462A4649466046F7
:1046C0000F95FDF7D7FE1690C0B280B9BDF85A50CD
:1046D00033E410F0700F08D1000658BF49EA05799D
:1046E000DDD5022529E4012527E4022525E4444BF4
:1046F00099457BD8B3683168D6F804C0D81C084403
:1047000020F00300431A14229C4502FB09F26AD3ED
:1047100001EB0C0EAEEB000082426AD8D01811EB10
:10472000030AB06062D0B9F1000F57D10F98B0F111
:10473000805F58D2B3683168D6F804C003330B44A5
:1047400023F003035B1A9C454FEA00124BD3ACEBFA
:10475000030C944547D3D51811EB030BB56042D039
:10476000B0B9BAF1000F3ED013AB009300255B4601
:104770005246494610A81395FDF77CFE1690C0B22C
:1047800058B9BDF85A50FFF7D8BB0125FFF7D5BB84
:104790000021584626F0F5FCE3E7CDE934A9DDE930
:1047A00010A80F9B3393CDF8C8B02B46129A424500
:1047B00002F1010C80F09C80CDF848C01AF802107C
:1047C000042BC3EBC30201F07F0000FA02F200F0F9
:1047D000848015430A0617D50133E7E7294650467A
:1047E00026F0CFFCA2E70E25FFF7A7BB4FF0000A8B
:1047F0009CE70F98B0F1805FF5D2AA460201A6E7C8
:10480000CCCCCC0C55555515A8EB0C0CAC45C0F0D8
:104810006785B5F1804F80F06085B3683168726854
:1048200003330B4423F00303581A82424FEA8509ED
:10483000C0F053850A44D21A914500F24E8509EB27
:10484000000311EB000BB36000F04785002D40F032
:10485000F083069B03F00103CDE936B58DF8E03017
:10486000002B40F0CB83069B03F00203002B14BF08
:10487000012300238DF8EC3040F08C81069B03F07F
:104880000403002B14BF012300238DF8F83040F0FF
:104890006681069B03F00803002B14BF012300234D
:1048A0008DF8043150D04FF0000B5B46129A424510
:1048B00002F1010580F0508112951AF80210042BC4
:1048C000C3EBC30201F07F0000FA02F26DD00906CB
:1048D0004BEA020B12D50133E8E711F0700F0AD151
:1048E0000B0658BF45EA00758ED50225FFF725BB9C
:1048F0000125FFF722BB0225FFF71FBBA8EB05052B
:104900005D454FD3BBF1805F80F07B82B368316837
:10491000726803330B4423F00303581A90424FEAA2
:104920000B1500F26E820A44D21A954200F2698297
:104930004319B3600B18069300F06382BBF1000FBC
:104940001CD1069BCDE9423B00252B46129A4245DD
:1049500002F1010180F0858212911AF80200042B05
:10496000C3EBC30200F07F0C0CFA02F200F06E827F
:104970001543020640F148820133E7E798462A468C
:104980001846002126F0FDFB4346EA18DDF8448076
:1049900007929E46CDF820B0079B9E452CD0129BD7
:1049A00043450DD30125FFF7C8BA11F0700F28D188
:1049B0000A0658BF4BEA007BA0D50225FFF7BDBA17
:1049C0005A1CDDF84090129219F803B000231846E3
:1049D000129A904502F1010144D9129119F802503E
:1049E000042805F07F0233D0C0EBC0018A40134396
:1049F0002A0609D50130EBE7DDF820B0DDF840A04C
:104A00009FE70225FFF799BABB4261D20020014619
:104A100008E0C1EBC10C02FA0CF22D0640EA0200DC
:104A200026D50131129A904502F101054DD9129512
:104A300019F80250042905F07F02EAD115F0700F31
:104A400063D1290640EA027012D50225FFF775BA34
:104A500015F0700F09D143EA02732A06D4D5022556
:104A6000FFF76BBA0125FFF768BA0225FFF765BAB1
:104A70001BF0010F2FD14FF0FF321BF0020F08D1B6
:104A80004FF0FF31CEE90030CEE902210EF1100ED9
:104A900082E700218A46129DA84505F1010C52D9F2
:104AA000CDF848C019F805B0BAF1040F0BF07F0536
:104AB00040D0CAEBCA0C05FA0CF51BF0800F41EA96
:104AC0000501DFD00AF1010AE5E70125FFF735BA54
:104AD0000725FFF732BA002294461299884501F162
:104AE00001051ED9129519F801A0BCF1040F0AF0B6
:104AF0007F010DD0CCEBCC05A9401AF0800F42EA23
:104B00000102BAD00CF1010CE7E70225FFF715BA54
:104B10001AF0700F0BD11AF0800F05D00225FFF7A5
:104B20000CBA0125FFF709BA42EA0172A5E702258E
:104B3000FFF703BA1BF0700F0BD11BF0800F05D0ED
:104B40000225FFF7FAB90125FFF7F7B941EA057128
:104B500098E70225FFF7F1B90125FFF7EEB9002527
:104B60002B46129A424502F1010C80F04481CDF8A7
:104B700048C01AF80210042BC3EBC30201F07F00F7
:104B800000FA02F200F02B81080645EA02051CD566
:104B90000133E6E700252B46129A424502F1010C4B
:104BA00080F01781CDF848C01AF80210042BC3EB2F
:104BB000C30201F07F0000FA02F200F0FE80090655
:104BC00045EA020528D50133E6E7A8EB0C0CAC4515
:104BD000C0F0F080B5F1005F80F0E980B368306824
:104BE00071680333034423F00303A3EB000C614516
:104BF0004FEAC502C0F0DB800144C91A8A4200F2C4
:104C0000D68002EB0C0310EB0C0BB36000F0CF80EE
:104C100045BBCDE93FB53CE6A8EB0C0CAC45C0F07C
:104C2000C380B5F1804F80F0BC80B3683168726892
:104C300003330B4423F00303581A82424FEA8509D9
:104C4000C0F0AF800A44D21A914500F2AA8009EB65
:104C5000000311EB000BB36000F0A38035BBCDE97E
:104C60003CB50BE60021584626F08BFADDE910A88A
:104C70000BF104034FF00009079300231846129A22
:104C8000424502F1010180F0868012911AF802C0BB
:104C900004280CF07F0275D0C0EBC0018A401CF0E4
:104CA000800F43EA020325D00130E8E74A4600219D
:104CB000584626F066FADDE910A8D944DE46F145EB
:104CC000CDD000231946129A424502F1010053D279
:104CD00012901AF80200042900F07F0244D0C1EBC0
:104CE000C10C02FA0CF2134302061FD50131EAE7A8
:104CF00043EA0273002210461299884501F1010C23
:104D00002CD9CDF848C01AF801C004280CF07F0156
:104D10001BD0C0EBC00E01FA0EF11CF0800F42EA6E
:104D2000010208D00130E7E743EA02734EF8043B82
:104D3000C5E742EA01724BF83930079B43F8392046
:104D400009F10109A94598D163E71CF0700F08D15A
:104D50001CF0800FEDD00225FFF7EFB80125FFF71B
:104D6000ECB80225FFF7E9B810F0700F07D1010683
:104D7000DAD50225FFF7E1B80125FFF7DEB80225F5
:104D8000FFF7DBB81CF0700F08D11CF0800FAFD01C
:104D90000225FFF7D2B80125FFF7CFB80225FFF7AC
:104DA000CCB80E25FFF7C9B80125FFF7C6B80E2508
:104DB000FFF7C3B80125FFF7C0B811F0700F0BD192
:104DC0000B0658BF45EA00757FF526AF0225FFF7B1
:104DD000B4B80125FFF7B1B80225FFF7AEB811F05E
:104DE000700F0BD10B0658BF45EA00757FF5EDAE8D
:104DF0000225FFF7A2B80125FFF79FB80225FFF7AC
:104E00009CB80E25FFF799B8A8EB0101A942C0F0A4
:104E1000B5804FF00009CDE900990EAB03930DABBF
:104E2000029310AA07CA0DF1680C8CE807004B46E4
:104E300060463A462946CDE90D99FDF725FD1690C5
:104E4000C0B2A0B9BDF85A50FFF777B810F0700F94
:104E50000AD1000658BF45EA0C75D5D50225FFF7E3
:104E60006CB80125FFF769B80225FFF766B8BC4B9F
:104E70009D4200F23E82B3687168DA1C33681A44BE
:104E800022F0030CACEB03001822814205FB02F276
:104E9000C0F02F821944A1EB0C018A4200F2298252
:104EA00011181B18B16000F02482002D40F01B8205
:104EB000DDF834A0BAF1804F80F01D82B26830680E
:104EC000D6F804E002F1030C84442CF0030CACEBA4
:104ED00000018E454FEA8A02C0F08D8000EB0E097A
:104EE000A9EB0C0C62457AD802EB010C10EB01091E
:104EF000C6F808C000F0FF81BAF1000F68D1DDF8F4
:104F000038C0984A944561D8B2683068D6F804E051
:104F1000D11C014421F00301091A0C22714502FB46
:104F20000CF253D8AEEB010E96454FD302EB010EB7
:104F3000C6F808E0461802D0BCF1000F21D1002BC2
:104F400041D0B9F1000F3BD0002E36D013AA00217A
:104F500003920FAACDE901620F911391CDF8009051
:104F60003A4610A829460693FDF78EFC1690C0B26B
:104F7000069B68B9BDF85A50FEF7DFBF0125FEF762
:104F8000DCBF00213046069326F0FBF8069BD6E7EF
:104F90000D9A449320460123CDE9472640F8043B6F
:104FA0001EA90E9B4595B022CDF81891499326F085
:104FB000C0F820464BB0BDE8F08F0E25FEF7BDBF10
:104FC0000E25FEF7BABF0E25FEF7B7BF0026B6E7DF
:104FD00000214846069326F0D4F8069B8FE7DDF8BB
:104FE00038C0604A944500F289810C2202FB0CF221
:104FF0004FF0000996E70E25FEF79FBF4FF0000B1C
:105000005B46129A424502F1010580F060811295DB
:105010001AF80210042BC3EBC30201F07F0000FA60
:1050200002F200F048814BEA020B0A0625D5013353
:10503000E7E74A460021584626F0A3F8DDE910A824
:10504000D944DE46F1453FF404AC00231946129AD8
:10505000424502F101007DD212901AF802000429A3
:1050600000F07F026ED0C1EBC10C02FA0CF2000618
:1050700043EA020327D50131E9E7A8EB05055D45C1
:1050800039D3BBF1805F5AD2B36831687268033399
:105090000B4423F00303581A82424FEA0B154ED3F8
:1050A0000A44D21A95424AD82B18B3600B180793BA
:1050B00045D0BBF1000F0BD1079BCDE9393BFFF782
:1050C000D2BB43EA02739F424ED80725FEF735BF95
:1050D00098462A461846002126F053F84346EA1817
:1050E000DDF8448008929E460997089B734522D0BC
:1050F000129B434502D30125FEF71FBFDDF840C0D8
:105100005A1C129200201CF803A00146129B9845DD
:1051100003F101024BD912921CF80350042905F047
:105120007F033AD0C1EBC10293402F0640EA03004F
:105130001DD50131EAE7099FDDF840A0BCE70E2547
:10514000FEF7FBBE10F0700F07D10106B9D502259E
:10515000FEF7F3BE0125FEF7F0BE0225FEF7EDBE19
:10516000AAAAAA0A555555154EF8043B6AE71AF043
:10517000010F37D14FF0FF331AF0020F1AD14FF061
:10518000FF321AF0040F56D14FF0FF31CEE9000381
:10519000CEE902210EF1100EA7E715F0700F64D1D1
:1051A00040EA03702B06E2D50225FEF7C6BE0125B4
:1051B000FEF7C3BE002217461299884501F101058A
:1051C00030D912951CF80190042F09F07F0120D0EE
:1051D000C7EBC705A94019F0800F42EA0102D0D001
:1051E0000137E9E700231946129A904502F10105BB
:1051F00058D912951CF80250042905F07F0249D0B5
:10520000C1EBC107BA402D0643EA0203B4D5013110
:10521000EAE719F0700F0BD119F0800F05D00225C5
:10522000FEF78BBE0125FEF788BE42EA0172A8E7B1
:105230000225FEF782BE00218946129DA84505F190
:1052400001071ED912971CF805A0B9F1040F0AF046
:105250007F050DD0C9EBC907BD401AF0800F41EAA8
:10526000050193D009F10109E7E70225FEF765BEC4
:105270001AF0700F0BD11AF0800F05D00225FEF73F
:105280005CBE0125FEF759BE41EA05717EE70225A5
:10529000FEF753BE15F0700F0AD1290605D5022579
:1052A000FEF74BBE0125FEF748BE43EA027363E7F3
:1052B0000225FEF742BE11F0700F0BD10B0658BF4E
:1052C0004BEA007B7FF5D9AE0225FEF736BE0125FD
:1052D000FEF733BE0225FEF730BE0E25FEF72DBECB
:1052E0000125FEF72ABE1846494625F04AFF034627
:1052F000DEE50023DCE54FF0000900E60E25FEF7B1
:105300001CBE00BF2DE9F04F07EE900A91B0F4EEFD
:10531000677AF1EE10FA019140F00C839FEDC17AAB
:10532000F4EEC77AF1EE10FA00F330839FEDBE7A07
:10533000F4EEC77AF1EE10FA00F13683F5EE407A1A
:10534000F1EE10FA00F06581C0F3C7520590C10D6F
:10535000C0F31603002A00F0798143F4000AA2F199
:1053600098044FEA8A0A00F0010204920AF102024C
:1053700002922046002B40F0AF8211F0FE0F0CBFCE
:105380004FF0010C4FF0000C0AF1FF33A3EB0C06B9
:10539000002C0396C0F24283A44BA54FA54A03FB01
:1053A00000F0800C031B57F83010069307EBC00386
:1053B00000905C6802FB00F3AAFB0152029DA1FB76
:1053C000055BA1FB061C0699CDF820C0A4FB0A567C
:1053D0001B3101EBD3435219029D46F10006C3F184
:1053E0002009A3F120084146CE46CC46CDF81C80CA
:1053F00006FA09F926FA08F8A4FB05561BEB050B7B
:1054000046F1000626FA01F506FA0EFE2BFA03FB1A
:10541000039E4BEA0E0B4BEA050BA4FB0645089EC8
:10542000341945F10005DA40DC4005FA0CFC42EA8B
:10543000090244EA0C0425FA01F142EA0802214378
:10544000002800F09581DFF8F0C10BF1FF33ACFBD1
:105450000343DB08ACFB0164B3EBD40F4FEAD40683
:1054600000F2F982069C734D431E05FB03F51A34C6
:1054700004EBD54407EBC30557F833706B68A7FB03
:105480000A57A3FB0A35FB1845F10005C4F12007B4
:10549000E34005FA07F7203C25FA04F43B43234395
:1054A000ACFB034C4FEADC0C0CEB8C0CA3EB4C0379
:1054B000DBB2092840F25D815F48A0FB0B4BB6EBE5
:1054C000DB0F4FEADB071AD200253146A0FB063678
:1054D000A0FB0734F608A0FB0237B6EBD40F134647
:1054E00005F101054FEAD7024FEAD407EDD3009C3E
:1054F00002EB82002C44A3EB40030094DBB28A420F
:1055000000F01183042B94BF002301231A444B4B5A
:105510009A4200F245824A4B9A4280F07B82494B84
:105520009A4200F29A82484B9A4200F2E78242F293
:105530000F739A4200F2F982B2F57A7F80F0F98215
:10554000632A00F2FA82092A00F2FB820126002077
:10555000354601300DAC384F2044A7FB0213DB0861
:1055600003EB8301A2EB4102303200F8012DA0428F
:105570001A46F2D1009B019803EB0608059B002B0D
:10558000BDBF2D2300F8013B01270027B045C0F225
:10559000AA81B8F1150F40F3B58208F1FF394E46E4
:1055A0009DF834300370012D07F101000BD0019CF0
:1055B0000237013D2E2323542A460DF13501E0190F
:1055C00025F0B7FDE81901996523B9F1000F0B54D7
:1055D00000F10103C0F2C0812B22CA540230012124
:1055E0000225019B144F01445C1E19440444A7FB8F
:1055F0000623DB0803EB8302A6EB4206303601F8F4
:105600000169A1421E46F2D12F18384611B0BDE8FB
:10561000F08F019A302313700127384611B0BDE88E
:10562000F08F00BFFFFF7F7FFFFF7FFF413401004E
:10563000A0B304004F931200CDCCCCCCFFE0F50515
:10564000809698003F420F009F86010005984FEA20
:10565000830A00F0010004900AF102000290002B7E
:1056600000F03681C44B06936FF02D01AAF10203BE
:105670000091C248039385211B2316464FF0690E03
:105680000B914FF0010CAAFB00150AFB0251029D81
:105690000791A5FB004105FB02170897039F069D94
:1056A000A7FB000107FB0210079A0990AAFB05045B
:1056B00010180AFB0644C3F12009A3F1200144F1AC
:1056C0000004C846CDF828908B460F46D84024FAEF
:1056D00001F104FA09F9029C40EA090040EA0102DA
:1056E000A4FB0510089D04FB0600691840F10000AA
:1056F000D94000FA08F841EA080120FA0BFB039CA4
:1057000041EA0B0B0699A4FB010104FB061609995B
:10571000091821FA03F10A9B46F1000606FA03F381
:10572000194326FA07F73943BEF1000F00F045810F
:10573000934C0BF1FF33A4FB0303DB08A4FB0150E4
:10574000B3EBD00F4FEAD00640F28B810023BEF1BD
:10575000010F00F03381BEF11E0F3FF6ADAE0EF12A
:10576000FF344FF0FF30A0403AEA000041D0A3E6FA
:105770000346834EA6FB0A45AD0805EB85072C467C
:10578000BAEB070523D0049C002C40F09B81039DBD
:10579000A6FB057424F0030707EB9407EF1B4FEA01
:1057A000940440F0D481A6FB045C06FB04F5B5F13B
:1057B000333F07F101074FEA9C04F4D9874228BF21
:1057C000002580F003810A26B1FBF6F674E6A6FBFD
:1057D000047C06FB04F7B7F1333F05F101054FEAFE
:1057E0009C04F4D9A6FB0146A8424FEAD6063FF630
:1057F00063AE634DA5FB0B0BB6EBDB0F4FEADB098A
:105800004FF0000455D201250F46DFF878B131463C
:105810004FF0000E5A4E00E00146A6FB020C4FEA84
:10582000DC0C0CEB8C08A2EB480806FB07F7A6FB88
:105830000120BBEB770FA6FB092A4FEAD00004F04A
:10584000010438BF0024002B14BF002505F001051A
:10585000B0EBDA0F0F4662465FFA88F30EF1010EE5
:105860004FEADA09D8D3002C39D0454C454E04FB19
:1058700001F0B6EB700F17D3002B14BF002505F015
:105880000105A4FB0230C008A4FB013100EB80033A
:10589000A2EB4302C908D3B2024604FB01F0B6EB07
:1058A000700F0EF1010EE7D20098704400900124B1
:1058B00025B1052B04BF02F0010304338A4243D013
:1058C000042B94BF002301230493049B1A441EE677
:1058D0006FF09600044650E54FF0010C54E5009837
:1058E00070440090E4E708F1FF39B9F1140F4E4617
:1058F0007ED908F10503052B3FF652AE019EF31940
:105900002E223021017002375A70C8F10002B8F11E
:10591000000F04D0F01925F034FCA7EB080701981C
:105920002A462146384425F004FC2F44384611B05D
:10593000BDE8F08F144B03271A889B780A803846FD
:105940008B7011B0BDE8F08F04990029BDD1002CF7
:10595000B6D101230493B8E70199C8F10106092ED5
:105960004FF02D02CA5400F102008BBF012100212B
:105970000225012535E600BFECA5061C0DC63354F3
:10598000CDCCCCCC99999919E0B80400734B03CBDA
:10599000019B082718603846596011B0BDE8F08FA8
:1059A000092608203546D4E56D4B019A03CB1B78B8
:1059B00010600927516013722FE67346049800287F
:1059C00079D10125BCF1000F00F0C380654EA6FB24
:1059D0000B0BA6FB0106F6080020B6EBDB0F4FEA27
:1059E000DB09049038BF0124FFF40EAF86463CE784
:1059F0002146424625F09DFB47440198009D04EB5B
:105A000008012E237C1CC3556A42204425F091FBDB
:105A1000671B02E60826072035469AE5524B534A93
:105A200003FB00F04FEA105E74446142A3F5EC23DF
:105A300052F831000094A2EBC402A3F2544352681E
:105A4000069204FB03F30EF11C0200260B92A2EB5C
:105A5000D343324617E600232BE5072606203546BA
:105A600077E5009B4248414F0B9DC3F1010303FBC7
:105A700000F0C00C0130281A07EBC30557F833704B
:105A80006B68A7FB0A57A3FB0A35FB1845F1000515
:105A9000C0F12007C34005FA07F7203825FA00F0C7
:105AA0003B430343A4FB0340C00800EB8000A3EB8F
:105AB0004003DBB24BE62B4EA6FB01060BF1FF3B8E
:105AC000F60896E6029DA6FB0574A40804EB84077D
:105AD000EF1B3AD1A6FB045C06FB04F5B5F1333F9E
:105AE00007F101074FEA9C04F4D91E4E874228BFF4
:105AF000ABF1010BA6FB0106F608DDE40626052046
:105B0000354626E521462A4625F013FB009C002C4D
:105B10002F447FF782AD019822463844302125F08A
:105B200030FB274479E50123F0E4052604203546BF
:105B30000FE50426032035460BE5032602203546F3
:105B400007E502260120354603E50027CDE7049F3F
:105B500034E60A26B1FBF6F64BE600BFE4B80400D3
:105B6000F0B80400CDCCCCCC05D1F4FF28B20400B1
:105B70004F9312000829F0B51DDD204D0026D0F806
:105B80008072002F14DD021F02EB870E002352F8F3
:105B9000044FB446E4FB053C724513606346F6D1FE
:105BA00033B1A02F04D07A1CC0F8802240F827C05F
:105BB00009390829E3DC002900DCF0BDD0F8807247
:105BC0000F4B002F53F82150F7DD021F002302EB8B
:105BD0008706194652F8044FE4FB053196421360DC
:105BE0000B464FF00001F5D1002BE6D0A02FE4D0FA
:105BF0007A1CC0F8802240F82730F0BD00CA9A3BDA
:105C000008B904002DE9F04F1D460023C2F8803288
:105C1000C5F88032D0F8803283B0002B00F0ED80E0
:105C2000013B91465A0150F82330824688461BB109
:105C30005B0802F10102FBD1002A00F0DE80561E53
:105C4000002E3346B8BF02F11E035B1116F11F0F81
:105C500003F10104C0F20881002C4FEA84024FF0E6
:105C60000001D8BF0422484625F08BFA002EC9F85F
:105C70008042C0F2B280CDF804900027D146D5F81A
:105C800080A2BAF1000F00F0BB800AF10104A02C41
:105C90002246A8BFA022924507DAA2EB0A02920090
:105CA000002105EB8A0025F06CFABAF1010058BF1B
:105CB00005EB8A0212D452F8043D411CDB1847EB75
:105CC000070C9F2903DC516841EA0C0151609F28B1
:105CD00000F1FF30D8BF1360431CECD1A02CC5F8F5
:105CE000804240F3A380A024C5F8804204F18043A1
:105CF000013B05EB830304E0C5F88042002C00F073
:105D0000998053F80429013C002AF5D0D5F8804247
:105D10004FEA661E06F01F0A59F82E3023FA0AF3DE
:105D2000D90706D5002C00F090802B6843F00103C2
:105D30002B60D8F880C2A44572D1631E14D455F8E4
:105D400023109A00101D043A2A444044944603E06C
:105D50005A1C08D05CF8041950F8042D8A4203F14B
:105D6000FF33F5D032D8A446002C25DD0022291FB0
:105D70009346624551F8043FB4BF58F82200002012
:105D8000B3EB0B0B63EB03030132BBEB000063F1DE
:105D9000000BA24208604FEADB7BEAD104F18043AA
:105DA000013B05EB830302E0C5F8804224B153F8C0
:105DB0000429013C002AF7D0019A012303FA0AFAC8
:105DC00052F82E3043EA0A0342F82E30013EBFF467
:105DD00056AFDDF80490D9F88042002C0DDD04F1B7
:105DE0008042013A09EB820202E0C9F8804224B104
:105DF00052F80439013C002BF7D003B0BDE8F08F16
:105E00004FEA661E06F01F0A59F82E4024FA0AF4DB
:105E100014F0010419D1D8F880C2BCF1000FCBD026
:105E20006445A1DA013EBFF42AAFD2E7002C3FF768
:105E30005DAF6DE74FEA661E06F01F0A59F82E3077
:105E400023FA0AF3DB077FF574AF0123C5F880322C
:105E5000D8F880422B609C4202D12146002370E793
:105E6000B4DCA4461C4681E7C9F88042B5E700BF10
:105E70002DE9F04FADF62C7D0090002900F02A822C
:105E80000C460025411E11F8013F202B05F10102AF
:105E9000A3F1090000F00782042840F204822B2BB2
:105EA00000F005822D2B00F002820023019305F102
:105EB0000803A34240F2AF82A54280F00B82009B10
:105EC000002705F1FF3CE0189C440138BE463E46E1
:105ED0003D46BB46C3F101080A2108E0002B18BF6C
:105EE0000126844505F101054FF0010B2FD008EB89
:105EF0000C0A1CF8012FA2F130035FFA83F9B9F103
:105F0000090F00F2EC81BEF5407FE7DA4FEAE37A51
:105F100077B104AA02EB870983461068E0FB013AD7
:105F200042F8043B4A4553464FF0000AF5D1584623
:105F300053EA0A0205D0A02F03D004AA42F8273062
:105F4000013784450EF1010E4FF0010BCFD1002334
:105F5000A9460293019B002B14BF4FF00040002084
:105F6000002F00F0B881AE44BEF5C87F00F34D822B
:105F70001EF5C87FC0F2AF81019B002B40F07F82ED
:105F800003930DF52578A49704A90DF5A3674FF4A5
:105F90002172404625F0CDF80123002D3B60C7F863
:105FA0008032C0F2728229464046FFF7E3FDD8F8FE
:105FB00080A2BAF1000F00F080820AF1FF3B4FEAA5
:105FC0004B1958F82B301BB15B0809F10109FBD1C3
:105FD000D7F88052002D00F0838305F1FF3B4FEA94
:105FE0004B1457F82B301BB15B0804F10104FBD1B3
:105FF000C94BA9EB0409994580F2668209F233493D
:1060000029EAE979BAF1000F00F08383343B009369
:10601000122421250AF1FF3B0AF101032B44A02B96
:10602000A8BFA0239A4507DAA3EB0A039A00002130
:1060300008EB8A0025F0A5F8BBF1000F28DB0AF178
:10604000804E0EF1FF3E05EB0A02C4F1200108EB81
:106050008E0E08EB8203A4F1200B02915EF8041966
:10606000029801FA0BFC21FA00F09F2A4CEA000C7E
:1060700001FA04F102F1FF3203DC186840EA0C0077
:1060800018609F2A00F3F981AA4243F8041DE5D164
:10609000012425B1AA000021404625F072F82B19F1
:1060A0005344A02BC8F8803240F3E283A023C8F801
:1060B000803203F18042013A08EB8202002003E0C3
:1060C0000120002B00F0D88352F804191C46013B34
:1060D0000029F5D008B1C8F880420DF29C750DF585
:1060E00022632A4639464046FFF78CFDD5F88032B8
:1060F000012B00F1FC8103F18043013B002405EBFF
:106100008303224611469D421A688A46A3F104037E
:10611000F8D11446A9F12003C9F1200221FA03F3B2
:1061200001FA02F221FA09F124FA09F949EA02090D
:1061300049EA030959EA010340F05382DDF8A08CD3
:10614000B8F1000F40F0DB8154EA0A033DD023464A
:10615000514600225B0843EAC173490853EA01052E
:10616000104602F10102F5D1D2F1350300F1A4820B
:10617000A3F1200004FA00F00AFA03F10143C3F18D
:10618000200024FA00F001439C4054EA01031CD093
:10619000009B13444A0D0CBF03F1FF33640803F264
:1061A000FF3340F2FE721CBF44EAC17449089342B7
:1061B00000F3BC82002BC1F3130140F37D83019EE9
:1061C00003940E4346EA03530193019A0399C2F3E1
:1061D0000A5340F2FF74A34202F00040C2F31302DC
:1061E00000F06281002B40F07D8151EA020372D001
:1061F000494B49185241D40203F1FF33F9D57F2BA3
:1062000000F3038113F17E0F80F276826FF0600558
:10621000ED1A3F2D5FDC6FF06104E41AA4F1200C4D
:106220004FF0FF3303FA0CF703FA04F6C4F1200829
:106230003E4323FA08F73E43A3406FEA060EDB43D2
:106240000026C5F1200B01EA030702EA0E09A5F1B9
:10625000200A02FA0BFE21FA05F343EA0E0357EA7D
:10626000090722FA0AFE43EA0E0322FA05FE00F0AD
:10627000068302FA08F8E14041EA080122FA0CF22A
:106280001143C90702D501334EF1000E002E40F034
:10629000D38213F4000FC3F3160340EA03001AD0AD
:1062A00040F4000017E0944209D01546EBE5A3F155
:1062B0002D03B3FA83F35B0901930135F7E5093543
:1062C000A54207D8009815490822204424F021FF50
:1062D00000285DD012480DF62C7DBDE8F08F2E2AE7
:1062E0000CD0BBF1000FF5D00023029302F0DF02C7
:1062F000452A5ED0029BA946ED1A2BE60AF101035E
:106300009C4240F2E881009A02EB0A009A46002380
:106310000A219C4610E000BF02FCFFFFFCB804000D
:106320000000C07F002B18BF01260AF1010A544566
:106330004FF0010B40F2878010F8012FA2F13003DB
:106340005FFA83F8B8F1090F28D8BEF5407FE9DA83
:106350004FEAE37977B104AA02EB87088346106815
:10636000E0FB013942F8043B42454B464FF000093F
:10637000F5D1584653EA090205D0A02F03D004AA4C
:1063800042F8273001370EF1010E0CF1010CCCE779
:106390004FF0FF400DF62C7DBDE8F08FCDF808C022
:1063A000BBF1000F96D05445A0D86346A946ED1A1C
:1063B000D0E50AF1010294429CD9009B9B5C2B2BF7
:1063C00047D02D2B45D04FF0000A009B995CA1F1DE
:1063D0003003092B8ED8DFF87883DDF800B0002376
:1063E00003EB830301EB4309A9F130030BEB02003C
:1063F0000132944238D910F8011FA1F1300CBCF1E0
:10640000090F31D84345F3DCEAE740F0FF400DF6D1
:106410002C7DBDE8F08F009BC8490822581924F054
:1064200078FE00287FF448AD019BDFEDC57A9FED33
:10643000C57A002B0CBF17EE100A17EE900A0DF666
:106440002C7DBDE8F08F6346A946CDF808C0ED1A53
:1064500080E50AF10202A3F12D0ABAFA8AFA9442FF
:106460004FEA5A1AB1D845E7BAF1000F14D103EB3D
:106470000509029BA9EB03056CE5043BEEE500234F
:1064800003934FF0004301937BE5029B3846A3EB57
:106490000901FFF76FFB8AE505F13003A3EB09095A
:1064A000029BA9EB030555E50B46134340F0FF4063
:1064B0003FF411AF40F480000DE7D7F88052002D73
:1064C00000F0C981D14688E5A9F13403D9F134043B
:1064D000009300F14C81BAF1000F40F042814FF07F
:1064E0003509FAE542F48012A3F2FF3387E6DDF8BE
:1064F000A08CB8F1000F3FF468AE0024A24608F16A
:1065000001050DF522614FF421720DF6A44024F02F
:1065100010FEA02D2B46A8BFA023434509DDA3EB09
:1065200008039A000DF6A443002103EB880024F031
:1065300028FEB8F101011AD40DF6A44303EB880834
:10654000002058F8043D4A1CDB1840EB000C9F2A41
:1065500005DCD8F8042042EA0C02C8F804209F2980
:1065600001F1FF31D8BFC8F800304A1CE9D1A02D95
:1065700000F36081002D40F3F08105F18042013A83
:106580000DF6A44303EB820202E0002D00F0C4806C
:1065900052F804192B46013D0029F6D0D7F8802285
:1065A0009A4240F0BF80591E00F1D08103F1804330
:1065B000013B0DF6A44202EB830207EB830702E0E6
:1065C0004B1C00F0C38152F8040957F80439984273
:1065D00001F1FF31F4D0FFF4B7AD01344AF1000A04
:1065E000B2E5D7F88092B9F1000F47D009F1010464
:1065F000A02C2346A8BFA023994507DAA3EB0903E3
:106600009A00002107EB890024F0BBFDB9F10101DC
:1066100018D407EB8909002059F8043D4A1CDB18FF
:1066200040EB000C9F2A05DCD9F8042042EA0C025A
:10663000C9F804209F2901F1FF31D8BFC9F8003003
:106640004B1CE9D1A02CC7F8804240F30A81A0245A
:10665000C7F8804204F18043013B07EB830300212C
:1066600003E00121002C00F0008153F804292046AA
:10667000013C002AF5D009B1C7F88002009B013324
:10668000009340460DF522632A463946FFF7BAFAD1
:10669000D5F88032012B3FF52AAF03F18043013B4F
:1066A000002405EB830322469D429246A3F1040396
:1066B0005A68F9D1144641E5A0F13401C0F1540300
:1066C000CC4054380AFA03F31C432AFA00F02AFAA1
:1066D00001F1044359E5BBF1000F3FF4FBAD36E493
:1066E000194B994536DA194B009309F2334929EAD7
:1066F000E979122421258FE403F17F064FF0000E83
:106700006FF070431C241D256FF0030C4FF004083C
:1067100097E50E4B0093E0E4D7F880222B46002A41
:1067200000F014819A423FF70FAD56E7019B43F00A
:10673000FF4343F4E003019347E500BFFCB80400C6
:10674000000080FF0000807F02FCFFFFCEFBFFFF08
:106750003F420F00A9F13403D9F1340400933FF50F
:10676000BEAE002C4BD100944FF03509B5E4009B30
:10677000002B3FF4B4AE13F01F094FEA631440F04E
:10678000A080BBF1000F0FDB05F18043013BE21855
:10679000013207EB830307EB8202196842F8041DFC
:1067A0009F42A3F10403F8D12544002C04DDA2008C
:1067B0000021384624F0E5FCB9F1000F18BF01357F
:1067C000A02DC7F8805240F3BA80A025C7F88052A8
:1067D00005F18043013B07EB8303002203E0012224
:1067E000002D00F0B08053F804192846013D00291F
:1067F000F5D0002A3FF473AEC7F880026FE665114A
:1068000014F01F0440F0AB80BAF1010F0FD40AF16D
:106810008043013BEA18013208EB830308EB820254
:10682000196842F8041D9845A3F10403F8D14FF00C
:1068300035092EE4A025A0E6DA0106D50136FF2EA3
:106840003FF4E3AD5B0843EACE73C3F3160343EAB8
:10685000C65318433FE56FF033034FF035090093FB
:106860003BE4002C3FF7F6AE08E7C7F8804205E7A7
:10687000002B3FF71EAC30E4C8F880322DE44FF017
:10688000010909FA0AFA29FA0BFB09FA0CF729FAA5
:1068900008F84AEA0B0A47EA080709FA05F509FA6F
:1068A00004F44AEA07072C4321403A40974208BFC4
:1068B0008C427FF4EBACE6E4019B03940B43019321
:1068C00083E46B1C2344A02BA8BFA0239D4206DABF
:1068D0005B1B9A00002107EB850024F052FCBBF102
:1068E000000FFFF661AF05F18043013B254407EB44
:1068F0008303284607EB8502A9F1200AC9F1200B82
:106900000293029B53F80419029301FA0AFE21FA3A
:106910000BFC9F284EEA0C0C01FA09F100F1FF3044
:1069200004DC136843EA0C0CC2F800C09F28D8BFEF
:1069300042F8041C8442A2F10402E2D135E7002DA2
:106940003FF746AFCBE5C7F88052C8E5002E7FF48D
:1069500044AEE5077FF5F8AB3FE62B461EE64FF069
:1069600035090AF1FF3BFFF757BB00BFF7EE007A8E
:10697000B4EEE70AF1EE10FA4FF00003A8BFB6EE4E
:10698000007A07DB20EE070A0133B4EEE70AF1EEE6
:1069900010FAF7DAF6EE007AB4EEE70AF1EE10FA42
:1069A00007D530EE000A013BB4EEE70AF1EE10FA2B
:1069B000F7D4DFED217AB4EEE70AF1EE10FA2FD525
:1069C000F0EE007AFFEE006AE0EE276A013B1B4A18
:1069D000DFED1B7A26EEA66A02F12001B2EC017A05
:1069E000A6EEA77A9142F0EE477AF7D166EE877A63
:1069F00026EE277ACBB107EE903ADFED125AF8EE89
:106A0000E77ABEEE005AA7EEA57ADFED0F5AA6EEA2
:106A1000057A36EE877AA7EEA57AB0EE470A704778
:106A2000F7EE006A70EE666AD1E7FEEE007AA6EE37
:106A3000277A36EE870A7047F304353F4CB90400D5
:106A4000BB21903D83805EB90080313F07EE900A04
:106A50009FED427AF0EEE76AF4EE476AF1EE10FA43
:106A600055D8F5EEC07AF1EE10FA9FED3D7A48BFA9
:106A7000F1EE677AF4EEC77A4CBF4FF0FF31012197
:106A8000F1EE10FA45DC9FED377A27EE877ABCEEFF
:106A9000C77A17EE103ADA07B8EE477A04D5F7EE60
:106AA000006A37EE267A0133DFED2F6A03F0070222
:106AB000F4EEE67A5B0744BF4942043AF1EE10FA7D
:106AC00029DCDFED2A6A9FED2A6AE7EE667A013A51
:106AD000012ADFED286AE7EE467AE7EE667A27EECE
:106AE000A77A21D9DFED245A9FED246ADFED246ACD
:106AF000A7EE256AE7EE066A27EE267AE7EE877AA2
:106B000017EE900A013105D180F0004070471D4812
:106B1000704700207047DFED1C6AE7EE667A013AA5
:106B2000012A27EEA77ADDD8DFED187A9FED186AE3
:106B3000DFED186AA7EE276AF6EE007AE7EE066A3E
:106B400067EEC77A67EE266AF7EE005AE7EE267A16
:106B500077EEA57A17EE900AD4E700BFFFFF7F7F9C
:106B6000FFFF7F4B83F9A23F000000460000493F32
:106B700000A07D3969212233F9A14CB99E83083CDC
:106B8000A3AA2ABE0000C07FDB0F493FCEF5CC3759
:106B90001A06B6BAA5AA2A3D07EE900A9FED427AD8
:106BA000F0EEE76AF4EE476AF1EE10FA5ED8F5EE21
:106BB000C07AF1EE10FA9FED3D7A48BFF1EE677AA8
:106BC000F4EEC77AF1EE10FA52DC9FED397A27EE37
:106BD000877ABCEEC77A17EE103ADA07B8EE477A32
:106BE00004D5F7EE006A37EE267A013303F0070288
:106BF000DFED306A5B0746BF043A4FF0FF330123F5
:106C0000F4EEE67A012A88BF5B42F1EE10FA31DC3D
:106C1000DFED296A9FED296AE7EE667A013A012ADB
:106C2000DFED276AE7EE467AE7EE667A27EEA77A87
:106C300029D9DFED247A9FED246ADFED246AA7EEDF
:106C4000276AF6EE007AE7EE066A67EEC77A67EE25
:106C5000266AF7EE005AE7EE267A77EEA57A17EE67
:106C6000900A013305D180F0004070471848704702
:106C700000207047DFED176AE7EE667A013A012AD5
:106C800027EEA77AD5D8DFED145A9FED146ADFED11
:106C9000146AA7EE256AE7EE066A27EE267AE7EE83
:106CA000877A17EE900ADCE7FFFF7F7FFFFF7F4BBD
:106CB00083F9A23F000000460000493F00A07D3953
:106CC00069212233CEF5CC371A06B6BAA5AA2A3DD9
:106CD0000000C07FDB0F493FF9A14CB99E83083CFF
:106CE000A3AA2ABE07EE900A9FED357AF0EEE76A76
:106CF000F4EE476AF1EE10FA57D8F5EEC07AF1EEED
:106D000010FA9FED307A48BFF1EE677AF4EEC77A59
:106D10004CBF4FF0FF300120F1EE10FA4ADC9FED3E
:106D20002A7A27EE877ABCEEC77A17EE102AD107A7
:106D3000F8EE476A04D5B7EE007A76EE876A01323C
:106D40009FED226A9FED225ADFED225AB0EE677A5C
:106D5000A6EEC67A9FED206AA6EEC57AF4EEC67A54
:106D6000F1EE10FAA6EEE57A12DD1C4BDFED1C7A8F
:106D700027EE076A03F11401F3EC016AE6EE276AD5
:106D80009942F0EE667AF7D166EE267AA7EE277A78
:106D9000930744BFFFEE007A87EE877A013006D171
:106DA000B1EE477A17EE100A70479FED0E7A17EE94
:106DB000100A70479FED0C7A17EE100A704700BF5B
:106DC000FFFF7F7F0000004683F9A23F0000493F9C
:106DD00000A07D396921223317B7D13870B904007A
:106DE0003BC5193C0000C07F0000000007EE900A80
:106DF000F4EE677AF1EE10FA60D6F5EE407AF1EE35
:106E000010FA51D010B5F5EEC07AF1EE10FA2DED72
:106E1000028B0AD4B7EE007AF4EEC77AF1EE10FADC
:106E200043DD3448BDEC028B10BDBFEE007AF4EEBA
:106E3000C77AF1EE10FAF4D49FED2F7AF4EEC77A08
:106E4000F1EE10FA3CDCF1EE677A4FF0FF34B6EE6B
:106E5000007AF4EEC77AF1EE10FA34DC27EEA78A56
:106E60000021264B9FED267A03F11002F3EC016A14
:106E7000E8EE076A9A42B0EE667AF7D128EE267AF3
:106E8000E7EE277A17EE900A49B106EE900ADFED99
:106E90001D7AB0EE007AE6EEC77A17EE900A01345A
:106EA000C0D180F00040BDE770479FED177AF4EE47
:106EB000C77AF1EE10FA03D40124C8E70D487047F1
:106EC00017EE900AAEE7B7EE008A78EE677A27EE03
:106ED000878AB5EE408AF1EE10FA03D4F1EEC87A53
:106EE0000121BEE718EE100A22F01CF9012107EE7D
:106EF000900AB6E70000C07F17B7D1B888B9040080
:106F000052B32C3DDB0FC93F17B7D13807EE900ABB
:106F1000F4EE677AF1EE10FA0DD6BFEE007AF4EED9
:106F2000C77AF1EE10FA06D4B7EE007AF4EEC77A1B
:106F3000F1EE10FA01DD2E487047FEEE006AF4EE25
:106F4000E67AF1EE10FA08B51CD4F6EE006AF4EE1B
:106F5000E67AF1EE10FA31DD77EE677A67EEA67A1F
:106F6000F5EE407AF1EE10FA33D4B1EEE77A17EE8F
:106F7000100AFFF73BFF07EE900A77EEA77A17EEAD
:106F8000900A08BD77EE877AB6EE007A67EE877AC8
:106F9000F5EE407AF1EE10FA22D4B1EEE77A17EE70
:106FA000100AFFF723FFDFED137A06EE900AB0EE2A
:106FB000007AE6EEC77A17EE900A08BDFFF716FFD3
:106FC000DFED0D7A07EE100A77EEC77A17EE900A1A
:106FD00008BD17EE900A22F0A5F807EE100AC6E7E2
:106FE00017EE900A22F09EF807EE100AD7E700BFCE
:106FF0000000C07FDB0F4940DB0FC93F07EE900A5E
:10700000F4EE677AF1EE10FA4BD6F5EEC07AF1EEB7
:1070100010FA9FED267A48BFF1EE677AF4EEC77A50
:107020004CBF4FF0FF330123F1EE10FA2DDC9FED42
:10703000207AF4EEC77AF1EE10FA2FDDB7EE007A7F
:1070400037EEC76A37EE877ADFED1A6AC6EE077A3F
:10705000013327EEA77A9FED186A9FED185ADFEDEE
:10706000185AA7EE065A9FED176AE7EE055AA7EEE3
:10707000256A27EE067AE7EE877A76EEA77A01D1BF
:10708000F1EE677A17EE900A7047F7EE006A86EE27
:10709000A77ADFED0D6AF1EE477AD9E7DFED0B6AEB
:1070A000D6E7DFED0B7A17EE900A70477A821A4026
:1070B000CD13D43EDB0F493FD1F0A43D851B0EBE5E
:1070C0005F924C3E2AAAAABEDB0FC93F0000000017
:1070D0000000C07F07EE900A07EE101AB4EE677A40
:1070E000F1EE10FA42D6B5EEC07AF1EE10FAF5EEF6
:1070F000C07A0ED4F1EE10FAB5EE407A31D4F1EE4A
:1071000010FA10D0F5EE407AF1EE10FA30D10020EE
:107110007047F1EE10FA14D4F5EE407AF1EE10FA61
:1071200029D1164870479FED167ADFED166AF4EE06
:10713000477AF1EE10FA14BF16EE900A17EE100A15
:107140007047DFED114AC7EE877A08B517EE900A4F
:10715000FFF754FF07EE900A74EEA77A17EE900A35
:1071600008BDF1EE10FA03D108487047084870478F
:10717000DFED034AE7E7DFED074AE4E7DB0F4940CD
:1071800000000000DB0FC93FDB0F49C0DB0FC9BFA8
:107190000000C07FDB0F494008B52DED028B08EEE3
:1071A000100AB4EE488AF1EE10FA69D6DFED367AAD
:1071B000B4EEE78AF1EE10FA47DCDFED347AB4EE94
:1071C000E78AF1EE10FA57D49FED317AF6EE007AA5
:1071D000E8EE077A17EE900A21F0ACFEDFED2D7A8B
:1071E000DFED2D6A2D4B07EE100AA7EE678A03F13B
:1071F0001401FDEEC77AA7EE268A17EE902A68EEF4
:10720000086ADFED277AB3EC017AA8EE277A994273
:10721000F0EE477AF7D1A6EE878A002AF7EE007AD9
:1072200038EE277A17EE100A14DB10D00023013352
:107230009A4277EEA77AFADC07EE100A67EE277A11
:1072400017EE900ABDEC028B08BD4FF0FF40BDEC7D
:10725000028B08BD5242002AF9DD0023B6EE007A07
:107260000133934267EE877AFAD107EE100A67EE90
:10727000277A17EE900AE5E7BDEC028B002008BDE7
:10728000BDEC028B074808BD1872B142D08ECEC249
:107290003BAAB83F0080313F83805E3934B9040097
:1072A000676950390000C07F00EE100AB4EE400A52
:1072B000F1EE10FA1AD6B5EEC00AF1EE10FA15D4B6
:1072C000B5EE400AF1EE10FA01D10B487047DFED40
:1072D0000B7AB0EEC07AB4EE677AF1EE10FA07DC02
:1072E00008B5FFF743FB10EE100A08BD04487047CD
:1072F0004FF0FF40704700BF000080FFFFFF7F7F1F
:107300000000C07F08B52DED048B08EE101AB5EE15
:10731000408AF1EE10FA39D008EE900AB4EE688A8D
:10732000F1EE10FA2ED6DFED867AF0EEC89AF4EE82
:10733000679AF1EE10FAB0EEE89A15DDF7EE007AF2
:10734000B4EE679AF1EE10FA1CD0B5EEC08AF1EEF9
:1073500010FAB4EEE79A47DDF1EE10FA47DDBDEC26
:10736000048B4FF0FF4008BDB4EE679AF1EE10FABF
:1073700011DDF5EEC08AF1EE10FA40F3B680B5EEFD
:10738000C08AE9E76F48BDEC048B08BDBDEC048BF7
:107390004FF07E5008BDF5EE408AF1EE10FA2AD18A
:1073A000B5EEC08AF1EE10FA00F0004346DDF3B10D
:1073B000084621F041FE07EE900AB4EE678AF1EE2E
:1073C00010FA14D119EE900A4FF0804121F052FECC
:1073D00007EE100AF7EE007AB4EE677AF1EE10FAD3
:1073E00005D14FF00040CEE7F1EE10FAB7DDBDEC6D
:1073F000048B002008BD084621F01EFEF5EEC08A71
:1074000007EE900AF1EE10FAF4EE487A34D4F1EE79
:1074100010FA34D0B4EE499AF1EE10FA80F185807A
:10742000B0EE490AFFF7A2FA68EE007ABDEC048BD1
:1074300017EE900ABDE80840FFF7AEBE002B8ED0D5
:10744000084621F0F9FD07EE900AB4EE678AF1EEE6
:1074500010FA84D119EE900A4FF0804121F00AFE13
:1074600007EE100AF7EE007AB4EE677AF1EE10FA42
:107470007FF475AF344886E7F1EE10FA82D1DFED84
:10748000337AF4EEE79AF1EE10FAC3D8FCEEE97A1B
:1074900017EE903A002B50D017EE902A4FF07E5006
:1074A000D10705D507EE900A67EE897A17EE900AA4
:1074B000520829EE099AF3D1B5EEC08AF1EE10FA1E
:1074C00007D507EE100AF7EE007AC7EE877A17EEB7
:1074D000900AF5EEC08AF1EE10FA7FF554AFDB07A3
:1074E0007FF551AF80F000404DE7084621F0A4FD44
:1074F00007EE900AB4EE678AF1EE10FA7FF43FAF20
:1075000019EE900A4FF0804121F0B4FDB5EEC08A2B
:1075100007EE900AF1EE10FAB7EE007AF4EE477A31
:1075200006DDF1EE10FAA5D019E79FED090A7BE719
:10753000F1EE10FA3FF455AF59E74FF07E50BBE73C
:10754000FFFF7F7F0000C07F000080FF0000004F32
:107550000000C07F2DE9F04F1C46C24B85B09A4217
:10756000DDF83C90174606460D4600F240818B68D8
:107570000968686803F1030C8C442CF0030CACEB35
:10758000010802EB420240454FEA8202C0F001814D
:1075900001EB000EAEEB0C0C624500F2FA8002EB40
:1075A000080311EB0808AB6002D0002F40F03C81CB
:1075B000AC4A944200F2F38003F1030C8C442CF0AB
:1075C000030CACEB010E04EB440286454FEA820B40
:1075D00000F2E58001EB000AAAEB0C0CE34500F297
:1075E000DE800EEB0B0311EB0E02AB60019200F09C
:1075F000D880002C40F02081834200F23981C21AE9
:10760000944200F2D18004EB030CCA18C5F808C0FC
:10761000029200F03281002C40F0D680A34603F1A4
:10762000030C8C442CF0030CACEB010A0BEB4B026B
:1076300082454FEA820200F2D78001EB000EAEEBEA
:107640000C0C624500F2D0800AEB020311EB0A0A2F
:10765000AB6003D0BBF1000F40F0FA809842C0F05D
:10766000FF80C01A844200F2FB80E218CB18AA60A7
:1076700002D0002C40F0C1807A4A914500F2A280ED
:10768000AA682868D5F804E002F1030C84442CF0C1
:10769000030CACEB000109EB490271454FEA820291
:1076A00000F290808644AEEB0C0C624500F28A80BA
:1076B00001EB020CC5F808C0451800F08380B9F151
:1076C000000F40F0A1801FB1B8F1000F00F0A380BF
:1076D0008CB1019A002A00F0C780029A002A00F0BB
:1076E000C580002B00F0C780BBF1000F03D0BAF1BA
:1076F000000F00F09580B9F1000F02D0002D00F0CE
:10770000918077B107EB470008EB800042460021EB
:107710004FF0010CC2E90011916002F80CCB9042CD
:10772000F8D1BBF1000F0ED00BEB4B000AEB800041
:10773000524600214FF0010CC2E90011916002F89D
:107740000CCB9042F8D1B9F1000F0ED009EB4900F3
:1077500005EB80002A4600214FF0010CC2E9001120
:10776000916002F80CCB9042F8D1019A7262C6E99E
:107770000587029AF262C6E90DABC6E91034C6E984
:1077800007590E9AF263B4623463012005B0BDE874
:10779000F08F344A94424FF000087FF60DAF00227C
:1077A000019283427FF62BAF0E9ADFF8B8C002FB3E
:1077B00004FBE34531D92B4A0023914502939A46B5
:1077C0007FF65EAF00257EE700210298224623F077
:1077D000D8FCD5E9010329680E9ADFF888C002FBBE
:1077E00004FBE3457FF61BAF4FF0000A36E7D5E90F
:1077F000010309684FF00008DAE618462246002126
:1078000023F0BFFC034637E700212846039323F00B
:10781000B8FC039B57E74046B8E700220292FEE619
:107820005046B3E72846B1E70021404623F0A9FCC3
:10783000D5E901032968BBE6002101985A4623F0E7
:10784000A0FCD5E90103834229687FF6D8AEABE7F7
:107850000021504623F095FCD5E901032968FDE697
:10786000002309E75555551501988FE702988DE7D4
:10787000A3460294D3E6184688E76346ACE700BF08
:107880009C4670B5C0E90012044600F1080EBCE841
:107890000F00AEE80F00BCE80F00AEE80F00BCE838
:1078A0000F00AEE80F00DFED0A7ADCF80030CEF80A
:1078B000003000254FF0FF36C4E90F55A4F84450BE
:1078C0002046C4ED127AC4E91355666570BD00BF49
:1078D000000000002DE9F04F05460068D5F808804B
:1078E000D0F8987001EB410107EBC10785B07969C9
:1078F000002900F0828000244FF001094FF0FF3A88
:1079000035E090F8683073B3B268036F9A422AD2B8
:107910007368D8F844108B4252D2C16E01EB021B3F
:10792000DBF80410481C10D0D8F8400010F803C051
:10793000BCF1000F09D100F80390686803F04AFD1C
:10794000C3B20290002B00F08C80DBF808104B1CB7
:1079500008D0D6E90132686803F03CFDC3B202905A
:10796000002B7ED079690134A14246D928683B6951
:10797000D0F8A820234403EB430302EB830612F85C
:107980002330002BBDD12869D6F808E0D5F80CC00B
:107990000028E8D000EB8000624603E0984202F144
:1079A0001402E0D05CF823B0DE4503F10503F5D105
:1079B0009368002BD7D07168D8F82800814211D382
:1079C000002203238DF80420ADF80630BDF8042012
:1079D000BDF80630002062F30F0063F31F4005B0CE
:1079E000BDE8F08FC8F80C10D06841469847796917
:1079F000C8F80CA00134A142B8D8FB6800242C645C
:107A000073B925E0D5E90F23F96802EBC30C581CC4
:107A10002864A14242F83360039BCCF8043017D9A4
:107A20002A68BB68D2F8A0206968234402A852F8EB
:107A30002360324603F0B8FB9DF808300134002B78
:107A4000E0D1BDF80A208DF80430ADF80620BDE77E
:107A50000123032285F844308DF80430ADF8062068
:107A6000B4E70190B2E700BF0168C36C2DE9F041B3
:107A7000D1F89860D0F8088003EB430306EBC30607
:107A80000546706982B0002408B928E02968336986
:107A9000D1F8A820234403EB430302EB830C12F834
:107AA0002330012B18D191F86830ABB1DCF80870A5
:107AB0000B6F9F423A460FD2CB6E03EB071EDEF8E8
:107AC0000C104B1C08D0DCF80430686803F082FC12
:107AD000C3B2009063B370690134A042D6D82B6C56
:107AE000002453B1EB6B686803EBC403013459689D
:107AF00003F0D4FD2B6CA342F4D8686803F0B6FD04
:107B0000012300214FF0FF328DF804300323296454
:107B1000ADF80630C8F80C20BDF80420BDF80630DA
:107B2000002062F30F0063F31F4002B0BDE8F08154
:107B30000190F1E738B50368D3F89C308B4217D930
:107B4000C36C99420446036C13D001655BB10025F8
:107B5000E36B606803EBC5030135596803F09EFDD4
:107B6000236CAB42F4D86068BDE8384003F07EBDBA
:107B700038BD002BF7D00025E36B606803EBC5032D
:107B80000135596803F08AFD236CAB42F4D8606874
:107B9000BDE8384003F06ABD38B5036C05465BB1FB
:107BA0000024EB6B686803EBC4030134596803F0ED
:107BB00075FD2B6CA342F4D86868BDE8384003F02B
:107BC00055BD00BF2DE9F84F0768D7F89C80B8F184
:107BD000000F20D0D7F81090D7F8984082468B46F7
:107BE0001646002563684B4504F1180410D2F86866
:107BF00000EBC30C3246DCF804C0B445594607D14B
:107C000050F83330786818443EB123F082FA20B13E
:107C100001354545E6D1BDE8F88FDAF84C309D4294
:107C2000DAF8403017D0CAF8505073B10024DAF8AF
:107C30003C30DAF8040003EBC4030134596803F064
:107C40002DFDDAF84030A342F1D8DAF80400BDE89F
:107C5000F84F03F00BBD002BF7D00024DAF83C30CE
:107C6000DAF8040003EBC4030134596803F016FD8D
:107C7000DAF84030A342F1D8E7E700BF0A68CB6CDE
:107C8000D2F8982003EB430302EBC30204215268AD
:107C900001704260704700BF0A684B6D10B4D2F8A3
:107CA0009C40D2F89820A34228BFCB6C5DF8044BCF
:107CB00003EB430302EBC30304225B6843600270DF
:107CC000704700BF036870B5D3E9244504EB051580
:107CD000A54282B00DD00646A1684B1C04F11004E9
:107CE00005D0706803F0DAFBC3B2009093B1AC42E8
:107CF000F2D1012203238DF80420ADF80630BDF83F
:107D00000420BDF80630002062F30F0063F31F402B
:107D100002B070BD0190F2E7F0B50446806885B00E
:107D2000002848D02568D5E92A2606EB460602EB4E
:107D30008606B2424FF0000308D0516801318B42F1
:107D400002F10C0238BF0B46B242F6D1D5E914124B
:107D500001EB021C614500F09B801031002600E021
:107D6000394611F8102C7432D2B2012A01F11007F1
:107D700005D851F80C2C0132964238BF16468C4576
:107D8000EED1D5E9241701EB071E8E456A6E4FF040
:107D9000000709D04D6805F1010C674501F110019C
:107DA00038BF67467145F5D16168496CCDE9006718
:107DB000FFF7D0FB80B9002203238DF80C20ADF82B
:107DC0000E30BDF80C20BDF80E30002062F30F001D
:107DD00063F31F4005B0F0BD236893F880203AB1EB
:107DE000843393E80300A26802F1540383E803009C
:107DF0004FF0FF3300226365A2642046FFF762FF65
:107E0000C3B2029053B12368D3F89C1041B9012248
:107E100003238DF80C20ADF80E30D2E70390D0E7A5
:107E2000D3F8983001EB410103EBC101994226D010
:107E30000022D8681833824238BF02468B42F8D1FC
:107E4000EAB1B2F1005F25D263685D6CAB68286867
:107E500069680333034423F003031E1A8E424FEA7A
:107E6000C20217D80144CB1A9A4213D8B318861904
:107E7000AB600FD00021304623F083F9E663002188
:107E80002046C4E9131105B0BDE8F040FFF722BD5C
:107E9000002676E700230522E3638DF80C30ADF869
:107EA0000E208EE7036870B5D3E9244504EB051571
:107EB000A54282B00DD00646E1684B1C04F11004C7
:107EC00005D0706803F0EAFAC3B2009093B1AC42F7
:107ED000F2D1012203238DF80420ADF80630BDF85D
:107EE0000420BDF80630002062F30F0063F31F404A
:107EF00002B070BD0190F2E72DE9F0412DED028B4B
:107F000090F8453084B09BB1002203238DF8042003
:107F1000ADF80630BDF80420BDF80630002062F34D
:107F20000F0063F31F4004B0BDEC028BBDE8F0818D
:107F300090F84430044633B9012203238DF804201D
:107F4000ADF80630E6E7D0E9132308EE101A9A429E
:107F50004FF0010180F845105FD1D4ED127AA3688B
:107F6000216C9A6883ED008AF5EE407AF1EE10FA02
:107F700014BF78EE677ADFED387A0132C3ED017A0B
:107F80009A6049B3002502E0236CAB4224D9E66B2A
:107F9000606806EBC5074FEAC5087968013503F04C
:107FA00097FD18B10379023B022BEDD856F8081063
:107FB000606802F0E3FF0028E6D156F80820616807
:107FC00002A803F0F1F89DF80830002B3BD0039B8A
:107FD0007B60236CAB42DAD8606803F029FD6068EF
:107FE00003F07AFB2046FFF75DFF10F0FF030290DD
:107FF00019D0606803F04CFDA06910B1616804F00D
:108000001FF900210122032384ED128A84F8451010
:108010008DF80420ADF806307CE7FFF725FD10F061
:10802000FF03009003D184F84530019072E7D4E952
:10803000133120466365E164FFF74CFC10F0FF0349
:1080400002908AD1EFE7BDF80A2084F845308DF818
:108050000430ADF806205DE700000000084B002268
:1080600003F5047C03E0634506D013F8082F904223
:108070001946F8D10846704700210846704700BFEE
:1080800098B9040082B08DED010A019BC3F3C7507B
:10809000FF2812D078B1B0F17F020ED4C3F31601DD
:1080A000162A41F400010BDCC2F1170021FA00F09E
:1080B000002B00DA404202B07047002002B0704747
:1080C00096381F2802DC01FA00F0F1E70020EFE704
:1080D00030B5056885B0EDB11C464368009428466C
:1080E00004F052FE80B1012203238DF80C20ADF87C
:1080F0000E30BDF80C20BDF80E30002062F30F00EA
:1081000063F31F4005B030BD05238DF80C00ADF8BA
:108110000E30EEE703238DF80C50ADF80E30E8E793
:1081200071B370B5002300F1FF3E184E012008E046
:10813000B34219D203EB83030CEB4303814222D9F0
:1081400001301EF8014FA4F1300C5FFA8CF5092DB7
:1081500014D80128ECD1012909D0302C0ED0B3421B
:10816000E8D34FF0FF33EBE74FF0FF33E6E7B342DE
:10817000E0D34FF0FF311160012070BD002070BDD1
:108180001160012070471946F5E700BF99999919C8
:1081900010B50024146019601468A1421ED904F1BE
:1081A000FF3C84441CF8011F202904F10104A1F1C3
:1081B000090E19D0BEF1040F16D9196814688C4243
:1081C00038BF44180AD214F8010D202801F1FF31FC
:1081D000A0F1090C03D0BCF1040F00D910BD196047
:1081E00010688842EFD310BD14601968A142D9D835
:1081F00010BD00BF2DE9F04F044691B004A880E8FF
:10820000060020680393002860D0DDF81480DDF8B4
:1082100010900027CDE90677B8F1000F11D10022A8
:1082200004238DF83020ADF83230BDF83020BDF891
:108230003230002062F30F0063F31F4011B0BDE83D
:10824000F08F99F90030042BE9D107AB06AA494613
:1082500003F020FE0028E2D0B8F1010FDDF81CA0E9
:1082600008BF0DF1340B1AD009F10C0501260DF1F0
:10827000340B95F90030012B294606F101065B46C7
:1082800005F10C0509D020680B970BAA0D9703F098
:1082900001FE002859D00D9B9A44B045E9D108ABA6
:1082A000009300260D960125CBE90166D4E9000272
:1082B00051465B4608968DF8345004F0BBFC58B923
:1082C00005238DF83000ADF83230AEE703238DF88A
:1082D0003000ADF83230A8E70AAB09AA4946206859
:1082E000CDE9096603F0D6FDDDE90912089822F010
:1082F00020FFB8F1010F0A9F1BD009F10C0999F971
:108300000030012B05F101050FD00CAB49460BAA3B
:108310002068CDE90B6603F0BDFD0898DDE90B127E
:10832000384422F006FF0C9B1F44A84509F10C09B4
:10833000E5D19BE807000123039C8DF8303003232F
:1083400084E80700ADF832306FE704238DF8300081
:10835000ADF8323069E700BF2DE9F04F2DED028B0B
:10836000A1B006AF1C46002387E80600CDE908331C
:10837000CDE90A330E461546642866D8DFE810F0CA
:1083800095047904660434040204D0039803550369
:108390001E030203CC02960260023F020702CF01D5
:1083A0001109F208BF088C0855082208EF07BC071E
:1083B000EA00D600FF00CB006607CB00B4009F00A8
:1083C0008C007900B4009F008C007900B4009F00FD
:1083D0008C00790040079007730722071207EF0609
:1083E0006500650065006500650065006500650065
:1083F0006500650065006500D606A4019201BD0117
:1084000044016C0156017E0130018D066F065A064B
:108410004506C106AC06F705BF05870569054B058E
:108420000205EF04D304C004B004240BD50A4D0A9E
:10843000F309B4095209420932099A0B840BCC0A98
:10844000A80A730B33061B060C06002204238DF8C2
:108450005420ADF85630BDF85420BDF856300020F9
:1084600062F30F0063F31F4021B0BDEC028BBDE847
:10847000F08F012A41F26F8391F90C30013B18BF54
:1084800001232C9C022001210322207023718DF8EE
:108490005410ADF85620DEE7002A01F03E8391F932
:1084A0000030013B18BF01232C9C02200121032234
:1084B000207023718DF85410ADF85620CBE7012AB7
:1084C00041F24C8391F90C30A3F10103B3FA83F329
:1084D0005B092C9C022001210322207023718DF85E
:1084E0005410ADF85620B6E7002A01F0218391F927
:1084F0000080A8F10108B8FA88F84FEA58182C98BB
:10850000022101220323017080F804808DF8542099
:10851000ADF856309FE72C98012302210322017009
:1085200003718DF85430ADF8562094E7206828B1D7
:1085300022B191F90030042B01F01C852C9C022003
:10854000002101220323207021718DF85420ADF801
:10855000563080E7206828B122B191F90030042B11
:1085600001F0A2842C98002301220321C0E90033EA
:10857000836002708DF85420ADF856106BE72068C8
:108580000028DBD0002AD9D091F90030042BD5D1B6
:1085900009AB08AA03F07EFC0028CFD02068002891
:1085A000CCD0012DCAD096F90C30042BC6D10BAB20
:1085B0000AAA06F10C0103F06DFC0028BED0099A4E
:1085C0000B9B9A4201F0E88701202C9C022101229A
:1085D0000323217020718DF85420ADF856303AE70E
:1085E000002A00F0858391F90040032C40F080833D
:1085F0004868FEF7FBFB2C9AADF856400123147037
:1086000050608DF8543026E72068002801F002837E
:1086100022B191F90030072B01F03C8704234FF081
:1086200000088DF85480ADF8563014E7002A00F0A9
:108630005F8391F90030032B40F05A83D1ED017A2A
:108640002C99ADF856300122F0EEE77A0B70C1EDAF
:10865000017A8DF85420FEE62068002801F0E582BA
:1086600022B191F90030072B01F03A8604234FF034
:1086700000088DF85480ADF85630ECE6002A00F082
:10868000378391F90040032C40F032834868FEF7AD
:108690003DFC2C9AADF856400123147050608DF8C3
:1086A0005430D8E62768002F01F0BB8222B191F93F
:1086B0000030072B01F0228604234FF000088DF8CC
:1086C0005480ADF85630C6E62368002B01F0A68230
:1086D0000027CDE90D77002A41F0D7822C9900229E
:1086E0000123C1E900228A600B7003228DF86030FB
:1086F000ADF86220189B1593ADE62768002F01F0B6
:10870000858222B191F90030072B01F08386042382
:108710004FF000088DF85480ADF856309BE6002AE3
:108720003FF420AF91F90030032B7FF41BAF91EDA4
:10873000010AB4EE400AF1EE10FABFF513AF012AB8
:108740003FF410AF91F90C70032F7FF40BAFD1ED14
:10875000047AF4EE677AF1EE10FABFF503AFFFF793
:1087600091FCB0EE670A0446FFF78CFC00F01F0096
:10877000044107EE904A2C9AADF85670F8EEE77A6D
:1087800001231770C2ED017A8DF8543063E6002A98
:108790003FF4E8AE91F90030032B7FF4E3AE91EDA6
:1087A000010AB4EE400AF1EE10FABFF5DBAE012A81
:1087B0003FF4D8AE91F90C70032F7FF4D3AED1ED16
:1087C000047AF4EE677AF1EE10FABFF5CBAEFFF75C
:1087D00059FCB0EE670A0446FFF754FC00F01F0096
:1087E000844007EE904A2C9AADF85670F8EEE77A7E
:1087F00001231770C2ED017A8DF854302BE6002A60
:108800003FF4B0AE91F90040032C7FF4ABAE91ED94
:10881000010AB4EE400AF1EE10FABFF5A3AEFFF77D
:1088200031FCC04307EE900A2C9AADF85640F8EEA2
:10883000E77A01231470C2ED017A8DF854300AE60C
:10884000002A3FF48FAE91F90030032B7FF48AAEFB
:1088500091ED010AB4EE400AF1EE10FABFF582AED6
:10886000012A3FF47FAE91F90C40032C7FF47AAEDD
:10887000D1ED047AF4EE677AF1EE10FABFF572AE3C
:10888000FFF700FCB0EE670A0646FFF7FBFB7040FF
:1088900007EE900A2C9AADF85640F8EEE77A0123DD
:1088A0001470C2ED017A8DF85430D4E5002A3FF4FB
:1088B00059AE91F90030032B7FF454AE91ED010ACB
:1088C000B4EE400AF1EE10FABFF54CAE012A3FF4C7
:1088D00049AE91F90C40032C7FF444AED1ED047AFB
:1088E000F4EE677AF1EE10FABFF53CAEFFF7CAFB83
:1088F000B0EE670A0646FFF7C5FB304307EE900A65
:108900002C9AADF85640F8EEE77A01231470C2EDC8
:10891000017A8DF854309EE5002A3FF423AE91F998
:108920000030032B7FF41EAE91ED010AB4EE400A35
:10893000F1EE10FABFF516AE012A3FF413AE91F92D
:108940000C40032C7FF40EAED1ED047AF4EE677A7E
:10895000F1EE10FABFF506AEFFF794FBB0EE670A32
:108960000646FFF78FFB304007EE900A2C9AADF8D1
:108970005640F8EEE77A01231470C2ED017A8DF8C3
:10898000543068E5002A3FF4EDAD91F90030032B37
:108990007FF4E8ADD1ED017AF4EE677AF1EE10FAEA
:1089A000BFF5E0AD2C99ADF85630F1EE677A0122B3
:1089B0000B70C1ED017A8DF854204CE5002A3FF48C
:1089C000D1AD91F90030032B7FF4CCADD1ED017A1C
:1089D000F4EE677AF1EE10FABFF5C4AD012A3FF468
:1089E000C1AD91F90C40032C7FF4BCAD91ED047A3C
:1089F000B4EE477AF1EE10FABFF5B4AD17EE900A77
:108A000017EE101AFEF77EFC07EE900AF4EE677A76
:108A1000F1EE10FABFF5A6AD2C9AADF85640012341
:108A2000147050608DF8543015E5002A3FF49AAD6B
:108A300091F90030032B7FF495AD91ED018AB4EEEE
:108A4000488AF1EE10FABFF58DAD012A3FF48AADE8
:108A500091F90C40032C7FF485ADD1ED048AF4EE3E
:108A6000688AF1EE10FABFF57DADF5EE408AF1EEC1
:108A700010FA3FF477AD18EE901A18EE100A20F0B5
:108A8000F9FA07EE900AF4EE677AF1EE10FABFF504
:108A900069AD18EE901A18EE100A20F0EBFA2C9A35
:108AA000ADF856400123147050608DF85430D2E474
:108AB000002A3FF457AD91F90030032B7FF452ADFB
:108AC000D1ED017AF4EE677AF1EE10FABFF54AAD16
:108AD000012A3FF447AD91F90C30032B7FF442ADEE
:108AE00091ED047AB4EE477AF1EE10FABFF53AADA3
:108AF000B5EE407AF1EE10FA3FF434ADC7EE876A76
:108B0000F4EE666AF1EE10FABFF52CAD2C99ADF8D3
:108B1000563001220B70C1ED016A8DF854209AE4A1
:108B2000002A3FF41FAD91F90030032B7FF41AADFA
:108B3000D1ED017AF4EE677AF1EE10FABFF512ADDD
:108B4000012A3FF40FAD91F90C30032B7FF40AADED
:108B500091ED047AB4EE477AF1EE10FABFF502AD6A
:108B600067EE877AF4EE677AF1EE10FABFF5FAACA9
:108B70002C99ADF8563001220B70C1ED017A8DF8B9
:108B8000542068E4002A3FF4EDAC91F90030032B47
:108B90007FF4E8ACD1ED017AF4EE677AF1EE10FAE9
:108BA000BFF5E0AC012A3FF4DDAC91F90C30032BAA
:108BB0007FF4D8AC91ED047AB4EE477AF1EE10FA76
:108BC000BFF5D0AC77EEC77AF4EE677AF1EE10FA23
:108BD000BFF5C8AC2C99ADF8563001220B70C1ED31
:108BE000017A8DF8542036E4002A3FF4BBAC91F9A9
:108BF0000030032B7FF4B6ACD1ED017AF4EE677A46
:108C0000F1EE10FABFF5AEAC012A3FF4ABAC91F92E
:108C10000C30032B7FF4A6AC91ED047AB4EE477AC6
:108C2000F1EE10FABFF59EAC77EE877AF4EE677A34
:108C3000F1EE10FABFF596AC2C99ADF85630012242
:108C40000B70C1ED017A8DF8542004E4002A4FD056
:108C500091F90030022B4BD10A792C9C0120424023
:108C60000321237022718DF85400ADF85610FFF7E0
:108C7000F2BB002A3CD091F90030022B38D1012AF6
:108C800036D091F90C20022A32D10B792C98097C2C
:108C90000270002B08BF0B460322012103718DF8DF
:108CA0005410ADF85620FFF7D6BB0AB391F9003047
:108CB000022B1DD1012A1BD091F90C30022B17D1A8
:108CC00009792C9C327C2370002908BF00220120E6
:108CD000032122718DF85400ADF85610FFF7BBBB8D
:108CE000206828B122B191F90030042B01F02B81CA
:108CF000002204238DF85420ADF85630FFF7ABBBAB
:108D0000002AF5D091F90040032CF1D14868FDF715
:108D1000E9FF2C9AADF856400123147050608DF88D
:108D20005430FFF798BB002AE2D091F90030032BB2
:108D3000DED1D1ED017AF5EE407AF1EE10FA01F1D3
:108D4000A987B1EEE77A2C99032301220B708DF8E5
:108D50005420ADF8563081ED017AFFF77CBB002A34
:108D6000C6D091F90040032CC2D14868FDF76EFED1
:108D70002C9AADF856400123147050608DF8543091
:108D8000FFF769BB002AB3D091F90030032BAFD1B4
:108D900091ED018AB4EE488AF1EE10FA2FD6DFED9C
:108DA000C97AB0EEC87AB4EE677AF1EE10FA26DC32
:108DB000B5EE408AF1EE10FA21D018EE100A20F03C
:108DC000B9F807EE900A78EE676AB6EE007AF4EE2C
:108DD000C76AF1EE10FAA4BFB7EE007A77EE877A91
:108DE000F5EE407AF1EE10FA41F06483B5EEC08AF8
:108DF0009FEDB58AF1EE10FA58BFB0EE678A2C9954
:108E0000032301220B7081ED018A8DF85420ADF807
:108E10005630FFF720BBA368002B00F0F0861968DE
:108E2000AA48AB4A9FEDAB7A00FB012207EE902ADD
:108E3000F8EE677A1A6067EE877A2C9B032101208F
:108E40001970C3ED017A8DF85400ADF85610FFF794
:108E500002BB002A3FF44CAF91F90030032B7FF4A2
:108E600047AF012A3FF444AF91F90C40032C7FF443
:108E70003FAF09697068FEF745FA2C9AADF8564085
:108E80000123147050608DF85430FFF7E4BA002AC3
:108E90003FF42EAF91F90030032B7FF429AF012A64
:108EA0003FF426AF91F90C30032B7FF421AFD1EDC5
:108EB000017A91ED047AF4EE477AF1EE10FA81F13D
:108EC0004386F4EEC77AF1EE10FA0CD401F305856F
:108ED000F5EE407AF1EE10FA05D1B5EE407AF1EEFA
:108EE00010FA01F0FB852C99032301220B70C1EDD0
:108EF000017A8DF85420ADF85630FFF7ACBA002A4D
:108F00003FF4F6AE91F90030032B7FF4F1AE012A65
:108F10003FF4EEAE91F90C30032B7FF4E9AED1EDC6
:108F2000017A91ED047AF4EE477AF1EE10FA81F1CC
:108F3000CE85F4EEC77AF1EE10FA0CDC01F1C684AE
:108F4000F5EE407AF1EE10FA05D1B5EE407AF1EE89
:108F500010FA01F0FD852C99032301220B70C1ED5D
:108F6000017A8DF85420ADF85630FFF774BA002A14
:108F70003FF4BEAE91F90040032C7FF4B9AE4868CF
:108F8000FEF792F92C9AADF8564001231470506008
:108F90008DF85430FFF75FBA012A04D991F90030F7
:108FA0000C2B00F0C386002204238DF85420ADF86A
:108FB0005630FFF750BA002A3FF49AAE91F90030CC
:108FC0000C2B7FF495AED1ED027A2C99F8EE677AEE
:108FD000032301220B70C1ED017A8DF85420ADF806
:108FE0005630FFF738BA2068002800F0AD8522B16E
:108FF00091F90030042B01F06380002204238DF8E6
:109000005420ADF85630FFF726BA002A3FF470AE70
:1090100091F90040032C7FF46BAE4868FDF7BCFD6E
:109020002C9AADF856400123147050608DF85430DE
:10903000FFF711BA002A3FF45BAE91F90040032C10
:109040007FF456AE48681FF0F7FE2C9AADF85640F4
:109050000123147050608DF85430FFF7FCB9002ADA
:109060003FF446AE91F90030032B7FF441AE012A64
:109070003FF43EAE91F90C40032C7FF439AE096900
:109080007068FEF727F82C9AADF85640012314704B
:1090900050608DF85430FFF7DEB9002A3FF428AE57
:1090A00091F90040032C7FF423AE4868FDF7A6FF3A
:1090B0002C9AADF856400123147050608DF854304E
:1090C000FFF7C9B9FFFF7F7F000000800D66190020
:1090D0005FF36E3C0000802F002A3FF409AE91F947
:1090E0000040032C7FF404AE48681FF023FF2C9A45
:1090F000ADF856400123147050608DF85430FFF7DE
:10910000AAB9002A3FF4F4AD91F90040032C7FF492
:10911000EFAD4868FEF740F82C9AADF856400123B1
:10912000147050608DF85430FFF795B9206800280E
:1091300000F0628522B191F90030062B01F02D81FB
:109140002C9A00230120C2E900339360107003467B
:1091500003228DF85430ADF85620FFF77CB9002A71
:109160003FF4C6AD91F90030022B7FF4C1AD0B790D
:109170002068002B00F07385002801F059802C9A9C
:109180006368C3490092042203F0FEFD00280BBF70
:1091900005230323002001208DF85400ADF856303C
:1091A000FFF759B9206828B122B191F90030042B9A
:1091B00000F00386002204238DF85420ADF85630C9
:1091C000FFF749B9002A3FF493AD91F90030022B23
:1091D0007FF48EAD0B799FEDAF7A2C99002BF7EED3
:1091E000007A4FF0030308BFF0EE477A01220B70BC
:1091F000C1ED017A8DF85420ADF85630FFF72BB948
:10920000002A00F08D8491F90070032F40F08884CB
:109210002368002B00F07F85486818A9FCF772F8D6
:1092200026686EB12C9A6368009218A902463046EF
:1092300003F0AAFD00280BBF0527032700260126FF
:109240008DF85460ADF85670FFF705B92C9C0220DC
:10925000002101220323207021718DF85420ADF8E4
:109260005630FFF7F8B8002A3FF442AD91F90030CC
:10927000032B7FF43DADD1ED017A2C9CADF8563037
:10928000F5EE407AF1EE10FA4FF0020014BF012122
:1092900000210122207021718DF85420FFF7DBB8E6
:1092A000206800283FF424AD002A3FF421AD91F955
:1092B0000030042B7FF41CAD09AB08AA02F0EAFDD4
:1092C00000283FF415ADDDE90801FCF7D1FD07EEFC
:1092D000900AF4EE677AF1EE10FA2C9968BFDFED90
:1092E0006D7A032301220B70C1ED017A8DF85420B1
:1092F000ADF85630FFF7AFB8002A3FF41FA991F937
:109300000030032B7FF41AA9D1ED017AF4EE677ACD
:10931000F1EE10FABFF512A9012A3FF40FA991F955
:109320000C30032B7FF40AA991ED047AB4EE477A4E
:10933000F1EE10FABFF502A9F4EEC77A2C9CADF855
:109340005630F1EE10FA4FF00200ACBF01210021BF
:109350000122207021718DF85420FFF77CB8002A7B
:109360003FF4ECA891F90030032B7FF4E7A8D1ED8E
:10937000017AF4EE677AF1EE10FABFF5DFA8012A60
:109380003FF4DCA891F90C30032B7FF4D7A891EDC2
:10939000047AB4EE477AF1EE10FABFF5CFA8F4EEF6
:1093A000C77A2C9CADF85630F1EE10FA4FF002005F
:1093B000CCBF012100210122207021718DF85420A1
:1093C000FFF749B8002A3FF4B9A891F90030032B00
:1093D0007FF4B4A8D1ED017AF4EE677AF1EE10FAD9
:1093E000BFF5ACA8012A3FF4A9A891F90C30032BD2
:1093F0007FF4A4A891ED047AB4EE477AF1EE10FA66
:10940000BFF59CA8F4EEC77A2C9CADF85630F1EE6F
:1094100010FA4FF0020094BF0121002101222070B8
:1094200021718DF85420FFF716B8002A3FF486A862
:1094300091F90030032B7FF481A8D1ED017AF4EE8D
:10944000677AF1EE10FABFF579A8012A3FF476A801
:1094500091F90C30032B7FF471A891ED047AB4EEEE
:10946000477AF1EE10FABFF569A8F4EEC77A2C9CA2
:10947000ADF85630F1EE10FA4FF002004CBF01216A
:1094800000210122207021718DF85420FEF7E3BFE6
:10949000B0BB040000000000002A3FF44FA891F97F
:1094A0000030032B7FF44AA8D1ED017AF4EE677AFD
:1094B000F1EE10FABFF542A8012A3FF43FA891F956
:1094C0000C30032B7FF43AA891ED047AB4EE477A7E
:1094D000F1EE10FABFF532A8F4EE477A2C9CADF805
:1094E0005630F1EE10FA4FF0020014BF01210021B6
:1094F0000122207021718DF85420FEF7ACBF002AA4
:109500003FF41CA891F90030032B7FF417A8D1ED8C
:10951000017AF4EE677AF1EE10FABFF50FA8012A8E
:109520003FF40CA891F90C30032B7FF407A891EDC0
:10953000047AB4EE477AF1EE10FABEF5FFAFF4EE1E
:10954000477A2C9CADF85630F1EE10FA4FF002003D
:109550000CBF012100210122207021718DF85420BF
:10956000FEF779BF002A3FF4C3AB91F90030022B1C
:109570007FF4BEAB012A3FF4BBAB91F90C30022B58
:109580007FF4B6AB0A792C98097C037082EA010358
:109590000121032203718DF85410ADF85620FEF717
:1095A0005ABF002A3FF4A4AB91F90030022B7FF49C
:1095B0009FAB012A3FF49CAB91F90C30022B7FF456
:1095C00097AB0A792C98097C0370531AB3FA83F38A
:1095D0005B090121032203718DF85410ADF8562068
:1095E000FEF739BF206828B122B191F90030042B71
:1095F00000F00684002204238DF85420ADF8563084
:10960000FEF729BF206828B122B191F90030042B60
:1096100000F02084002204238DF85420ADF8563049
:10962000FEF719BF206800283FF462AB002A3FF420
:109630005FAB91F90030042B7FF45AAB09AB08AA59
:1096400002F028FC00283FF453AB012D3FF450AB4F
:1096500096F90C30032B7FF44BABD6ED047AF4EE85
:10966000677AF1EE10FA80F1558717EE900A1FF035
:10967000E3FC07EE900AF5EEC07AF1EE10FADDF8A1
:10968000249000F1778707EE109AB8EE477AB4EE8F
:10969000E77AF1EE10FA00F1BD85FCEEE77A022DD3
:1096A00017EE907A04D096F91830032B00F03E871D
:1096B000B94580F0B3852068002800F0B4852C9B64
:1096C000089900936368A7EB0902494403F05CFB27
:1096D00000280BBF05230323002001208DF8540030
:1096E000ADF85630FEF7B7BE206800283FF400AB57
:1096F000002A3FF4FDAA91F90030042B7FF4F8AA68
:1097000009AB08AA02F0C6FB00283FF4F1AA012D1C
:1097100000F06A8496F90C30032B00F05685002780
:10972000022D04D096F91830032B00F02985099AF0
:109730002068BA4240F27D82002800F07E852C9B92
:10974000089900936368D21B394403F01DFB00287D
:109750000BBF05230323002001208DF85400ADF832
:109760005630FEF778BE206800283FF4C1AA002AD0
:109770003FF4BEAA91F90030042B7FF4B9AA09ABDB
:1097800008AA02F087FB00283FF4B2AA206800284C
:109790003FF4AEAA012D3FF4ABAA96F90C30042B8E
:1097A0007FF4A6AA0BAB0AAA06F10C0102F072FB29
:1097B00000283FF49DAA022D099C04D096F9183088
:1097C000032B00F0878123460B9E002E00F0D686E7
:1097D000A64200F2D186A41B9C42089D0A9F28BF86
:1097E0001C4605E0281921F094FC631E20B11C469C
:1097F000631C32463946F5D10294DDED027A2C998C
:10980000F8EEE77A032301220B70C1ED017A8DF89F
:109810005420ADF85630FEF71EBE206800283FF4F5
:1098200067AA002A3FF464AA91F90030042B7FF460
:109830005FAA09AB08AA02F02DFB00283FF458AA42
:10984000206800283FF454AA012D3FF451AA96F94C
:109850000C30042B7FF44CAA0BAB0AAA06F10C01C6
:1098600002F018FB00283FF443AA022D04D096F919
:109870001830032B00F0FA8600240B9EC6B1099F16
:10988000B742C0F0DB8633199F42C0F0D786DDF8BF
:1098900020900A9D04E0013433199F42C0F0CE8627
:1098A000324609EB0400294621F033FC0028F2D1AE
:1098B00007EE904A2C99F8EEE77A032301220B7009
:1098C000C1ED017A8DF85420ADF85630FEF7C3BDD6
:1098D0002068002800F0898122B191F90030062B20
:1098E00000F03F81002118AF12AB1891626812910D
:1098F000C7E90111009301238DF860303B4603F066
:109900005FFA002840F06481002205238DF854207E
:10991000ADF85630FEF79FBD97E806002C9B204619
:10992000FEF768FC1590FEF796BD206800283FF40E
:10993000DFA9002A3FF4DCA991F90030042B7FF461
:10994000D7A909AB08AA02F0A5FA00283FF4D0A9CC
:10995000012D3FF4CDA996F90C30032B7FF4C8A953
:10996000D6ED047AF4EE677AF1EE10FA81F15E80BA
:1099700017EE900A1FF060FB07EE900AF5EEC07A32
:10998000F1EE10FAC0F224839DED097AB8EE477A21
:10999000B4EEE77AF1EE10FA40F31A83FCEEE77AC0
:1099A000089A17EE901A525C2C9907EE902AF8EE5E
:1099B000677A032301220B70C1ED017A8DF85420E0
:1099C000ADF85630FEF747BD206800283FF490A957
:1099D000002A3FF48DA991F90030042B7FF488A967
:1099E00009AB08AA02F056FA00283FF481A9012D1C
:1099F0003FF47EA996F90C30032B7FF479A9D6EDBC
:109A0000047AF4EE677AF1EE10FA81F1138017EE22
:109A1000900A1FF011FB07EE900AF5EEC07AF1EE06
:109A200010FA09DB9DED097AB8EE477AB4EEE77AD1
:109A3000F1EE10FA00F3BC852068002800F04A849B
:109A40002C9A6368B7490092002203F09DF9002820
:109A50000BBF05230323002001208DF85400ADF82F
:109A60005630FEF7F8BC2068002864D022B191F986
:109A70000030042B00F04683002204238DF854208C
:109A8000ADF85630FEF7E7BC206800285AD0002316
:109A9000CDE90C33CDE90E3322B191F90030042B1E
:109AA00000F0A582042300208DF85400ADF8563054
:109AB000FEF7D1BC206828B122B191F90030042B07
:109AC00000F01782002204238DF85420ADF85630A0
:109AD000FEF7C1BCD6ED077AF4EE677AF1EE10FA24
:109AE000BFF571AE17EE900A1FF0A6FA07EE900AC6
:109AF000F5EEC07AF1EE10FA00F1ED8707EE104AAC
:109B0000B8EE477AB4EEE77AF1EE10FA3FF55BAEC5
:109B1000FCEEE77A17EE903A56E60123FEF7C4BC56
:109B2000002204238DF85420ADF85630FEF793BC84
:109B30009046FEF7E4BC03238DF85400ADF8563090
:109B4000FEF789BC0323AFE703238DF85400ADF87B
:109B50005630FEF780BC0123FEF793BC0023FEF7CE
:109B6000B8BC02F0E7F912ABD0F8048000930025EE
:109B700018AF01231895D4E90002C7E90155414601
:109B80008DF860303B46129503F01AF900283FF437
:109B9000BBAE2068314602F0CDF98146B8F1000F26
:109BA00016D0AA462E46D9F8003013F90A10032918
:109BB0004FF00002534404D193ED010AFEF762FA1C
:109BC000C2B2129B9A550136B0450AF10C0AEAD18D
:109BD00097E8070001232C9C8DF85430032384E878
:109BE0000700ADF85630FEF736BC03238DF854005D
:109BF000ADF85630FEF72FBC0346FFF7A9BA032293
:109C00008DF85430ADF85620FEF725BC0323B84636
:109C1000FEF780BD03238046FEF703BD0322FEF757
:109C200065BD0323B846FEF74ABD03238046FEF711
:109C300020BD002800F0FF822C9A63683949009209
:109C4000002203F0A1F800280BBF05230323002006
:109C500001208DF85400ADF85630FEF7FCBB00280B
:109C600000F0E4822C9A63682F490092052203F0E9
:109C70008BF800280BBF05230323002001208DF85B
:109C80005400ADF85630FEF7E6BB91F90020042AE7
:109C90007EF424AD18460DAA0EAB02F0FBF80028A6
:109CA0003EF41CAD012D3EF419AD96F90C30032B9A
:109CB00000F0C685042B7EF411AD20680F9712AB1F
:109CC00006F10C010FAA129702F0E4F800283EF406
:109CD00005AD129E062E00F0B7871597002E3EF4B4
:109CE000FDAC0F9F15AA31463846FEF719FA002839
:109CF0003EF4F4AC15990E9B9942BEF4EFAC0D986E
:109D00002C9B012201442046FEF7E2F91890C3B2D1
:109D1000020CFEF7EBBC8DF85430ADF85670FEF730
:109D20009ABB00BFF4B50400B8BB040091F90C3035
:109D3000032B7FF438A92068002800F091840022CA
:109D40001292189218AB12AA91ED048A02F0CCF884
:109D5000002800F07784B4EE488AF1EE10FA80F122
:109D6000A48718EE100A1FF067F907EE900AF5EEC7
:109D7000C07AF1EE10FAC0F265849DED187AB8EE63
:109D8000477AB4EEE77AF1EE10FA40F35B84FCEE2A
:109D9000E77A129A17EE901A525C2C9907EE902AE5
:109DA000F8EE677A032301220B70C1ED017A8DF87A
:109DB0005420ADF85630FEF74EBB09AB08AA02F0AE
:109DC00069F800283FF4F6A90022DDE9080118AB84
:109DD0001292189212AAFEF7DBF9189B129A2C9C89
:109DE00093424FF0020094BF00230123012103227C
:109DF000207023718DF85410ADF85620FEF72BBB60
:109E000009AB08AA02F046F800283FF4F3AB20683B
:109E1000C8B112AB0093002518AF012318956268F2
:109E200009991295C7E901558DF860303B4602F05B
:109E300001FF002840F0048205238DF85400ADF89E
:109E40005630FEF708BB03238DF85400ADF85630AA
:109E5000FEF701BB09AB08AA02F01CF800283FF48A
:109E6000D9AB2068C8B112AB0093002518AF01230D
:109E70001895626809991295C7E901558DF8603007
:109E80003B4602F0D7FE002840F0FF8105238DF805
:109E90005400ADF85630FEF7DEBA03238DF85400B7
:109EA000ADF85630FEF7D7BA09AB08AA01F0F2FFB9
:109EB00000283EF457AB206800283EF453AB012D38
:109EC0003EF450AB96F90C30042B7EF44BAB06F10C
:109ED0000C010BAB0AAA01F0DDFF00283EF442ABF7
:109EE00097E806002C9B2046FEF784F91590FEF7B4
:109EF000B2BA09AB08AA01F0CDFF00283FF4E2ADE9
:109F000000211291189118ABDDE9080112AAFEF7A1
:109F10003FF92068002800F031812C9B1299189A93
:109F2000089D00936368521A294402F02DFF00280F
:109F30000BBF05230323002001208DF85400ADF84A
:109F40005630FEF788BA09AB08AA01F0A3FF002833
:109F50003EF4CEAEDDED097A2C99F8EE677A032354
:109F600001220B70C1ED017A8DF85420ADF8563006
:109F7000FEF771BA09AB08AA01F08CFF00283EF485
:109F8000DDAA206800283EF4D9AA012D3EF4D6AA05
:109F900096F90C30042B7EF4D1AA0BAB0AAA06F179
:109FA0000C0101F077FF00283EF4C8AA099A0B9B28
:109FB0009A4200F0E68200202C9C02210122032319
:109FC000217020718DF85420ADF85630FEF743BA59
:109FD0002C98C24941600323012203708DF854205C
:109FE000ADF85630FEF737BA0027FFF7A0BB0DAB30
:109FF0000CAA01F04FFF00283FF454AD2068002860
:10A000003FF450AD012D3FF44DAD96F90C30042BCB
:10A010007FF448AD0FAB0EAA06F10C0101F03AFF38
:10A0200000283FF43FAD022D00F0488296F9183029
:10A03000032B40F0438296ED070AFEF723F8DDE993
:10A040000C58DDE90EB70290002840F03E82E3682C
:10A0500026688BB11B68986970B15B6904331A4636
:10A06000002712F8041C11B91568042D0CD0013713
:10A07000874202F11402F4D14FF0FF310BE00131BD
:10A08000814203F11403F7D013F8042C012AF6D10E
:10A090001A68BA42F3D112AD4FF00009CDF84890DA
:10A0A0004FF0010BC5E9019962688DF848B02B4665
:10A0B000304602F01DFB002840F0FD820523F3E44A
:10A0C00009AB08AA01F0E6FE00283EF496AF12ABF9
:10A0D000009318AF002318931293C7E901330123AB
:10A0E0008DF860306268099920683B4602F068FE8E
:10A0F000002840F06B8205238DF85400ADF85630EF
:10A10000FEF7A9B909AB08AA01F0C4FE00283FF484
:10A11000B3AC099810F001087FF4AEAC88B108998F
:10A12000471E0F44013911F8013F23F02002303B54
:10A13000092BA2F1410202D9052A3FF69DAC8F42BC
:10A14000F1D112AB009300254FEA500918AF01235B
:10A150001895D4E90002C7E9015549468DF86030E9
:10A160003B46129502F02CFE002840F0BA830523EE
:10A170008DF85400ADF85630FEF76DB90323DCE6D8
:10A18000D6ED077AF4EE677AF1EE10FA80F14882A4
:10A1900017EE900A1EF050FF07EE900A9DED097A27
:10A1A000F5EEC07AF1EE10FAB8EE477A00F130829F
:10A1B000B4EE677AF1EE10FA48BFF0EE477AFCEEA3
:10A1C000E77A17EE902AFFF7B3BAD6ED047AF4EEE9
:10A1D000677AF1EE10FA80F12E8217EE900A1EF0E7
:10A1E0002BFF07EE900A9DED097AF5EEC07AF1EEAD
:10A1F00010FAB8EE477A00F11682B4EE677AF1EE03
:10A2000010FA48BFF0EE477AFCEEE77A17EE907A44
:10A21000FFF786BA4F46022D7FF445AA4B46B94652
:10A220001F46FFF748BA0323FFF758BA032326E572
:10A230000323FEF7B1BF03230BE50323FFF78DBA1A
:10A2400009AB206808AA314601F024FE099B7BB1C6
:10A250002B46089AD25CA2F16101192998BF203AD5
:10A26000129998BFD2B2CA54099A01339A42F0D8CF
:10A2700097E8070001232C9C8DF85430032384E8D1
:10A280000700ADF85630FEF7E6B809AB206808AA1B
:10A29000314601F0FFFD099B7BB12B46089AD25C49
:10A2A000A2F14101192998BF2032129998BFD2B268
:10A2B000CA54099A01339A42F0D897E8070001235B
:10A2C0002C9C8DF85430032384E80700ADF85630F9
:10A2D000FEF7C1B80323FFF7C0BB00BF0000C07F7B
:10A2E00001F02CFE0023436096E807002C9C03231A
:10A2F00084E807004FF00108FEF7BBB9384601F0CB
:10A300001DFEE368D0F804B0DBB1196872688D698E
:10A31000AA4207D2142303FB02F24B69985C02287D
:10A320001A4426D06DB14B690022191D11F8040C96
:10A3300010B90868042822D00132954201F11401B5
:10A34000F4D14FF0FF310DF13C0900254FF001032E
:10A350000F956268C9E9015538468DF83C304B4687
:10A3600002F0C6F98046002840F0F3810523FEF78D
:10A37000A6B951684A1CE6D0002DE2D00A46002159
:10A3800004E001318D4203F11403DAD91878012871
:10A39000F7D158689042F4D1D5E701F0CBFD012DFB
:10A3A00007463EF4CDAE96F90C30032B00F04A83FD
:10A3B000042B7EF4C5AE00252068129506F10C0131
:10A3C00015AB12AA159501F065FD002800F0A783D2
:10A3D000159C062C00F04C841895002C00F09F83EF
:10A3E000129E18AA21463046FDF79AFE002800F07A
:10A3F0009683189A7B68934240F291833B680C21C4
:10A4000001FB023393E807002C9B83E8070001233C
:10A41000FEF79EBE384601F091FDE368D0F804B027
:10A420009BB11B68986980B15B6904331A464FF091
:10A43000000C12F8041C11B91568052D0DD00CF193
:10A44000010C844502F11402F3D14FF0FF310BE00F
:10A450000131814203F11403F7D013F8042C012ACF
:10A46000F6D11A686245F3D112AD4FF0000901230D
:10A47000CDF848906268C5E9019938468DF84830B2
:10A480002B4602F035F9002840F0808205238046F3
:10A49000FEF740B901F052FDD0ED017A2C99F8EEAB
:10A4A000677A032213460A70C1ED017A4FF0010862
:10A4B000FEF7B7B8B0EE678AFEF7A1BCDDE90C582D
:10A4C000DDE90EB74FF0FF330293002F00F0A782B3
:10A4D000B845C0F0FD834FF0000A564603E0013650
:10A4E000F31943450ED83A46A819594620F011FEF3
:10A4F0000028F4D1002E0AF1010A3E4404DBF319CE
:10A500004345F0D90AF1010A029B534528BF53463F
:10A5100002939CE5022DDDF8249000F0888396F9E3
:10A520001830032B4FF000077FF478AED6ED077A92
:10A53000F4EE677AF1EE10FA80F1C78317EE900A15
:10A540001EF07AFD07EE900AF5EEC07AF1EE10FAF1
:10A5500000F1748207EE109AB8EE477AB4EEE77A0B
:10A56000F1EE10FA3FF5A4A8FCEEE77A17EE909A08
:10A57000FFF79EB800274EE64FF0FF330293FFF738
:10A580003CB9002A00F045820A99089820F0C1FDE4
:10A59000B0FA80F040090FE5002A00F09B810A998B
:10A5A000089820F0B6FD003818BF0120FEF70DB85E
:10A5B000FCEEE77A08982C9B17EE901A01220144D2
:10A5C0002046FDF785FD1590FDF745BF2068002862
:10A5D0003EF413AD96F90030042B7EF40EAD09ABBA
:10A5E00008AA314601F056FC00283EF406AD099A4F
:10A5F000002A40F0848297E8070001232C9C8DF804
:10A600005430032384E80700ADF85630FDF723BF2C
:10A6100077EE877AF5EEC07AF1EE10FA7FF5CFADDE
:10A62000DFEDBD7ACBE577EE877AF5EEC07AF1EE15
:10A6300010FA7FF5E9ADDFEDB87AE5E54FF0FF34CC
:10A64000FFF736B92C98002301220321C0E900331B
:10A65000836002708DF85420ADF85610FDF7FBBEF4
:10A660008DF85400ADF85630FDF7F5BED6ED077AFB
:10A67000F4EE677AF1EE10FA80F11B8317EE900A80
:10A680001EF0DAFC07EE900AF5EEC07AF1EE10FA51
:10A69000099C3FF5F1A807EE104AB8EE477AB4EEF0
:10A6A000E77AF1EE10FA3FF5E8A8FCEEE77A17EE4C
:10A6B000904AFFF7E2B895E80700D6F8B4301C934B
:10A6C00019AB189683E80700C6F8B430294630461F
:10A6D00001F030FC6368029A0146304602F0B6FC95
:10A6E000002800F0ED810F9FBA46002F40F0448211
:10A6F0000DF1540922E0029B9F4222D00C99CDF823
:10A7000000903944C9E900AAC9F808A063688DF827
:10A7100054B001223046013702F036FB002800F029
:10A7200028822946304601F005FC636801464A4606
:10A73000304602F08DFC002800F01B820D9BBB42CE
:10A74000D9D895E807002C9C032384E80700012052
:10A75000B7E199E80700D7F8B4301C9319AB189704
:10A7600083E80700C7F8B4304946384601F0E2FBF9
:10A77000636801465A46384602F068FC8046002865
:10A7800000F0CB81BBF1000F00F09682AA46D046C4
:10A7900012AD14E05B6813938DF8480049463846C3
:10A7A00001F0C8FB636801462A4638460AF1010AEF
:10A7B00002F04EFC002835D0D34500F07D823146B2
:10A7C000384601F0BBFB4FF001020368C5F8088072
:10A7D000C5E900888DF848200AEB4A02032013F8E7
:10A7E000321003EBC2030029D4D1CDE90D115A7800
:10A7F0009B6802B343F00043169304238DF8543052
:10A800000EAB0DAA15A9384601F044FB002800F054
:10A8100019820095DDE90D126368384602F0B4FA3A
:10A820000028BBD105234FF00008189A1C99C2F8E4
:10A83000B410FDF744BF169304238DF85430DFE7BE
:10A8400096ED048AB4EE488AF1EE10FABDF546AFF3
:10A85000B5EEC08AF1EE10FAFDF640AFDFED2C7ACE
:10A86000B0EEC87AB4EE677AF1EE10FA3DF636AF84
:10A8700018EE100A1EF05EFB07EE900AB4EE678A2F
:10A88000F1EE10FA7DF42AAFDDED0E7AF8EE677A7C
:10A89000B4EEE78AF1EE10FA7DF520AF20680028CB
:10A8A00000F0CC81FCEEC87A0D9D2C9A6368009272
:10A8B00017EE901A0122294402F066FA00280BBF15
:10A8C0000522032200230123FDF710BFF0EE477A93
:10A8D000FEF741BB0020FDF778BEF0EE477AFEF7A9
:10A8E00002BB206800283FF4C7A896F90030042B6B
:10A8F0007FF4C2A809AB08AA314601F0CBFA0028C0
:10A900003FF4BAA8AA46B9F1000F20D10FE100BF69
:10A91000FFFF7F7F0000C07F00000000000000807C
:10A92000A3F1610105292FD9A3F14101052994BFA4
:10A93000373B4FF0FF3343EA0213129A02F8083014
:10A9400008F10108C1450AF1020A00F0F0800899F7
:10A9500011F80A30A3F13002D0B209280BD9A3F1C3
:10A960006102052A58D9A3F14102052A94BFA3F137
:10A9700037024FF0FF3251444B78A3F13001C8B297
:10A980000928CDD80B46D6E7573BD4E795E8070012
:10A99000D7F8B4301C9319AB189783E80700C7F8B1
:10A9A000B4302946384601F0C5FA636801465A4674
:10A9B000384602F04BFB20B30DF1540ABBF1000FF7
:10A9C00003D1A1E0CB4500F09F803146384601F02D
:10A9D000B5FA036809EB490203EBC2030C3393E8B1
:10A9E00007008AE807002946384601F0A3FA6368A1
:10A9F00001465246384609F1010902F029FB0028B8
:10AA0000E0D105238046189A1C99C2F8B410FDF7CE
:10AA100081BE0120FFF7D0BAA3F15702ABE7029B3A
:10AA2000434528BF43460293FFF711BB5FED467ACB
:10AA3000FEF7AABF5FED487AFEF7F4BF4FF00009BA
:10AA4000FEF736BE96ED048AB4EE488AF1EE10FAAF
:10AA5000BEF576ABB5EEC08AF1EE10FAFEF670AB3D
:10AA60005FED557AB0EEC87AB4EE677AF1EE10FA7F
:10AA70003EF666AB18EE100A1EF05CFA07EE900A7E
:10AA8000B4EE678AF1EE10FA7EF45AABD7ED017A94
:10AA9000F8EE677AB4EEE78AF1EE10FA7EF550AB85
:10AAA000BCEEC88A3B682C9C18EE101A0C2202FBE4
:10AAB000013393E80700012384E80700FEF748BB51
:10AAC0000523189A1C99C2F8B410FEF7EDBF5FED8C
:10AAD0006F7AFEF740BA0023FEF776BE17EE903A83
:10AAE000002B5FED727AFEF6FEA917EE103A5FEDCD
:10AAF000766A002BA8BFF0EE667AFEF7F4B90899E3
:10AB0000129820F016FB76E595E807002C9C0323AD
:10AB100084E807004FF0010875E7052385E62C99C6
:10AB200000230122C1E900338B600A706FE497E8CB
:10AB3000070001232C9C8DF85430032384E8070080
:10AB4000ADF85630FDF787BC5FED8E7AFEF7CBB9D6
:10AB500017EE903A002B5FED907ABEF6FCA917EE47
:10AB6000103A5FED926A002BB8BFF0EE667AFEF7FE
:10AB7000F2B905230020A4E7CDF8109005950DF15A
:10AB800054084D46A146049B029A934254D0DDE9F5
:10AB90000C4BBAF1000F48D0D34543D30AEB050163
:10ABA00059453FD80E992F4604E001370AEB0703B9
:10ABB0009B4537D35246E019039120F0AAFA039936
:10ABC0000028F2D11BEA270B38BFBB46CDF8008026
:10ABD00000230120C8E90033C8F80830ABEB0502B8
:10ABE0008DF85400D9F804306119304602F0CCF8E1
:10ABF0000028BED00599304601F09CF9D9F8043000
:10AC000001464246304602F023FA0028B1D0049BA8
:10AC1000002F03F1010304930EDBDDF83CA007EBEA
:10AC20000A05B0E74FF0FF37D0E72F46CAE74F4697
:10AC30004FF00009FEF73FBD059D82E50322034664
:10AC4000FDF754BD0423EEE50F9F254932463846F3
:10AC500020F05FFA00283ED1DDED0E7A2C9BF8EE55
:10AC6000677A03221A70C3ED017A0123FDF73EBD16
:10AC7000129E1B492246304620F04BFA90B9D7ED80
:10AC8000017A2C9AF8EE677A03231370C2ED017AE9
:10AC9000FFF7BDBB17EE900A1EF044FA07EE100A4C
:10ACA000FEF751B81895FFF79CBBDFED0E7AFFF762
:10ACB00064B8DFED0C7AF8E499E807002C9C0323D4
:10ACC00084E807004FF00108AFE5DFED067A4BE4BA
:10ACD0004FF0010A18E400231593FFF703B800BFF3
:10ACE000C0BB04000000000070B50B46D1E916415E
:10ACF0005D6D596384465C6129B32C2000FB01F132
:10AD0000986A2C390144D1E90306304458624D60F9
:10AD1000002183F8511019711179012915D0928AF7
:10AD2000A3F866200121DCF8F42083F864100021E8
:10AD30001967DAB11367DCF8F820CCF8F430013287
:10AD4000CCF8F82070BD5962E2E7996804EB440E34
:10AD5000083201EB8E0E07CA01345C618EE80700F1
:10AD6000DCF8F42000211967002AE3D1CCF8F03098
:10AD7000E1E700BF2DE9F843D0F86C9080460C461F
:10AD8000B9F1000F08D04D46D9F800902B7A002B6E
:10AD90005DD1B9F1000FF6D1D8F81050002D48D090
:10ADA000AB696BB1002637466969236831441B687B
:10ADB00020469847AB690137BB4206F10C06F3D831
:10ADC0002B6A6BB100263746E969236831441B685A
:10ADD000204698472B6A0137BB4206F10C06F3D890
:10ADE000AA6A82B100273E46EB6A9B5D2046013687
:10ADF0002BB1696A236839441B689847AA6AB24232
:10AE000007F10C07F0D8AB6B6BB100263746696BC6
:10AE1000236831441B6820469847AB6B01379F423B
:10AE200006F10C06F3D3236805F148011B682046A0
:10AE30009847D8F8C45045B129462D680B7A13B10C
:10AE40000B7C012B29D0002DF6D1BDE8F8832B6AAD
:10AE50006BB1002637466969236831441B68204678
:10AE600098472B6A0137BB4206F10C06F3D82B6BCF
:10AE7000002B8ED000263746696A236831441B6850
:10AE8000204698472B6B0137BB4206F10C06F3D8DE
:10AE9000B9F1000F7FF477AF7EE7236814311B68A8
:10AEA00020469847002DC7D1CFE700BF2DE9F843D2
:10AEB0009846314B0360944603F114022033044654
:10AEC000C1604260836000F1100E00F14806BCE8EA
:10AED0000F00AEE80F00BCE80F00AEE80F00BCE8C2
:10AEE0000F00AEE80F00DDF82090DCF80030CEF85F
:10AEF00000304F46C4F844800FCF0FC697E80F00CC
:10AF0000002586E80F0044222946C4E91A85C4E9D1
:10AF10001C55C4F8788004F17C0020F032F9D9F88F
:10AF20001C20C4F80451C4E93752226AC4F8D08006
:10AF300001234FF0FF30C4E93085C4E93255C4E93C
:10AF40003555C4E93935C4E93B55C4E93D55C4E933
:10AF50003F55C4E9423004F1C001646212B1E36AB2
:10AF6000C2F8B830221D04F10803C4E90E122364AC
:10AF70002046BDE8F88300BFD0BB0400C36EA3B178
:10AF800030B400201A461B68147A1CB1D2F88050E5
:10AF90008D4203D0002BF5D130BC7047127C012AC2
:10AFA00098BF2046002BEDD1F6E71846704700BF4A
:10AFB00038B50C460968054631B1A26802EB420279
:10AFC0009200783000F0A2FE216939B1A26902EB4B
:10AFD0004202920005F1780000F098FE216A39B132
:10AFE000A36A2C2203FB02F205F1780000F08EFE2A
:10AFF000216B39B1A26B02EB4202920005F178009D
:10B0000000F084FE0023236023612362236338BDA4
:10B0100082B02DE9F04104469EB0006D2593636F28
:10B0200098427AD90E4617460021682204A820F0DB
:10B03000A8F8636D0593A36D099304F17805E36D9A
:10B040000D936021236E11934FF004082846149548
:10B05000ADF86E8000F054FE30210490284600F0D8
:10B060004FFE58210890284600F04AFE0C210C9013
:10B07000284600F045FE049B1090002B74D0089BDE
:10B08000002B77D00C99002936D0002834D0022329
:10B090000E93256FCDF82880012312930823069381
:10B0A000002D49D06B682367636F26990133012017
:10B0B0002872636700913246259BE16804A802F07C
:10B0C0004BFE10F0FF06039005F10C0857D0D4E9B1
:10B0D00042236FBB531CC4F8083113460022EB60B7
:10B0E0002A7404A9682205F1140020F022F84FF018
:10B0F000FF33C5F8803015E00823069304220029A9
:10B1000014BF02250025031E18BF012304A92046F1
:10B110000A920E951293FFF74BFF279A052313808F
:10B120004FF0000840461EB0BDE8F04102B0704745
:10B130005A1EC4F80C21D1E7A56EAB682A6869686D
:10B140000333134423F00303981A814228D3114494
:10B15000CB1A832B24D900F18403AB6015181FD0C0
:10B16000E36E1350E5669FE7089A0C990693002A50
:10B17000C4D1C4E7082206920C991A46BFE7236F90
:10B180006B60636F2E72013B6367256704A92046DD
:10B19000FFF70EFF279ABDF80E301380B046C1E7C7
:10B1A00004A92046B7E700BF70B586B000260C465C
:10B1B00005230DF10E010191ADF80E301146054643
:10B1C0000096334632462046CDE90466FFF720FF5D
:10B1D000A8B1D4F8F430066773B11867D4F8F83022
:10B1E0000133C4E93D03002203686A802846012236
:10B1F0002A706B6006B070BDC4F8F000EEE7BDF8D1
:10B200000E302870686028466B8006B070BD00BFA5
:10B210002DE9F047D0F8CC509846D0F8E0309D4268
:10B2200082B007D30D9A052313800025284602B06B
:10B23000BDE8F0870446D0F8C8009146002849D000
:10B240004368C4F8C8306E1CD4F8E4504FF0010ACB
:10B25000002705EB0A02032380F808A0C4F8CC609D
:10B26000C4F8E4204761C0E90677C0E90977C56002
:10B27000077480F814A00384002DD3D00D9B019394
:10B280000C9B009352460B9B2046FFF7C1FE002803
:10B290003ED0836A0A9A9A61C3E9089883F81CA091
:10B2A00083F828A02369856693B11968D4F8F4302F
:10B2B000C1660022026743B31867D4F8F830C4F8B7
:10B2C000F40001332846C4F8F83002B0BDE8F08736
:10B2D0000021EBE7D4F8C0008368066842680333B6
:10B2E000334423F003039F1BBA429BD33244D31A47
:10B2F0002B2B97D907F12C038360F01992D0D4F847
:10B30000C430F351C4F8C4009DE7C4F8F000D4E79A
:10B31000D4F8C4306BB31A461B68117A11B1D168E6
:10B320008D4223D0002BF6D100283FF47EAF8169F7
:10B3300081B1D4E936260D46496845F8082CA5F1B7
:10B340000C0205F8043C013EC4F8D8200029F2D1D3
:10B35000C4F8DC60D4E93223002500F8045C40F82E
:10B36000082C013B0C38C4E932035FE702F10C0002
:10B37000D8E71D465AE700BFA0F10400FFF748BF19
:10B3800070B5D0F8043184B00446CBB15E6F701C48
:10B3900013D00025CDE900522B462A462046FFF760
:10B3A00037FE40B1D4F80031C0E91C5653B11867DC
:10B3B000C4F80001012004B070BD9B6A1E68E8E774
:10B3C0000E46E6E7C4F8FC00F2E700BFA0F1080073
:10B3D000FFF7D6BF2DE9F0418EB01F460DF11603E1
:10B3E000002601930523ADF81630904600963346AB
:10B3F0000122CDE907660546FFF70AFE044600284C
:10B4000044D0836AEA6C83F82860C3E9088701277F
:10B4100000F108011F77C26405F11003EA68039187
:10B4200007A802F087FD9DF81C300399022B24D950
:10B43000032B0EBFBDF82C804FF003083E46284674
:10B44000FFF7B6FD002304F8043C2B6F44F8083CDA
:10B450006B6F8DF818600C3C013B2C676B67ADF887
:10B460001A80BDF81820BDF81A30002062F30F00D2
:10B4700063F31F400EB0BDE8F081002B0BBF4FF00F
:10B4800003084FF004083E460026D8E7BDF8163002
:10B490008DF81800ADF81A30E3E700BFF0B58FB0B3
:10B4A00000250DF116030522CDE90053ADF8162055
:10B4B0002B460122CDE907550646FFF7A9FD0446B4
:10B4C000002839D0F36CC36400F1080106F11003C1
:10B4D000F268039107A802F02DFD9DF81C30039936
:10B4E000022B22D9032B0EBFBDF82C700327012598
:10B4F0003046FFF75DFD002304F8043C336F44F849
:10B50000083C736F8DF818500C3C013B346773672F
:10B51000ADF81A70BDF81820BDF81A30002062F39B
:10B520000F0063F31F400FB0F0BD002B0BBF0327CC
:10B53000042701250025DBE7BDF816308DF818003B
:10B54000ADF81A30E6E700BF0B79012BF0B426D036
:10B550008D6E04230B71002D56D1D0F8F0300122EE
:10B5600081F8502043B1994202D173E0994205D04D
:10B570001A461B6F002BF9D1F0BC7047196F116789
:10B58000D0F8F410994208BFC0F8F420D0F8F820A1
:10B590000021013A1967F0BCC0F8F820704791F813
:10B5A0005130002BD4D0D0F8C4300E6E0D681BB3D0
:10B5B00000271A461B68147A14B1D468A64246D0F4
:10B5C000002BF6D1C7B1BA6922B915E05468134609
:10B5D00094B122461468A542F8D1002B42D0546899
:10B5E0005C60D0E93643002502F8045C42F8084C60
:10B5F000013B0C3AC0E9362300238D6E81F85130AF
:10B6000004230B71002DA8D0D0F8C430BBB10026A4
:10B610001A461B68147A14B1D468A54212D0002BC4
:10B62000F6D166B1327952B9032232710222B28266
:10B63000D0F8EC20F36192B1D661C0F8EC60002341
:10B640008B668AE702F10C06002BE1D1E9E702F1F3
:10B650000C07B5E71A6FC0F8F020002290E7C0F899
:10B66000E860EAE75368BB61BBE700BF10B5C46E92
:10B670002CB1214624680B7A13B9002CF9D110BDE6
:10B68000D1F880300133F8D00B7C012BF5D80C3188
:10B69000FFF75AFF002CECD1F1E700BFC36ECBB12E
:10B6A00030B400251A461B68147A14B1D468A1423C
:10B6B00007D0002BF6D115B12B79012B06D930BC60
:10B6C000704702F10C05002BECD1F4E7294630BCA1
:10B6D000FFF73ABF704700BF2DE9F843D0F8E89074
:10B6E000B9F1000F78D0D9F81C30C0F8E8308046A6
:10B6F000002B73D00026D9F81850D9F80070C9F87B
:10B700001C6015B3D8F86C302C68DBB100219C4666
:10B710001B689CF808201AB1DCF80C20944251D028
:10B72000002BF4D171B10B79012B0BD191F8513071
:10B7300043B10A6ED9F800309A4203D14A464046D6
:10B74000FFF7D2FA6D68002DDCD1D8F8C4305BB3B6
:10B7500000251A461B68117A11B1D1688F4236D084
:10B76000002BF6D105B3AB699BB1D8E9360101399D
:10B770001A465B6802F8046C0446A2F10C0042F819
:10B78000084C0A46C8F8D8000139002BF0D1C8F897
:10B79000DC20D8E93213A5F10C02013B05F8046C5A
:10B7A00045F8081CC8E93223D8F8E890B9F1000F31
:10B7B00012D0D9F81C30C8F8E830002B9BD1C8F85B
:10B7C000EC3098E70CF10C01002BA0D1AAE702F1B4
:10B7D0000C05002BBDD1C5E7BDE8F883C0F8EC30FF
:10B7E00088E700BFF0B58B6E826CCA6489B00D46E5
:10B7F0000446CBB10369BBB1CA6E1E681A60C26849
:10B80000C4F8041100F11003083101A802F092FB02
:10B810002369BDF814200021C4F804111E602B799F
:10B82000042B13D109B0F0BDE268C4F8045104F14F
:10B83000100305F1080101A802F07CFB0023C4F805
:10B8400004312B79BDF81420042BEBD09DF8043083
:10B85000032BE7D8DFE803F0113C4C02AE6E032364
:10B860002B71002E77D1E0690028DBD003682968AE
:10B870009B6809B0BDE8F0401847A86E02232B7101
:10B880000028CFD0D4F8C430FBB100261A461B687C
:10B89000117A11B1D16888427DD0002BF6D1A6B1C2
:10B8A000327992B90122327102AA07CAD4F8ECC0E7
:10B8B00006F1080787E80700F361BCF1000F00F00C
:10B8C0009080CCF81C60C4F8EC600023AB66A9E75C
:10B8D000D4F8F43000222A67002B5FD01D67D4F81B
:10B8E000F830C4F8F4500133C4F8F83009B0F0BDB2
:10B8F000D4F8C430286E2E6801222A71002B91D012
:10B9000000251A461B68117A11B1D16888421FD0F0
:10B91000002BF6D1002D85D0D4F8D820002A40D0B5
:10B920005368C4F8D83001231372D4F8DC300133E3
:10B93000C4F8DC30AB690020C2E9036002F10C01FD
:10B94000002B4CD01A465B68002BFBD1516069E795
:10B9500002F10C05DCE7D4F8C430B3B10027194676
:10B960001B68087A10B1C868864211D0002BF6D146
:10B970005FB1397949B9FB61D4F8EC30BA82022160
:10B9800039718BB3DF61C4F8EC700023AB666AE7F2
:10B9900001F10C07EAE702F10C067EE7C4F8F0506B
:10B9A0009DE7D4F8D070BB6839687A6803330B44DC
:10B9B00023F00303581A8242FFF434AF0A44D31A27
:10B9C000132B7FF62FAF00F114030A18BB603FF46E
:10B9D00029AFD4F8D4300B50C4F8D420A3E7A96120
:10B9E00020E7C4F8E8606EE7C4F8E870CBE700BF72
:10B9F000F8B5D0F8FC40C4B100230546C5E93F3393
:10BA000018461F462146246F0B790F6713B1002C8F
:10BA1000F8D1F8BD461C2846FFF7E4FE2846FFF79C
:10BA2000E7FF3044002CEDD1F3E72046F8BD00BF1E
:10BA30002DE9F843D0F8F880B8F1000F24D00025A4
:10BA400004462E46A94611E0D4F8F8201F79C3F821
:10BA50007090013AC4F8F82037B9FFF7C3FE2046CA
:10BA6000FFF7C6FF01360644A8450ED0D4F8F030E3
:10BA700001351946204643B11A6FC4F8F020002A58
:10BA8000E2D1C4F8F420DFE746463046BDE8F8834B
:10BA9000F8B5C46E3CB106460027254624682B7ACB
:10BAA00013B9002CF9D1F8BD2B7C023B022BF8D83E
:10BAB00005F114013046FFF77BFAD6E91C23013B60
:10BAC0002F726A60C6E91C53002CE6D1EBE700BF79
:10BAD000C36E93B110B400201A461B68147A14B1D7
:10BAE000D468A14204D0002BF6D15DF8044B704716
:10BAF00002F10C00002BEFD1F7E71846704700BFAA
:10BB000091F90030062B2DE9F041044649D0042B71
:10BB10003CD00C2B3AD0072B5DD0082B7ED1D0F82F
:10BB2000B820DAB110684B688569AB422CD2406905
:10BB300003EB830300EB830510F82330062B0DD0B5
:10BB400013BB10696D68F8B1D66801E083421BD061
:10BB500056F83320954203F10103F7D166688B68EC
:10BB60001E44357A85B973680122327263B12F465B
:10BB70003168236829441B68204698477368013759
:10BB8000BB4205F10C05F3D8BDE8F0814B68002BF2
:10BB9000FADA626823F00043134401221A72BDE806
:10BBA000F08147688B681F443D7B002DECD17B689A
:10BBB00001223A73002BE7D02E46396823682944C6
:10BBC0001B68204698477B680136B34205F10C0597
:10BBD000F3D8BDE8F08146688B681E44357B002DA4
:10BBE000D2D1736801273773002BCDD0A8463168B6
:10BBF0004B5D08F10108204629442BB94B781BB155
:10BC000063688A6813441F7223680C311B68984765
:10BC10007368434505F11805E9D8B5E70B2BB3D197
:10BC20008B685A1CB0D046681E44357A002DABD1C3
:10BC3000736801223272002BA6D02F463168236828
:10BC400029441B682046984773680137BB4205F1B9
:10BC50000C05F3D898E700BF4068A8B103680C4A08
:10BC60001B68934211D1406870B1026812689A4211
:10BC70000CD1406840B103681B68934205D140680D
:10BC800010B103681B68184770471847104700BF7A
:10BC900059BC020020294FF005032ED94FF0010CAA
:10BCA00001E03E2B26D001330CFA03F28A42F8D38E
:10BCB000102B1FD800EB8303596819B10A685A602A
:10BCC0000846704730B40468A36825686068033389
:10BCD0002B4423F00303A3EB050C604507D3284452
:10BCE000C31A934203D36244A26005EB0C010846D9
:10BCF00030BC70470021084670472022DAE700BFB9
:10BD000009B1FFF7C7BF0846704700BFD9B1D2B12C
:10BD1000202A10B518D90523012401E03E2B11D0AB
:10BD20009E46013304FA03FC6245F7D8102B09D86C
:10BD30000EF1020E4FEA8E0E00EB830350F80E2038
:10BD40000A60596010BD70474FF0180E0523F3E7E5
:10BD500038B50D460B6814490446C0E90013C0E924
:10BD600002250021442210301FF00BFA0023C4E901
:10BD70001553C4E91733C4E91953C4E91B33C4E9A3
:10BD80001D53C4E91F33C4E92153C4E92333C4E973
:10BD90002553C4E92733C4E92953C4E92B33C4E943
:10BDA0002D33204638BD00BF14BC040030B44D789C
:10BDB0009DB9846874B18968206981420AD2E068BB
:10BDC000646850F8315000EBC1012C4414604A689B
:10BDD0001A600125284630BC7047896840684418BD
:10BDE0004058616810602846196030BC704700BF39
:10BDF00070B513780E78B34284B017D11446CEB123
:10BE0000D1ED017A92ED017AF4EE477AF1EE10FA73
:10BE10000DD0F4EE677AF1EE10FA07D0B4EE477A5F
:10BE2000F1EE10FA14BF0126002600E0002630468D
:10BE300004B070BD4B7805460BB953780BB30023A3
:10BE4000CDE90033CDE902336A4602AB2846FFF75D
:10BE5000ADFF0028EBD0214603AB01AA2846FFF72F
:10BE6000A5FF04460028E2D0DDE902239A42DED194
:10BE700072B1DDE900011FF04CF9002808BF264629
:10BE8000D5E78E689368F61AB6FA86F67609CEE795
:10BE90000646CCE791F900C0BCF1040F15D1496802
:10BEA000002930B413DB8068D0B10469A14219D2F3
:10BEB000C468406854F8315004EBC1012844106054
:10BEC0004A681A60012030BC704700207047406803
:10BED00021F0004144184058616810600120196049
:10BEE00030BC70470020FBE730B491F900400C2CC7
:10BEF00012D14C68002C12DB806870B18568AC42AE
:10BF00000AD889682D1BA94206D8406804441460E9
:10BF1000012030BC19607047002030BC7047416878
:10BF200024F000440D1908596968106030BC0120E4
:10BF30001960704740688B681844704740688B6888
:10BF40001844704740688B6818447047406808443C
:10BF5000704700BF5168994289BF1268054B03EBD7
:10BF6000430302EB8303844693E807008CE8070051
:10BF70006046704700BC040000B58E464968914297
:10BF80000AD9944693E80700DEF800300CEB4C0C1D
:10BF900003EB8C0C8CE807005DF804FB002B844657
:10BFA00002DB5168994209D800230122CCE9003311
:10BFB000CCF808308CF8002060467047126803EB1C
:10BFC000430302EB830393E807008CE80700604615
:10BFD000704700BFB2F1000C10DB4A68624500B543
:10BFE0008E4609D993E80700DEF800300CEB4C0CC4
:10BFF00003EB8C0C8CE807005DF804FB704700BF76
:10C000005168034631B90122C0E900118160027014
:10C01000184670471068013901EB410C00EB8C00A9
:10C02000516007C883E8070018467047F0B55568A7
:10C0300085B004463DB90123C0E900558560037011
:10C04000204605B0F0BD1368164693E8070001AF1F
:10C05000012D87E8070008D005EB450292000C3A55
:10C0600003F10C0118461FF072F897E80700013D34
:10C0700084E807002046756005B0F0BD2DE9F04367
:10C08000002B85B004462ADB56689E42154626D909
:10C09000D2F8008003EB430C08EB8C0E9EE80700FF
:10C0A00003F1010901AF4E4587E807004FEA8C0C08
:10C0B0000BD9F31A03EB43039B000CF10C01414431
:10C0C000A3F10C0270461FF042F897E80700013E0A
:10C0D00084E8070020466E6005B0BDE8F0830023C9
:10C0E00001222046C4E90033A360227005B0BDE8F8
:10C0F000F08300BF002A22DB486890421FD9002B42
:10C100001DDB98421BD900B5096802EB420201EB26
:10C11000820C03EB430301EB83039CE8070085B02B
:10C120000DF1040E8EE8070093E807008CE8070085
:10C130009EE8070083E8070005B05DF804FB704740
:10C140002DE9F84316465268804602B30F469946D9
:10C15000002502E00135AB4219D9316805EB450CE9
:10C160004A4601EBCC0138464FEACC04FFF740FECB
:10C1700073680028EED0AB4209D933681C440C34F4
:10C1800094E8070088E807004046BDE8F883044CBF
:10C1900094E8070088E807004046BDE8F88300BF40
:10C1A00000BC0400F8B54B68CBB10D4606461746F7
:10C1B000002403E06B680134A3420FD9296804EB23
:10C1C00044033A4601EBC3013046FFF711FE002855
:10C1D000F0D0686884422CBF00200120F8BD1846CA
:10C1E000F8BD00BFF8B54B684BB30D460646174681
:10C1F000002403E06B680134A34220D9296804EBD2
:10C2000044033A4601EBC3013046FFF7F1FD002835
:10C21000F0D06E68A64212D9631C9E420DD92968DF
:10C22000341B03EB430304EB440401EBC300E200C3
:10C230000146183A18381EF08AFF013E6E60F8BDBC
:10C24000F8B5836D044608463BB100251A461B68C5
:10C25000117A01B11576002BF8D1A36E3BB1002500
:10C260001A461B68117A01B11576002BF8D1A36F1D
:10C270003BB100251A461B68117A01B11575002BD8
:10C28000F8D1D4F888303BB100251A461B68117AE2
:10C2900001B11575002BF8D1D4F898303BB10025C9
:10C2A0001A461B68117A01B11575002BF8D1D4F824
:10C2B000A8303BB100251A461B68117A01B11575EB
:10C2C000002BF8D10268964B12689A4240F0A68182
:10C2D000406830B3026812689A4240F09F8140681B
:10C2E000F8B1026812689A4240F098814068C0B183
:10C2F000026812689A4240F09181406888B10268F1
:10C3000012689A4240F08A81406850B1026812680F
:10C310009A4240F08381406818B1036821461B6847
:10C320009847D4F8B4503DB1236829461B6820468D
:10C330009847ED68002DF7D1A36D4BB14FF0000C7D
:10C34000012719461B680A7A002A43D1002BF8D12D
:10C35000A36E4BB14FF0000C012719461B680A7AF7
:10C36000002A68D1002BF8D1A36F53B14FF0000C15
:10C37000012719461B680A7A002A40F08E80002B9C
:10C38000F7D1D4F8883053B100264FF0010E19468A
:10C390001B680A7A002A40F0B380002BF7D1D4F84A
:10C3A00098304BB10027012619461B680A7A002AEB
:10C3B00040F0D680002BF7D1D4F8A8304BB100273D
:10C3C000012619461B680A7A002A40F0F880002BE3
:10C3D000F7D1F8BD0A7E002AB8D1D1F80CE0BEF141
:10C3E000000F1DD0486900EB4000800018D02028C5
:10C3F00040F22681052201E03E2A11D01646013284
:10C4000007FA02F5A842F7D8102A09D8B01C800014
:10C41000204404EB8202C068CEF80000C2F810E0AD
:10C42000D4E91702013A81F808C04860C4E917123C
:10C43000002B86D18CE70A7E002A93D1D1F80CE03C
:10C44000BEF1000F1DD0486900EB4000C00018D0BD
:10C45000202840F2F280052201E03E2A11D0164643
:10C46000013207FA02F5A842F7D8102A09D8B01C01
:10C470008000204404EB8202C068CEF80000C2F8BD
:10C4800010E0D4E91B02013A81F808C04860C4E911
:10C490001B12002B7FF461AF66E70A7D002A7FF450
:10C4A0006EAFD1F80CE0BEF1000F1DD0086900EBB3
:10C4B0004000800018D0202840F2BC80052201E016
:10C4C0003E2A11D01646013207FA02F5A842F7D8E3
:10C4D000102A09D8B01C8000204404EB8202C068F6
:10C4E000CEF80000C2F810E0D4E91F02013A81F84A
:10C4F00008C04860C4E91F12002B7FF43AAF40E740
:10C500000A7D002A7FF449AFCF68F7B1086900EBD4
:10C510004000800019D0202840F28980052203E0E5
:10C5200059BC02003E2A10D0944601320EFA02F5A0
:10C53000A842F7D8102A08D80CF102008000204445
:10C5400004EB8202C06838601761D4E92302013A23
:10C550000E724860C4E92312002B7FF418AF1EE767
:10C560000A7D002A7FF426AFD1F80CE0BEF1000F5F
:10C570001AD00D69C5B1202D56D9052201E03E2AF9
:10C5800012D09446013206FA02F08542F7D8102AFA
:10C590000AD80CF102008000204404EB8202C0683B
:10C5A000CEF80000C2F810E0D4E92702013A0F7279
:10C5B0004860C4E92712002B7FF4F6AEFCE60A7D42
:10C5C000002A7FF404AFD1F80CE0BEF1000F1AD0BE
:10C5D0000D69C5B1202D24D9052201E03E2A12D0D3
:10C5E0009446013206FA02F08542F7D8102A0AD89A
:10C5F0000CF102008000204404EB8202C068CEF8F7
:10C600000000C2F810E0D4E92B02013A0F72486032
:10C61000C4E92B12002B7FF4D4AEDAE62146904712
:10C620007FE618200522E6E718200522B4E7182047
:10C63000052284E7182005224EE71820052218E776
:10C6400018200522E4E600BFF8B5C46D07464CB1DA
:10C650006368C3653B6E0122134422723B660C344F
:10C660002046F8BD466DB3683568726803332B44C5
:10C6700023F00303A3EB050C62450FD32A44D31A1E
:10C680001B2B0BD90CF11C03B36015EB0C0305D06D
:10C69000826D45F80C201C468365DBE70029DFD05E
:10C6A0003846FFF7CDFDFB6D53B15A68FA653A6E17
:10C6B00001210A4403F10C04197220463A66F8BDC0
:10C6C0007E6DB368326871680333134423F003034B
:10C6D0009D1A8D42C4D81144CB1A1B2BC0D905F129
:10C6E0001C03B3605319BBD0B96D5151BB65DEE774
:10C6F00070B50D46114606461C46FFF7A5FF58B11A
:10C7000072680023821AC0E9003383600373C4E9AE
:10C71000015206232370012070BD00BFF8B5C46E1E
:10C7200007464CB16368C3663B6F01221344227213
:10C730003B670C342046F8BD466EB36835687268B6
:10C7400003332B4423F00303A3EB050C62450FD303
:10C750002A44D31A1B2B0BD90CF11C03B36015EB25
:10C760000C0305D0826E45F80C201C468366DBE77F
:10C770000029DFD03846FFF763FDFB6E53B15A68DE
:10C78000FA663A6F01210A4403F10C04197220463B
:10C790003A67F8BD7E6EB36832687168033313443C
:10C7A00023F003039D1A8D42C4D81144CB1A1B2BCE
:10C7B000C0D905F11C03B3605319BBD0B96E5151F8
:10C7C000BB66DEE770B50D46114606461C46FFF710
:10C7D000A5FF58B172680023821AC0E90033836054
:10C7E0000373C4E9015207232370012070BD00BF09
:10C7F0002DE9F04782B002EB42090A9F1646054632
:10C8000088469A464FEA89095AB100F10C04B9F1F9
:10C81000000F00F0A78049462046FFF73BFA02468A
:10C8200068B3EC6F002C3CD06368EB67D5F88030C0
:10C8300001210133217204F10C0CC5F8803066B17E
:10C8400002EB0900134600244FF0010EC3E9004437
:10C850009C6003F80CEB8342F8D16B68CCF80020A5
:10C86000ACEB03030022ACF80820CCF80460C7E965
:10C87000018308223A70012002B0BDE8F087BAF1C6
:10C88000000F0AD051462846FFF7DAFC49462046F9
:10C89000FFF700FA02460028C3D1002002B0BDE82D
:10C8A000F0876C6FA3682168606803330B4423F042
:10C8B0000303A3EB010C60450ED30844C31A172BE6
:10C8C0000AD90CF11803A36011EB0C0404D0AB6F70
:10C8D00041F80C30AC67A9E7BAF1000F23D05146FC
:10C8E00028460192FFF7ACFCEC6F019A002C9BD11B
:10C8F0006C6FA368206861680333034423F003036B
:10C90000A3EB000C8C450ED80144CB1A172B0AD987
:10C910000CF11803A36010EB0C0404D0AB6F40F8CB
:10C920000C30AC6782E7002AB7D0B9F1000FB4D061
:10C93000B9F1200F1DD90523012401E03E2BACD015
:10C940001846013304FA03F18945F7D8102BA4D80F
:10C95000811C8900294405EB8303C968116000200C
:10C960001A6189E7002B98D01946FFF769FC484601
:10C9700082E718210523EDE72DE9F04F91B09146AC
:10C980001D468A680493436813440C465E7A36B1A8
:10C9900007C985E80700304611B0BDE8F08F5A6836
:10C9A000089606AB009349684FF0010A4B46CDE963
:10C9B000066607468DF818A09046FFF719FF354622
:10C9C00006460028E7D0A2687B68D7F8B4409918DB
:10C9D000089A039103EB020B06AA81F809A007CA83
:10C9E0000CAB83E8070042460F94C7F8B43022B37B
:10C9F000059609ABA8461646039A05EB450411684F
:10CA0000C3F800808DF824A011F92420082A01EB36
:10CA10008401C3E901884FEA84041DD007C983E873
:10CA20000700DBF80020144493E807000135AE420C
:10CA300084E80700E0D1059E0F9C039AC7F8B44034
:10CA40000023537206AB93E80700049B83E80700BA
:10CA5000304611B0BDE8F08F4A463846FFF78CFFEC
:10CA600009AB0028DDD10F9C0646E6E710B582B081
:10CA70000A4C019291F900200094082A07D007C9B6
:10CA80009E4601238EE80700184602B010BD6A4694
:10CA9000FFF772FF0346184602B010BDFCBB04004E
:10CAA0002DE9F04701EB41090E46054692469846AE
:10CAB0004FEA8909C1B300F10C04B9F1000F00F08D
:10CAC000AF8049462046FFF7E5F8074600284ED0DC
:10CAD000D5F88C406CB36368C5F88C30D5F89030CD
:10CAE00001220133227204F10C0CC5F8903066B1BA
:10CAF00007EB09003A4600244FF0010EC2E900445A
:10CB0000946002F80CEB8242F8D16B68CCF80070AC
:10CB10000022ACEB0303CCF804608CF80820012061
:10CB2000C8F80030BDE8F087D5F88C400F46002CDF
:10CB3000D1D1D5F884008368026841680333134477
:10CB400023F00303A3EB020C614521D31144CB1A5C
:10CB5000172B1DD90CF1180312EB0C04836017D0AE
:10CB6000D5F8883042F80C30C5F88840B6E7BAF1FD
:10CB7000000F0AD051462846FFF762FB494620467F
:10CB8000FFF788F807460028A2D10020BDE8F0870B
:10CB9000BAF1000F25D051462846FFF751FBD5F8D2
:10CBA0008C40002C97D1D5F88400836801684268D6
:10CBB00003330B4423F00303A3EB010C944510D87B
:10CBC0000A44D31A172B0CD90CF1180311EB0C04DF
:10CBD000836006D0D5F8883041F80C30C5F888401D
:10CBE0007CE7002FD1D0B9F1000FCED0B9F1200FE2
:10CBF0001DD90523012001E03E2BC6D01946013383
:10CC000000FA03F29145F7D8102BBED88A1C920087
:10CC10002A4405EB8303D2683A6000201F6181E754
:10CC2000002AB2D01146FFF70BFB48467AE71822DC
:10CC30000523EDE72DE9F8430546914698460E4653
:10CC400039B300F10C042046FFF724F8074600280A
:10CC500042D0D5F89C400CB36368C5F89C30D5F839
:10CC6000A0300122227201330C346A68C5F8A0306A
:10CC700000232372042327606660A21A88F800301C
:10CC8000089B42F00042C8F8042001201F60BDE864
:10CC9000F883D5F89C400F46002CDDD1D5F89400E0
:10CCA00083680168426803330B4423F00303A3EB5A
:10CCB000010C624521D30A44D31A172B1DD90CF15C
:10CCC000180311EB0C04836017D0D5F8983041F8A5
:10CCD0000C30C5F89840C2E7B9F1000F0AD04946B8
:10CCE0002846FFF7ADFA31462046FEF7D3FF074648
:10CCF0000028AED10020BDE8F883B9F1000F22D0A2
:10CD000049462846FFF79CFAD5F89C40002CA3D151
:10CD1000D5F89440A3682168626803330B4423F07C
:10CD20000303581A90420ED80A44D31A172B0AD973
:10CD300000F11803A3600C1805D0D5F898300B50FB
:10CD4000C5F898408BE7002FD4D0002ED2D0202EEB
:10CD500016D90523012001E03E2BCBD01946013323
:10CD600000FA03F29642F7D8102BC3D88A1C92001F
:10CD70002A4405EB8303D2683A6000201F6186E7EE
:10CD800018220523F4E700BF70B584B015461A4693
:10CD900003AB002400930E46089B03942946FFF73B
:10CDA00049FF044600B115B9204604B070BD039890
:10CDB0002A4631461EF0BDF9204604B070BD00BFC2
:10CDC0002DE9F843054691461F460E4641B300F152
:10CDD0000C042046FEF75EFF8046002843D0D5F8BD
:10CDE000AC4014B36368C5F8AC30D5F8B03001225C
:10CDF00001332272C5F8B0306B68C4F80C800C3473
:10CE0000E31A43F00043002222726660C7E901364C
:10CE10000C233B70089B0120C3F80080BDE8F88319
:10CE2000D5F8AC408846002CDCD1D5F8A400836846
:10CE30000168426803330B4423F00303A3EB010CA6
:10CE4000624521D30A44D31A172B1DD90CF11803BC
:10CE500011EB0C04836017D0D5F8A83041F80C30E2
:10CE6000C5F8A840C1E7B9F1000F0AD049462846E5
:10CE7000FFF7E6F931462046FEF70CFF8046002812
:10CE8000ADD10020BDE8F883B9F1000F22D04946AA
:10CE90002846FFF7D5F9D5F8AC40002CA2D1D5F83B
:10CEA000A440A3682168626803330B4423F00303A2
:10CEB000581A90420ED80A44D31A172B0AD900F1F7
:10CEC0001803A3600C1805D0D5F8A8300B50C5F88E
:10CED000A8408AE7B8F1000FD3D0002ED1D0202E81
:10CEE00018D90523012001E03E2BCAD01946013391
:10CEF00000FA03F29642F7D8102BC2D88A1C92008F
:10CF00002A4405EB8303D268C8F800200020C3F848
:10CF1000108083E718220523F2E700BF70B584B0C4
:10CF200015461A4603AB002400930E46089B039453
:10CF30002946FFF745FF044600B115B9204604B065
:10CF400070BD03982A4631461EF0F3F8204604B01F
:10CF500070BD00BF2DE9F8438C68944250D20E4654
:10CF60000746994614B9022A67D90224A4466400E8
:10CF7000A242FBD80CEB4C0C5FEACC0507F10C0885
:10CF800052D029464046FEF785FE864600283AD014
:10CF900073688BB303EB430335684FEA83090023BF
:10CFA000EA1807CA0EEB030C0C3399458CE807000E
:10CFB000F6D1B26802EB4202920017D0202A41D982
:10CFC00005234FF0010C01E03E2B0FD01846013332
:10CFD0000CFA03F18A42F7D8102B07D8821C920072
:10CFE00007EB830358F802202A601D61C6F800E0B1
:10CFF000B4600120BDE8F8833568002DF6D0D8E78D
:10D000000120BDE8F883B9F1000F0AD0494638463F
:10D01000FFF716F929464046FEF73CFE86460028F3
:10D02000B6D10020BDE8F883B9F1000FF9D0384639
:10D030004946FFF705F92846DCE707F10C0802240A
:10D0400018259EE718220523CAE700BFFFF782BF15
:10D0500038B515464A6801320C46FFF77BFF034698
:10D0600058B1D4E9002101EB410C013102EB8C0CE9
:10D07000616095E807008CE80700184638BD00BFDE
:10D080002DE9F8434C6816469846621C089B0D46ED
:10D09000FFF760FF074618B326EAE6729442D5F818
:10D0A000049028BF14464C451DD2601C00EB400084
:10D0B0002E688000A9EB0402A0F10C0102EB4202F1
:10D0C0009200314430441EF042F898E8070004EB27
:10D0D000440406EB840409F1010384E807006B6053
:10D0E0003846BDE8F8832E68EFE700BF2DE9F84F1A
:10D0F0008C68944259D20E4607469A4614B9022AC1
:10D1000070D9022425466400A242FBD805EB4505F0
:10D110002D0107F10C085CD029464046FEF7BAFD08
:10D120008146002844D07368CBB303EB4303D6F8A1
:10D1300000A04FEAC30B00250AEB050EBEE80F0066
:10D1400009EB050CACE80F009EE803001835AB4571
:10D150008CE80300F0D1B26802EB4202D20018D092
:10D16000202A44D90523012501E03E2B11D0184681
:10D17000013305FA03F18A42F7D8102B09D8821C33
:10D18000920007EB830358F80220CAF80020C3F886
:10D1900010A0C6F80090B4600120BDE8F88FD6F862
:10D1A00000A0BAF1000FF4D0D5E70120BDE8F88F58
:10D1B000BAF1000F0AD051463846FFF741F8294628
:10D1C0004046FEF767FD81460028ACD10020BDE84F
:10D1D000F88FBAF1000FF9D038465146FFF730F812
:10D1E0002846DAE707F10C080224302594E71822D4
:10D1F0000523C6E72DE9F8430E46496881461746E0
:10D200009846F9B1002502E00135A9421AD93168E2
:10D2100005EB450C01EBCC013A4648464FEACC04FD
:10D22000FEF7E6FD716886460028EDD0A94209D9CF
:10D23000336898E807001C440C3484E80700704603
:10D24000BDE8F8834A1C089B48463146FFF74EFF6D
:10D2500086460028F3D0D6E9003404EB440103EB02
:10D26000C10397E8070083E8070098E80700013446
:10D2700003F10C0585E8070074607046BDE8F8838B
:10D2800082B0019302B070472DE9F047076C002F80
:10D2900040D0836A994206463FD9022B38BF022309
:10D2A000994202D95B009942FCD8756AF46A9D42A2
:10D2B00028BF1D464FF02C0909FB05F13846FEF743
:10D2C0001FFD804630B35CB3D6F820A009FB04F9FB
:10D2D00000240AEB040EBEE80F0008EB040CACE8D7
:10D2E0000F00BEE80F00ACE80F009EE807002C34EA
:10D2F000A1458CE80700ECD1B36A2C225146384690
:10D3000003FB02F2FEF702FDC6F82080B5620120A1
:10D31000BDE8F0870020BDE8F0870120BDE8F08778
:10D32000D6F820A0BAF1000FEED0E5E72DE9F04FD6
:10D33000002485B0CDE9024492F90040042C3FD18D
:10D340009A465368002B074638DB0269934237D26E
:10D35000C26802EBC30152F833204B680393436861
:10D3600013440293D7F86480B8F1000F28D03E6EC2
:10D37000D7F81090DDF80CB00299043E002402E0CA
:10D380000134A0451CD056F8045F4D45F8D2FB6827
:10D3900003EBC50252685A45F2D153F8353078682C
:10D3A00001915A4618441DF0B4FE01990028E7D1B6
:10D3B0000120CAF8004005B0BDE8F08F084619B951
:10D3C000002005B0BDE8F08F114603AB02AAFEF7BE
:10D3D00061FD0028C6D1F3E703780B2B07D8DFE8FF
:10D3E00003F00810161D23292F06060637430020D8
:10D3F00070470023FF22C1E900338B600A700120CF
:10D4000070470023C1E900338B600120704700237F
:10D410000120C1E900338B600870704703790B71FC
:10D4200002220A700120704743684B6003220A7091
:10D430000120704743684B6004220A700120704746
:10D44000D0E9012305200870C1E9012301207047BC
:10D45000037C002BCBD142684FF0FF330B200870C8
:10D46000C1E9012301207047D0E901230C20087095
:10D47000C1E901230120704730B490F90040029DBA
:10D48000042C944644681A4611D00B6924F00040DD
:10D49000984214D2CC68496854F8303004EBC0008C
:10D4A00019444368116001202B6030BC7047002C88
:10D4B000EBDA2B46014630BC6046FEF7EBBC0020A1
:10D4C00030BC70472DE9F047C469894690469A46BA
:10D4D000E4B1A5684F68CDB1666805EB4505B64671
:10D4E0004FF0000C03E0AC450EF10C0E0ED056F8D8
:10D4F0002C40A7420CF1030CF5D1DEF808302BB11B
:10D50000524641464846BDE8F04718470469494637
:10D510002046FEF717FD5346014642462046FEF7D9
:10D520002BFD0120BDE8F087F8B50F4606461946E9
:10D53000D2B194685868BCB1556804EB440EAC464F
:10D54000002203E096450CF10C0C0DD055F822405A
:10D55000A04202F10302F5D1DCF8044024B13046C8
:10D56000069AA0473046F8BD3846FEF7EBFC069B0E
:10D57000024639463046FEF7EDFC3046F8BD00BFA6
:10D580002DE9F84F82468069884236D901EB810146
:10D590001F46DAF81430934603EB810213F821306A
:10D5A000062B2AD1D2F81080B8F1000F28D0D3680A
:10D5B000DAF82440DAF80C9004EBC304002503E009
:10D5C000454504F1080418D0266809EBC603013567
:10D5D0005B68BB42F4D13A46594647B159F8360028
:10D5E000DAF8043018441DF094FD0028E8D10A9AB6
:10D5F000636813600120BDE8F88F0020BDE8F88F54
:10D600004046FBE790F87430ABB110B5C46F24B35B
:10D61000836FA3F1040EF446002301E0A3420CD073
:10D620005CF8040F824203F10103F7D1501C18BFCC
:10D63000104602D010BD886970478869431CF9D133
:10D640000968002301E0A342F4D05EF8042F914260
:10D6500003F10103F7D1084610BD886910BD00BF72
:10D660002DE9F047A6B00646DDF8B8C003939CF953
:10D670000030032B0C46174607D0042B00F0CB805C
:10D680000025284626B0BDE8F087DCF804300A9370
:10D6900000230B930123ADF824309CE8070013AD61
:10D6A00085E807002F9A96F948E0D4F8B43016932D
:10D6B00007CA18ABBEF1070F83E80700129417944E
:10D6C0001B95C4F8B43000F0A3800023CDE92133CA
:10D6D00023930DF1840801238DF884303A464346A4
:10D6E0004FF0FF312046FFF76DF8054600285FD068
:10D6F00098E8070006F1480585E80700D4F8B4303B
:10D70000DDED037A209395E807001DABF8EE677A0C
:10D7100083E807004FF0000829464FF0010AC4F8DB
:10D72000B4302046CDED0D7ACDF830801C94CDF884
:10D7300038808DF830A0FEF701FC0FAE014681461F
:10D740000CAA2046CDF83C80C6E901888DF83CA0A3
:10D75000FEF728FD0546002836D004AD4A4621468E
:10D7600028460CABFEF7ECFC95E8070086E80700BE
:10D770000DF1880896E80700D4F8B4302194C4F875
:10D78000B48088E80700314620462593FEF7D6FB93
:10D790002F9B0097014609AA2046FFF72BFD219BEE
:10D7A000259AC3F8B42005461C9B209AC3F8B420E0
:10D7B00017991B98129B169AC1F8B4002846C3F813
:10D7C000B42026B0BDE8F08733463A464FF0FF312B
:10D7D0002046FEF7F7FF0028E6D0009796E80700FE
:10D7E0000DF18808D4F8B4C02194334688E80700C6
:10D7F000C4F8B4800CAA49462046CDF894C0FFF77F
:10D80000F9FC219B259AC3F8B4200028B2D1CBE7BC
:10D8100006F1480574E7DCF8043000220A92002281
:10D820008DF82420DA0F23F000438DF825200B9388
:10D8300033E700BF2DE9F04F89B08F6D9DF85C5044
:10D8400001921146984601EB810307EB83079DF88F
:10D8500054309DF84C20029304461DB13D690135BA
:10D8600018BF0125BE68761B42B1464506D0189AFE
:10D8700004230020138009B0BDE8F08F6169D4F85B
:10D880001CB0FA68A1EB0B039A4200F2CE80A369A8
:10D890005A449A423CD9D4F840A0BAF1000F00F0A3
:10D8A000C480022B38BF02239A4202D95B009A42FD
:10D8B000FCD8994228BF1946039101EB4101890028
:10D8C0005046FEF71DFA8146002800F0AE80BBF1FD
:10D8D000000F00F0B1800BEB4B0B4FEA8B0CD4F830
:10D8E00010B000230BEB030207CA09EB030E0C3345
:10D8F0009C458EE80700F5D1A26902EB4202594629
:10D9000050469200FEF702FA039BC4F81090A36100
:10D91000E36A05931A46A36A02F1010B9B4509D9F4
:10D9200059462046FFF7B0FC00287ED0E36A0593F5
:10D9300003F1010BE368FA680492A3EB0801464582
:10D94000E369069128BF46460393002A7BD0A1EBEA
:10D950000308D4F810A003EB4303A8EB050808EB79
:10D9600048084FEA830E0AEB83034FEA8808C5F1A3
:10D97000000CA2EB050907930FE066458ABF2268F9
:10D98000324AD21807CA0CF1010C0AEB0E03E1452A
:10D9900083E807000EF10C0E16D008EB0E03002DE5
:10D9A000EBD0BCF1FF3FE8D1079A3B6953601346C7
:10D9B0000CF1010C4FF008021A70E1454FF0000223
:10D9C0009A600EF10C0EE8D1DDE903231344E36104
:10D9D000149A069B266A991A059BE1602C2202FB89
:10D9E00003F3A3F12C0535441A466868F318013097
:10D9F00068600198C4F82CB0B05099600399D96060
:10DA00000499196112994FF0FF32C3E90512029A85
:10DA10001A77169A07CA03F1200400255D6084E88E
:10DA20000700012009B0BDE8F08F189A05230020F7
:10DA3000138009B0BDE8F08FD4F810B0BBF1000F2F
:10DA40003FF462AF58E7039BC1E700BF00BC04008E
:10DA50002DE9F04385B001AE86E80E00C568426846
:10DA600095424ED283689D4204460FD20768691CD6
:10DA7000E16096E8070005EB450507EB8505012306
:10DA800085E80700184605B0BDE8F083691C8B42A5
:10DA90003CD2D0F84090B9F1000F32D0022B38BF01
:10DAA0000223994202D95B009942FCD89A4228BFCE
:10DAB0001A4602EB4201890048469046FEF720F9DB
:10DAC0000746F0B125B305EB4505D4F800E0AD00FD
:10DAD00000230EEB030207CA07EB030C0C339D4235
:10DAE0008CE80700F5D1A26802EB42027146484675
:10DAF0009200FEF70BF9E5682760C4F80880691CFE
:10DB0000B6E70023184605B0BDE8F0830768AFE725
:10DB1000D4F800E0BEF1000FEDD0E4E72DE9F043CA
:10DB2000C46B8BB09046129E1F46002C51D0013C16
:10DB3000036BC46304EB4404054603EB840253F80F
:10DB40002430D2E90109EB6243B12C2202FB03F33A
:10DB50002A6A2C3B1A44D2E903321344EB61EB6886
:10DB6000ADF8041098424FF065038DF800306B4615
:10DB700038BFE8600ECB2846FFF76AFF044660B165
:10DB8000EB6A002B35D02A6A2C2101FB03232046A7
:10DB900043F8289C0BB0BDE8F0830323CDE90300D4
:10DBA000CDE905008DF80C3001238DF810300523E8
:10DBB0000790CDF82080ADF81C30099703AD0FCD4C
:10DBC0000FC695E8070086E8070020460BB0BDE8C1
:10DBD000F0830892099303220123CDE903440794BB
:10DBE000CDE90544ADF81C108DF80C208DF81030EF
:10DBF000E4E7032001221C46C6E90033042130700B
:10DC0000327120464FF0FF323361C6E90233B3610F
:10DC1000318272610BB0BDE8F08300BF4368002B16
:10DC200034D070B400261A461B68147A14B1D46834
:10DC3000A14226D0002BF6D10EB3B2699AB1D0E939
:10DC4000064101F1FF3C1146526801F8043C2546AB
:10DC5000A1F10C0441F8085C614684610CF1FF3CC1
:10DC6000002AF0D1C161D0E90213002206F8042C89
:10DC7000013BA6F10C0246F8081CC0E9022370BC67
:10DC8000704702F10C06002BCDD1D5E7704700BFDD
:10DC900030B50469651C83B007D0069DCDE9003519
:10DCA0002346FFF7DDFC03B030BD012003B030BDDB
:10DCB00008B590F900300C2B0EDC012B14DDA3F11C
:10DCC000020CBCF10A0F0FD8DFE80CF03C102E0C50
:10DCD0001A240C0E0E0C3E00A3F16400B0FA80F082
:10DCE000400908BD012008BD002008BDD0ED017A23
:10DCF000F5EE407AF1EE10FA14BF0120002008BDC5
:10DD00003AB301461046FEF715F94068003818BFCF
:10DD1000012008BDEAB101461046FEF70FF9406840
:10DD2000003818BF012008BD43680A6923F000438A
:10DD30009A42D9D9CA6802EBC3035868003818BFA1
:10DD4000012008BD007908BD8068003818BF012097
:10DD500008BD104608BD00BF82B02DE9F04FCE6D62
:10DD600087B0B242119313D3002203238DF81420FD
:10DD7000ADF81630BDF81420BDF81630002062F35F
:10DD80000F0063F31F4007B0BDE8F04F02B07047CB
:10DD9000C76A436A9F42044655D28E6DD0F81C80F4
:10DDA000416902EB820306EB83061546F368A1EB9B
:10DDB0000802934247D882694344934238D9076C9A
:10DDC000002F40D0022A38BF0222934202D95200CB
:10DDD0009342FCD8914228BF1146894601EB41018C
:10DDE00089003846FDF78CFF824660B3B8F1000F1A
:10DDF00000F0968008EB4808D4F810E04FEA880855
:10DE000000230EEB030207CA0AEB030C0C33984500
:10DE10008CE80700F5D1A26902EB42027146384650
:10DE20009200FDF773FFE76AC4F810A0C4F81890D9
:10DE30007B1C1A460293A36A9A420ED911462046C9
:10DE4000FFF722FA30B9002205238DF81420ADF82F
:10DE500016308FE7E76A7B1C0293D6E9039AE369E1
:10DE600001931AF1010E18BF4FF0010EB9F1000F26
:10DE700032D0AEEB8E08D4F810B003EB43034FEA78
:10DE80008808A8EB83084FEA830C0BEB8303CEF1E1
:10DE9000000E0393002611E0129B73458ABF119A6E
:10DEA000234A521807CA0BEB0C0383E8070001361C
:10DEB0004E450CF10C0C0EF1010E2ED0BAF1FF3FC5
:10DEC00008EB0C01E8D0002EE6D1039B4FF00802CE
:10DED000C3E901A61A70EAE7019BE3612C21029BCA
:10DEE000E36201FB07F7236AE2680199DD511F44F1
:10DEF0000023C7E90132C7E903194FF0FF320120BF
:10DF00000321C7E90522C7E908333B7787F82830A2
:10DF10008DF81400ADF816102CE7019B4B44DCE79C
:10DF2000D4F810E0BEF1000F3FF47DAF73E700BFFF
:10DF300000BC04002DE9F04F2DED068BD1F844C054
:10DF4000D3B0BCF1000F82460A9340F323829FEDC9
:10DF5000468ADFED468A9FED469A0B908B469046A7
:10DF600063469BF84810002942F0F5839BF85C70EB
:10DF7000013BCBF84430002F7CD0DBF82C208BF811
:10DF80005C10002A02F019842C2303FB02F2DBF858
:10DF900020304F912C3ACDE94B11CDE94D115191E3
:10DFA000991803204BAD9A584B6800950121ADF8A4
:10DFB0003C014FF0FF308DF82C118DF8301150904E
:10DFC000BBF85E105846FFF7A9FD88BB0FCDDDF802
:10DFD0002CA054460FC495E8070084E8070050467B
:10DFE00053B0BDEC068BBDE8F08F0A9B1869002882
:10DFF00004F02A81DAF814104D1C04F00C81FDF7AE
:10E00000A5FF0C9B5A6843689A4284F0E980036834
:10E0100002EB420203EB82030ECB5846FFF718FDDA
:10E02000002804F0C380DAF804300133CAF8043061
:10E03000DBF84430002B94DCDDF82CA00023012217
:10E0400003204FF0FF31CAE90033CAF81030CAE9A3
:10E050000233CAF818308AF800208AF80420AAF897
:10E060001000CAF81410BAE7000000CF0000004FFB
:10E0700000000000DBF82C50002D02F085834FF0EB
:10E080002C0C0CFB05FCDBF820E0D8F85C60ACF154
:10E090002C0C0EEB0C0A5EF80C90CDF83890B145C4
:10E0A00082F0A383D8F85820DAF80440099409EBE9
:10E0B000890102EB81000D944068844282F0AC83B8
:10E0C00052F8212009990A441001D8F850100C5C2C
:10E0D00001EB02120C92AB2C00F2778101A252F8F4
:10E0E00024F000BF2BF802000DF90200B3F8020083
:10E0F000C10603008B03030067060300D3FB020085
:10E10000CBE30200CBE30200CBE3020063F30200A7
:10E11000E7F202001D03030097F20200CBE30200C6
:10E12000CBE30200CBE30200CBE30200CBE302002F
:10E13000CBE30200BBFF020073FF0200DFFA020024
:10E14000CBE30200CBE30200CBE30200CBE302000F
:10E15000CBE30200CBE30200CBE302005DFA020056
:10E160005DFD020007FD0200CBE30200CBE30200ED
:10E17000CBE30200CBE30200CBE30200CBE30200DF
:10E18000CBE302006FF6020025F502000DEF02005E
:10E19000CBED0200A3EC0200E3EA0200CBE30200B5
:10E1A000CBE30200CBE30200CBE3020019EA02005A
:10E1B000CDE90200CBE30200CBE30200CBE3020097
:10E1C000CBE30200CBE30200CBE30200CBE302008F
:10E1D000CBE3020013FA0200FBE30200AFF70200F8
:10E1E000CBE30200CBE30200CBE30200CBE302006F
:10E1F000CBE30200CBE30200CBE3020007E4020022
:10E20000B505030007E4020007E40200F103030080
:10E21000CBE30200CBE30200CBE30200CBE302003E
:10E22000CBE30200CBE30200CBE30200CBE302002E
:10E23000CBE30200CBE30200CBE30200CBE302001E
:10E24000CBE30200CBE30200CBE30200B5F4020013
:10E250005BF4020065000300ADF30200A5040300B7
:10E2600083FE0200E3E60200E1E502006302030030
:10E270006901030097FC02001FFC020037F1020055
:10E28000A1F00200CBFF0200CBE30200CBE30200CF
:10E29000CBE30200CBE30200CBE3020033FB02003E
:10E2A000B3E40200B3E4020033F70200E3FD02002E
:10E2B000D5EF020049050300CBE30200CBE30200E7
:10E2C000CBE3020029F902002DE80200CBE30200B3
:10E2D000CBE30200CBE30200CBE30200CBE302007E
:10E2E000CBE30200CBE30200CBE30200CBE702006A
:10E2F0001FFF0200CBE30200CBE30200CBE30200EE
:10E30000CBE30200CBE30200CBE30200CBE302004D
:10E31000CBE302007DE7020047F20200CBE30200FC
:10E32000CBE30200CBE30200CBE30200CBE302002D
:10E33000CBE30200CBE30200CBE30200D1F1020009
:10E3400057E50200CBE30200CBE30200CBE302007F
:10E35000CBE30200CBE30200CBE30200CBE30200FD
:10E36000CBE3020011E4020011E40200CBE302005F
:10E37000CBE30200CBE30200CBE30200CBE30200DD
:10E38000CBE30200CBE30200CBE30200E3E40200B4
:10E39000EBDF020000230120CAE9003303224FF023
:10E3A000FF318AF804005046CAF81030CAE9023337
:10E3B000CAF818308AF80020AAF81020CAF81410F9
:10E3C00053B0BDEC068BBDE8F08FDDF82CA0002328
:10E3D000CAE900330322CAF81030CAE90233042321
:10E3E0008AF80020AAF810300122099B8AF804203C
:10E3F000CAF81490CAF81830F1E5DBF83C2012B1E5
:10E40000013ACBF83C20099A0132CAF8042011E6FF
:10E410000C9B5F68DBF80C30BB4243F2AE86DB1B23
:10E4200003EB43039B00DBF800200C3BD1560B2988
:10E43000134443F08986D3E90129514640460C92A2
:10E44000FFF7E0F80C9A0990002104239642CDE9E9
:10E450004B118DF83411ADF8203142F26186DBF8B2
:10E4600024309D4282F0CD87A4F1A004B4FA84F454
:10E470000591039148A9640906914BAD01210291D0
:10E48000CDF8009001943B46049541465846FFF76D
:10E49000D1F9002805F07A80DBF82C20DBF8203059
:10E4A0002C2101FB0233099A43F8142CDBF8443089
:10E4B000C0E5DDF82CA00023CAE900330322CAF826
:10E4C0001030CAE9023304238AF80020AAF8103079
:10E4D0000122099B8AF80420CAF81490CAF818305F
:10E4E0007DE50A9B1869002804F0A0820C9B9C68BB
:10E4F000DBF80C30A342C4F080824FF0FF334B9323
:10E50000002C42F01F8744930C9B5B6843930B23C2
:10E510008DF8083142AB0ECB5846FFF799FA002828
:10E520007FF481AD5246DDF82CA01368CAF81000C4
:10E53000CAE90000CAE90200CAF81430032053688F
:10E540008AF80000012105228AF80410AAF8102098
:10E55000CAF8183043E5DBF80C30002B02F01D85BB
:10E560000C9ADBF800105268D8F81800013BCBF881
:10E570000C3003EB430301EB8304824211F9233097
:10E58000616884F01086082B03BF521AB2FA82F237
:10E590005209002202238DF8F0308DF8F4203CABB4
:10E5A0000ECB5846FFF754FA00287FF43CAD524694
:10E5B000DDF82CA01368CAF81000CAE90000CAE907
:10E5C0000200CAF81430032053688AF800000121C1
:10E5D00005228AF80410AAF81020CAF81830FEE4C0
:10E5E0000A9B1C69002C03F0CD8748AB1946DBF869
:10E5F0000C200E910023012548934B608B608DF811
:10E600002051002A02F05C82DBF80060501E00EB13
:10E61000400706EB8701D1ED017A16F92760CBF8A8
:10E620000C00002802F04C82023ACBF80C2011E9D1
:10E6300007000E9F87E807009DF92021062A43F076
:10E640003E85032E43F08787F4EE677AF1EE10FAE9
:10E65000CDE94B334D938DF82C514BAD20D1F4EED9
:10E66000C87AF1EE10FA1BDBF4EEE87AF1EE10FA5C
:10E6700016D5BDEEE77A0E9917EE106AB8EEC77A96
:10E680002046F4EEC77AF1EE10FA48BF06F1FF36E5
:10E69000FDF750FC3346024621462846FDF7EEFCC6
:10E6A00095E80E005846FFF7D3F900287FF4BBAC7D
:10E6B0005246DDF82CA01368CAF81000CAE9000021
:10E6C000CAE90200CAF81430032053688AF800002F
:10E6D000012105228AF80410AAF81020CAF818307F
:10E6E0007DE40A9B1E69002E04F07685DBF80C2081
:10E6F00000234BAD01244B93C5E901338DF82C4128
:10E70000002A02F06284DBF80010013ACBF80C20FA
:10E7100002EB420201EB820207CA85E807009DF97D
:10E720002C21062A44F0AD8229463046FDF702FC32
:10E7300033AD024631462846FDF778FC95E80E00D9
:10E740005846FFF785F900287FF46DAC5246DDF896
:10E750002CA01368CAF8143003215368CAF81000BB
:10E760000522CAE90000CAE902008AF804408AF8D2
:10E770000010AAF81020CAF8183030E40A9B196873
:10E78000002903F0DB87013D53461A7F013D002A33
:10E7900042F085806E1CA3F12C03F6D1DDF82CA08D
:10E7A0000323CAE900228AF800300423CAF81020A3
:10E7B000CAE90222AAF810300122099B8AF8042033
:10E7C000CAF81490CAF8183009E40C9BDAF8102043
:10E7D0005B68934284F04980DAF80C201344DBF83C
:10E7E000102003EB430302EB83030ECB5846FFF7E5
:10E7F0002FF900287FF417AC5246DDF82CA01368DF
:10E80000CAF81000CAE90000CAE90200CAF81430C8
:10E81000032053688AF80000012105228AF80410B9
:10E82000AAF81020CAF81830FFF7D9BBDBF80C3073
:10E83000022B43F245860A9A1069002803F02986C4
:10E8400003EB4303DBF800109B000C3B19440A9BCD
:10E8500045AF4FF00009CDF814915A69C7E9019905
:10E8600001263B468DF81461FEF700F9002803F0FD
:10E87000F785DBF80C30CDF8289148ACCDE9489904
:10E880000E948DF82061002B03F0CF855A1ECBF833
:10E890000C20002A03F0C985DBF80020023BCBF8EE
:10E8A0000C3003EB430302EB830393E8070084E897
:10E8B00007009DF92041042C43F0B78513E90700B8
:10E8C0004BAD85E807009DF92C31082B43F0978567
:10E8D0000A9ACDF86090D369CDF87890002B3FF478
:10E8E000A2AB1EAC00940E98126918AB4146FEF71D
:10E8F000C3FD00283FF497AB0A9BDB69D3F8009077
:10E900004C9BD9F818209342BFF48DAB142203FB23
:10E9100002F2D9F81430995C062913447FF483ABD2
:10E92000186900283FF47FABDB68D9F824401E9AB1
:10E93000CDF8308004EBC304D9F80C300D970E9558
:10E9400018990026804617461D4604E0B04504F19C
:10E95000080403F09680206805EBC00C0136DCF853
:10E9600004309F42F2D15FB1D9F8043055F830003D
:10E97000099118443A461CF0CCFB09990028E5D1CE
:10E98000DDE90C870E9D62680A983B462946FEF732
:10E9900099FD00287FF447AB5446DDF82CA023688E
:10E9A000CAF81000CAE90000CAE90200CAF8143027
:10E9B000032063688AF80000012104228AF8041009
:10E9C000AAF81020CAF81830FFF709BB534654467E
:10E9D000DDF82CA01A7F002A42F00C80013DA3F143
:10E9E0002C03F7D10999012200231144CAE900330D
:10E9F000CAF81030CAE902336160CAF8183003213E
:10EA00004FF0FF338AF800208AF80420AAF810108B
:10EA1000CAF81430FFF7E3BA6A1E5346197F013A69
:10EA2000002941F07087561CA3F12C03F6D10A9BF4
:10EA30009B6A002B03F06B86DBF80C20002A02F0A7
:10EA40005583013ADBF80010CBF80C2002EB4200B2
:10EA500001EB800411F920106768642944F01B82DF
:10EA60005C68002C04F0FE81002023462468197A9B
:10EA700019B1D9688F4201F06A86002CF5D10028BF
:10EA800004F0F0810679012E02F07585023E012E18
:10EA900003F2A980818A4F940120CDE94B448DF87F
:10EAA0002C018DF8300103204BADADF83C014FF047
:10EAB000FF305090099B00954A465846CDE94D4499
:10EAC0005194FFF72BF800287FF4B2AA0FCDDDF8A0
:10EAD0002CA054460FC495E8070084E80700FFF710
:10EAE0007EBA013D53461A7F013D002A41F06587F9
:10EAF0006A1CA3F12C03F6D10A9B986A002803F044
:10EB000065870C9BDBF80C209B680E939A420F9252
:10EB1000C3F043870A9B0C9A9C6856685D68002C7A
:10EB200002F0648004EB84042B46002204E094424B
:10EB300003F1140302F05A8055F822108E4202F1BC
:10EB40000502F4D11A691092002A02F04F800A9A45
:10EB500012680D92002A02F0C2860C99926AC96866
:10EB6000914282F0BC86C26811921446026A9442B5
:10EB700083F0D580DAF818500D9A6F1CD16015D14A
:10EB800098F8742092B1D8F87C407CB1D8F878100D
:10EB90005EF80C600439002201E0944206D051F87E
:10EBA000047FBE4202F10102F7D135460D9A15618C
:10EBB0008268002A02F0BA8551688160119C476A18
:10EBC000012601340021167207EB060CC4600324F1
:10EBD000C0F824C05161C2E90611C2E90911D76029
:10EBE000117416751484002F02F03F86DDE90E12B1
:10EBF000DD68DBF800301C90521A02EB420203EB96
:10EC000082021D971CAB4C9193E803008DE8030032
:10EC1000DDF834904B9228464BAD95E80C00494600
:10EC2000109DA84748909DF820514FF0FF33C9E947
:10EC30000333002D03F0CA810A9BD86828B103680A
:10EC40005C68B14B9C4242F0BD85DBF80C300E9AFB
:10EC50002E979B1ACBF80C3064238DF8B4302DAB73
:10EC60000ECB5846FEF7F4FE002840F0968352463D
:10EC7000DDF82CA01368CAF81000CAE90000CAE940
:10EC80000200CAF81430032053688AF800000121FA
:10EC900005228AF80410AAF81020CAF81830FFF7E5
:10ECA0009EB90C9BDBF80C709E68B742C3F0818064
:10ECB0000A9B0C9A986855685C68002801F07D876B
:10ECC00000EB80002246002304E0834202F114029C
:10ECD00001F0738754F823108D4203F10503F4D13A
:10ECE00053680D93002B01F068870A9B1C68002C69
:10ECF00002F0D4850C9BD968A36A994282F0CE8534
:10ED0000DAF81850E160681C16D198F874309BB19D
:10ED1000D8F87C0080B1D8F878105EF80CC00439BF
:10ED20000023864601E09E4506D051F8040F844535
:10ED300003F10103F7D16546D16825610096DBF840
:10ED400000304996BF1B07EB470703EB87034BAD2A
:10ED5000489328460D9F2246B8470A9BD86848B179
:10ED60000C9B499FDA6859680368019500971F68F2
:10ED7000489BB847DBF80C309B1BCBF80C304FF0AE
:10ED8000FF33C4E90333584695E80E00FEF760FEF2
:10ED9000002840F002835246DDF82CA01368CAF820
:10EDA0001000CAE90000CAE90200CAF814300320C2
:10EDB00053688AF80000012105228AF80410AAF895
:10EDC0001020CAF81830FFF70AB9013D53461A7FE0
:10EDD000013D002A41F0D485681CA3F12C03F6D133
:10EDE0000A9BDE6A002E02F0C685996A002902F0AD
:10EDF000C2850C9B98F86800D3E90124DB680028E1
:10EE000002F0A085D8F87000824282F09B85DBF882
:10EE10000C00A042C3F0DD87CD68096A8D4283F003
:10EE2000BF87D8F86C10DAF818700C9111010991AD
:10EE3000791C18D198F87410A9B1D8F87CC0BCF12D
:10EE4000000F10D0D8F878500021043D964602E01B
:10EE50008C4502F0B48455F8042F914501F101016D
:10EE6000F6D172464F460C99099DD6F800E051F84C
:10EE700005C0DBF800104C94001B00EB400001EBD8
:10EE800080004B904BAD95E803000DF1040948ADAF
:10EE9000039589E80300009730460326DEF800500A
:10EEA000ADF820616146A847002802F05187DBF8E1
:10EEB0000C3040901B1BCBF80C3064238DF8FC30D9
:10EEC0003FAB0ECB5846FEF7C3FD00287FF4ABA83E
:10EED0005246DDF82CA01368CAF81430012153689B
:10EEE000CAF800000522CAF80400CAF81000CAE9EE
:10EEF00002008AF800608AF80410AAF81020CAF804
:10EF00001830FFF76CB800BF81D202000C9998F856
:10EF10006820D1E90103C9680C91002A02F0F78446
:10EF2000D8F87020904282F0F284DBF80C209A42EC
:10EF3000C3F0CA87DAF81840D8F86C200992671C29
:10EF40004FEA001E15D198F8742092B1D8F87C7061
:10EF50007FB1D8F8781000220439A44602E0974225
:10EF600002F0008451F8044FA14502F10102F6D1EC
:10EF70004C46099A0C9952F80E204B904C91002067
:10EF80000421B242ADF820114D9082F0E280DBF80E
:10EF900024108D4282F03982012105910391019163
:10EFA00048A906914BAD4FF0FF31029000910495B6
:10EFB00041465846FEF73EFC002804F06683DBF825
:10EFC0002C20DBF820302C2101FB023343F8144CB9
:10EFD000FFF72EB80A9B1B69002B02F0D38648ABC3
:10EFE000DBF80C700E9300241E464BAD4FF001036E
:10EFF0004B944894C5E90144CDE949448DF820314A
:10F000008DF82C31002F01F0BF8507F1FF3CDBF8B4
:10F010000030CBF80CC00CEB4C0203EB820393E8FE
:10F02000070086E80700BCF1000F01F0AD8513E989
:10F03000070085E807009DF92C31023F082BCBF82B
:10F040000C7043F091840C9B0A985A680E9B2946D9
:10F05000FEF738FA002803F06C8495E80E00584655
:10F06000FEF7F6FC00287EF4DEAF5246DDF82CA059
:10F070001368CAF814305368CAF810004FF0010240
:10F08000CAE9000003218AF804200522CAE9020027
:10F090008AF80010AAF81020CAF81830FEF79FBFAF
:10F0A0000A9B1D69002D04F0E080DBF80C20002392
:10F0B00045AF4FF0010C4593C7E901338DF814C1FA
:10F0C000002A01F02F85DBF80040501E00EB4006BF
:10F0D00004EB8601CBF80C0014F926404E6800289A
:10F0E00001F02085023ACBF80C2011E9070087E8EF
:10F0F00007009DF91421072A42F0B387032C02F080
:10F100008881042C02F00783DDF82CA0CAE90033C3
:10F11000CAF81030CAE90233032304228AF8003007
:10F12000099BCAF814908AF804C0AAF81020CAF8FB
:10F130001830FEF754BF0A9B1C69002C02F0D687DA
:10F1400048ABDBF80C200E931F464FF0010C002358
:10F150004893C7E901338DF820C1002A01F0C98422
:10F16000DBF80050511E01EB410605EB8600CBF8A1
:10F170000C1015F926504668002901F0BA84023AAD
:10F18000CBF80C2010E9070087E807009DF9202143
:10F19000072A42F07D87032D02F07081042D02F0D2
:10F1A000AF82DDF82CA0CAE90033CAF81030CAE9F2
:10F1B0000233032304228AF80030099BCAF8149012
:10F1C0008AF804C0AAF81020CAF81830FEF707BF62
:10F1D000DBF80C30002B01F099860C9ADBF800105C
:10F1E0005268013BCBF80C3003EB4303584611F94E
:10F1F00023309B1AB3FA83F35B098DF8E8300223BE
:10F200008DF8E43039AB0ECBFEF722FC00287EF4FB
:10F210000AAF5446DDF82CA02368CAF81000CAE9EA
:10F220000000CAE90200CAF81430032063688AF8B3
:10F230000000012105228AF80410AAF81020CAF85B
:10F240001830FEF7CCBE0A9A1268002A03F08A84AE
:10F25000013D5046017F013D002941F0F4826C1CC4
:10F26000A0F12C00F6D1DDF82CA00323CAE900118F
:10F270008AF800300423CAF810100122AAF81030CE
:10F28000099B8AF80420CAE90211CAF81490CAF846
:10F290001830FEF7A4BE0A9A1168002902F02885EA
:10F2A0000C9A50680A6A904282F00A85DBF80C508A
:10F2B000002D02F01086CE69DBF80010099C00EBEF
:10F2C000400006EB800605EB450001EB800111E9EB
:10F2D00007000134013D86E80700CBF80C50CAF85E
:10F2E0000440FEF7A7BE0C9A5468D8F864209442F4
:10F2F00083F003860A9AD2F800C0BCF1000F02F036
:10F300005283DCF81820944282F04D83DBF80C60C5
:10F31000002E03F00B8606EB4607DBF80020BF004B
:10F320000C3F02EB070E9EE807004BAD85E8070097
:10F33000DBF80020D257082A01F03C87DCF81420C3
:10F340000D9F04EB440402EB840495E80700013EA2
:10F35000013784E80700CBF80C60CAF80470FEF7A8
:10F3600069BE0C9BD8F864205B68934283F0AF823F
:10F370000A9A1268002A02F02E8391698B4282F069
:10F380002A83526903EB430302EB83030ECB5846F7
:10F39000FEF75EFB002803F05A86DAF804300133EA
:10F3A000CAF80430DBF84430FEF744BE0A9A176905
:10F3B000002F02F07985DBF80C20022A42F25B85EF
:10F3C00002EB4205AD00DBF80040A5F12401A5F1F8
:10F3D00018006656062E214404EB000C42F03285DC
:10F3E0002056032843F09E80DCED017AF4EE677A24
:10F3F000F1EE10FA28D1F4EEC87AF1EE10FA23DB20
:10F40000F4EEE87AF1EE10FA1ED5BDEEE77A384652
:10F4100017EE106AB8EEC77AF4EEC77AF1EE10FA7A
:10F4200048BF06F1FF36FCF785FDA5F10C03014648
:10F43000234432463846FCF7CDFDDAF804300D930C
:10F44000DBF80C20DBF84430023ACBF80C200D9AA4
:10F450000132CAF80420FEF7EDBD0A9B1C69002C9E
:10F4600002F09D85DBF80C30012B42F27F8503EB27
:10F4700043039B00DBF80010A3F118000C3BCA18F3
:10F480000B56062B014442F0588520460992FCF7A2
:10F4900051FD0A9B099A5B6901462046FDF7D8FD9C
:10F4A000002802F03085DBF80C30013BCBF80C3043
:10F4B000FEF7B9BD0A9B1869002803F081850C9BF3
:10F4C0004BAD996800234B93C5E901330A9B012496
:10F4D0005A698DF82C412B46FDF70AF9002803F0F4
:10F4E000568595E80E005846FEF7B2FA00287EF4DD
:10F4F0009AAD5246DDF82CA01368CAF814300321E7
:10F500005368CAF810000522CAE90000CAE90200DF
:10F510008AF804408AF80010AAF81020CAF81830B7
:10F52000FEF75DBD013D53461A7F013D002A41F0C3
:10F530000782691CA3F12C03F6D10A9B996A002962
:10F5400002F061821D68002D02F05D820C9BDBF8E9
:10F550000CE0D3E90164A645C3F0D281B6F5806F13
:10F56000C1F05D830A9BD3E90837002F01F0578370
:10F57000002204E0BA4203F1100301F0508318683E
:10F58000864202F10102F5D1DA680D930C92002A4D
:10F5900001F04583CE680A6A964283F09F808A68AC
:10F5A000002A02F07180506888604F6A4FF00103B2
:10F5B000137201367B1CCE604B62002003264FF095
:10F5C00001035061C2E90600C2E90900D760107466
:10F5D00013751684002F02F02F810D9B1A91AEEB4C
:10F5E000040202EB42019A68DBF800301B9703EB40
:10F5F00081034B931AAB93E803008DE803004C940E
:10F6000029464BAD104695E80C000C9DA84710F01C
:10F61000FF05489003F04380DBF80C302B971B1B51
:10F62000CBF80C3064238DF8A8302AAB0ECB5846AB
:10F63000FEF70EFA00287FF4B0AE5146DDF82CA09C
:10F6400005234FF00102CAF80400CAF810008AF836
:10F650000420AAF81030D1E90023CAF80000CAE952
:10F660000200CAE905238AF80060FEF7B8BC0C9BCB
:10F67000D3E90106DBF80C30B342C2F0FC85DBF8BD
:10F68000002019969F1B07EB4707002102EB870715
:10F690001EAC0125B0F5806F1E911897C4E90111C9
:10F6A0008DF8785081F0BF85A0F13002032A41F235
:10F6B0007386652801F081870A9900940A694B9244
:10F6C0004A694C928A694D9218ABCA694E9293E886
:10F6D00006004BABF8F740FE4890C3B2010C002B7C
:10F6E00003F0A587DBF80C309B1BCBF80C30584699
:10F6F00094E80E00FEF7ACF900287FF44EAE5246B7
:10F70000DDF82CA01368CAF81000CAE90000CAE9A5
:10F710000200CAF81430032053688AF8000001215F
:10F7200005228AF80410AAF81020CAF81830FEF74B
:10F7300056BC0A9B1D69002D02F06D830C9BDBF803
:10F740000C205E68731C9A42C2F04C83931BDBF85A
:10F7500000000D93002E01F07B8203EB430300EBCE
:10F760008303002202E0964201F0728293F90010B6
:10F77000042902F1010203F10C03F4D0DDF82CA0FE
:10F780000023CAE900330322CAF81030CAE9023361
:10F7900004238AF80020AAF810300122099B8AF875
:10F7A0000420CAF81490CAF81830FEF718BCDBF829
:10F7B0000C30002B01F03984591EDBF80000CBF827
:10F7C0000C1001EB410100EB810410F92110099BA1
:10F7D00000206529A1884F90CDE94B00CDE94D006F
:10F7E00051904FF001008DF82C018DF830014FF051
:10F7F00003004BADADF83C014FF0FF3018BF0421C2
:10F8000050904A4600955846FEF788F900287EF445
:10F810000FAC2C460FCCDDF82CA055460FC594E854
:10F82000070085E80700FEF7DABB0C9B5E68D8F896
:10F8300034309E4282F03885D8F8403006EB860698
:10F84000002413F826204A9448A90127092ACDE963
:10F8500048440E9103EB86068DF8207101F0158562
:10F860000E993046FDF7B8FD002802F036850E9B54
:10F8700058460ECBFEF7ECF800287EF4D4AB524687
:10F88000DDF82CA01368CAF81000CAE90000CAE924
:10F890000200CAF81430032053688AF800000121DE
:10F8A00005228AF80410AAF81020CAF81830FEF7CA
:10F8B00096BBDBF80C30002B02F02885DBF800202B
:10F8C00003EB430302EB830313E90E005846FEF7F4
:10F8D000BFF800287EF4A7AB5246DDF82CA01368D1
:10F8E000CAF81000CAE90000CAE90200CAF81430D8
:10F8F000032053688AF80000012105228AF80410C9
:10F90000AAF81020CAF81830FEF769BBDBF80C2003
:10F91000002A01F0C482013ACBF80C20099A013286
:10F92000CAF80420FEF786BB48AB1A46DBF80C5039
:10F930000E920023012645AF489345935360C7E9D3
:10F94000013393608DF814618DF82061002D01F072
:10F950006C8005F1FF3CDBF80040CBF80CC00CEBF1
:10F960004C0204EB820494E8070087E80700BCF12E
:10F97000000F01F05A8014E90700023DCBF80C504B
:10F980009DF914510E9C042D84E8070042F0208557
:10F990009DF920214D93082ACDE94B334BAD8DF8CD
:10F9A0002C6114D10A9A1269002A02F06286CDE90C
:10F9B00017331E930A9BDB694BB118AB0093384693
:10F9C00017AB4146FDF758FD002841F01D8795E82B
:10F9D0000E005846FEF73CF800287EF424AB524651
:10F9E000DDF82CA01368CAF81000CAE90000CAE9C3
:10F9F0000200CAF81430032053688AF8000001217D
:10FA000005228AF80410AAF81020CAF81830FEF768
:10FA1000E6BADBF83C40DBF83460B44282F03E8763
:10FA2000DBF83820944204F1010181F016830C9A2E
:10FA3000CBF83C1051680D9A04EB44041144501C5F
:10FA4000DBF8302042F8245002EB8404DBF80C2071
:10FA5000C4E90121CAF80400FEF7ECBA0C9B9C68CB
:10FA6000DBF80C30A342C2F044850C9BD3F8049021
:10FA700051464A464046FDF7C5FD00220423B145E4
:10FA8000CDE94B2207468DF83421ADF8203181F0C5
:10FA9000B382DBF824309D4281F0AF8448A90691FF
:10FAA0004BAD4FF0FF314FF0010CCDE90222CDE913
:10FAB000001C059223464A46049541465846FDF7E8
:10FAC000B9FE002803F0D385DBF82C20DBF82030CA
:10FAD0002C2101FB023343F8147CFEF7A9BA002263
:10FAE000DBF80C304D92CDE94B2201224BAD8DF865
:10FAF0002C21002B01F08D81DBF80020013BCBF89D
:10FB00000C3003EB430302EB830393E807000A9BEB
:10FB100085E807001A6928464146FEF7C9F800281B
:10FB20003EF481AA0C9B5A68DAF804301344FEF7BD
:10FB30007DBA0A9B1869002802F050860C9B5A680F
:10FB4000002A43F0B7820C9B99684C1C10D0D8F85F
:10FB50001830994283F00382D8F8143001EB810405
:10FB600003EB840513F82430062B41F03E83AA688A
:10FB700000234BAD4B930095C5E901330A9B01244B
:10FB80005B698DF82C41FCF733FE002802F02885D4
:10FB900095E80E005846FDF75BFF00287EF443AA67
:10FBA0005246DDF82CA01368CAF8143003215368BC
:10FBB000CAF810000522CAE90000CAE902008AF862
:10FBC00004408AF80010AAF81020CAF81830FEF78E
:10FBD00006BADBF80C40002C01F0C7810C9ADBF868
:10FBE00000605768013C04EB440206EB820207CA3E
:10FBF0004BADA74285E80700CBF80C4082F01C868D
:10FC0000E41B95E8070004EB440406EB8404099E1A
:10FC1000013604E90700CAF80460FEF70BBA0A9B34
:10FC20001C69002C03F0A882DBF80C30022B43F295
:10FC30008A8203EB43039B00DBF80020A3F124013D
:10FC4000A3F1180055560C3B072D1344114402EB49
:10FC5000000643F05F821256032A01F07084042AE2
:10FC600001F03685DDF82CA00023CAE90033032219
:10FC7000CAF81030CAE9023304238AF80020AAF82F
:10FC800010300122099B8AF80420CAF81490CAF89F
:10FC90001830FEF7A4B90A9B1869002803F0C08148
:10FCA0000C9B4BAD996800234B93C5E901330A9B2C
:10FCB00001245A698DF82C412B46FCF783FD00285E
:10FCC00003F0958195E80E005846FDF7C1FE002827
:10FCD0007EF4A9A95246DDF82CA01368CAF81430A6
:10FCE00003215368CAF810000522CAE90000CAE9D6
:10FCF00002008AF804408AF80010AAF81020CAF816
:10FD00001830FEF76CB90A9B186B002802F00582C8
:10FD10000C9B5968036803241B68ADF82C414BAA5F
:10FD2000984700287EF47FA95146DDF82CA0BDF845
:10FD30002C31CAF804000122CAF810008AF8042005
:10FD4000AAF81030D1E90023CAF80000CAE902007D
:10FD5000CAE905238AF80040FEF741B9DBF80C3008
:10FD6000002B01F06D80013BDBF80020DAF80C403D
:10FD700003EB430102EB8102DAF808108B4228BF43
:10FD80000B4607CA48AE86E80700013DCBF80C30A9
:10FD9000CBF82C5096E80E00CBF81C4058460E9637
:10FDA000FDF756FE002802F03D87DBF82C30002BD3
:10FDB0007EF43EA9DDF82CA00E9ACAF8183007CAC6
:10FDC00055464BAC05F8043B84E8070085E807007E
:10FDD0004FF0FF330322AAF81020CAF81430FEF7C0
:10FDE000FEB80A9B1D69002D02F00F85DBF80C2080
:10FDF000002348AE0124CDE948330E964A938DF88E
:10FE00002041002A01F09A80DBF80010013ACBF87B
:10FE10000C2002EB420201EB820207CA86E80700CF
:10FE20009DF92021082A42F0C4830C9B0A9A5B6842
:10FE3000009329464BAD0E9BD2692846FDF774FB13
:10FE400095E80E005846FDF703FE00287EF4EBA867
:10FE50005246DDF82CA01368CAF814300321536809
:10FE6000CAF810000522CAE90000CAE902008AF8AF
:10FE700004408AF80010AAF81020CAF81830FEF7DB
:10FE8000AEB80A9B1E69002E02F0E486DBF80C2057
:10FE900000234BAD01244B93C5E901338DF82C4170
:10FEA000002A00F0E587DBF80010013ACBF80C20BF
:10FEB00002EB420201EB820207CA85E807009DF9C6
:10FEC0002C21062A42F0F48629463046FCF732F807
:10FED00030AD024631462846FCF792F895E80E0010
:10FEE0005846FDF7B5FD00287EF49DA85246DDF882
:10FEF0002CA01368CAF8143003215368CAF8100004
:10FF00000522CAE90000CAE902008AF804408AF81A
:10FF10000010AAF81020CAF81830FEF760B80C9A42
:10FF20005168DAF81020914282F02082DBF80C2030
:10FF3000002A00F03E87DBF80000DBF81060099C27
:10FF4000013ACBF80C2002EB420200EB8202DAF815
:10FF50000C00014401EB410106EB810607CA0134A4
:10FF60004BAD85E8070086E80700CAF80440FEF7B5
:10FF700061B80022DBF80C304D92CDE94B22012212
:10FF80004BAD8DF82C21002B00F02C87DBF80020E6
:10FF9000013BCBF80C3003EB430302EB830393E804
:10FFA00007000A9B85E807001A6928464146FDF7C5
:10FFB0007FFE00287EF437A8B4E50C9A09995268B0
:10FFC0000A44CAF80420FEF735B80A9B1C69002CC5
:10FFD00002F0318748ABDBF80C200E931F464FF040
:10FFE000010C00234893C7E901338DF820C1002A92
:10FFF00000F04D85DBF80050511E01EB410605EB8A
:020000023000CC
:100000008600CBF80C1015F926504668002900F040
:100010003E85023ACBF80C2010E9070087E807007C
:100020009DF92021072A43F05E80032D01F05782BD
:10003000042D01F05A83DDF82CA0CAE90033CAF878
:100040001030CAE90233032304228AF80030099BE6
:10005000CAF814908AF804C0AAF81020CAF8183018
:10006000FDF7BDBF0A9B1C69002C03F0158148AB4E
:100070001946DBF80C200E910023012548934B60B4
:100080008B608DF82051002A00F06585DBF8006058
:10009000501E00EB400706EB8701D1ED017A16F9FF
:1000A0002760CBF80C00002800F05585023ACBF809
:1000B0000C2011E907000E9F87E807009DF9202119
:1000C000062A43F01781032E43F0FD80F4EE677A91
:1000D000F1EE10FACDE94B334D938DF82C514BAD29
:1000E00020D1F4EEC87AF1EE10FA1BDBF4EEE87AD8
:1000F000F1EE10FA16D5BDEEE77A0E9917EE106AFA
:10010000B8EEC77A2046B4EEE77AF1EE10FAC8BF2F
:1001100006F1FF36FBF70EFF33460246214628461E
:10012000FBF73CFF95E80E005846FDF791FC0028D0
:100130007DF479AF5246DDF82CA01368CAF81000A0
:10014000CAE90000CAE90200CAF814300320536863
:100150008AF80000012105228AF80410AAF810206C
:10016000CAF81830FDF73BBF0A9A1769002F02F052
:100170007484DBF80C10022942F23B8501EB41024A
:100180009200DBF80000A2F1240EA2F1180410F98D
:100190000E600C3A062E864400EB040500EB020CC0
:1001A00042F00E850457032C41F045848256032A01
:1001B00041F04184D5ED017AF4EE677AF1EE10FA60
:1001C00046D1F4EEC87AF1EE10FA41DBF4EEE87AAB
:1001D000F1EE10FA3CD5BDEEE77A17EE102AB8EE34
:1001E000C77AF4EEC77AF1EE10FA00D5013ADCEDE9
:1001F000017AF4EE677AF1EE10FA29D1F4EEC87ABA
:10020000F1EE10FA24DBF4EEE87AF1EE10FA1FD5E5
:10021000BDEEE77A714617EE103AB8EEC77A384667
:10022000F4EEC77AF1EE10FA48BF03F1FF330C93F6
:100230000992FBF77FFE0C9B099A01463846FBF7B3
:1002400059FFDAF804300D93DBF80C10DBF844307A
:100250000D9A03390132CBF80C10CAF80420FDF7CF
:10026000E9BE0A9A1769002F02F09384DBF80C208C
:10027000022A42F2E18702EB4205AD00DBF80040C2
:10028000A5F12401A5F118006656062E214404EBC1
:10029000000C42F0B8872056032842F08080DCED45
:1002A000017AF4EE677AF1EE10FA2ED1F4EEC87A04
:1002B000F1EE10FA29DBF4EEE87AF1EE10FA24D52B
:1002C000BDEEE77A384617EE106AB8EEC77AF4EE5C
:1002D000C77AF1EE10FA48BF06F1FF36FBF72AFEA7
:1002E000A5F10C0323440A9C64690094014632463C
:1002F0003846FCF7C5FE002803F05381DAF80430D5
:100300000D93DBF80C20DBF84430033ACBF80C20DB
:100310000D9A0132CAF80420FDF78CBE0A9B1A68B8
:10032000002A02F076810C9B5968136A994237BF04
:10033000D369B44B01EB410103EB810393E8070060
:100340004BAD85E80700584695E80E00FDF780FBA9
:1003500000287FF422A85246DDF82CA01368CAF8C2
:100360001000CAE90000CAE90200CAF814300320EC
:1003700053688AF80000012105228AF80410AAF8BF
:100380001020CAF81830FDF72ABE0C9B5A68D8F81E
:100390002C309A4282F0A384D8F8383003EB8203E1
:1003A00003241B6822938DF8844021AB0ECB584662
:1003B000FDF74EFB00287DF436AE5246DDF82CA04A
:1003C0001368CAF8143001215368CAF800000522E6
:1003D000CAF80400CAF81000CAE902008AF800400E
:1003E0008AF80410AAF81020CAF81830FDF7F7BDF3
:1003F000DBF80C70002F01F04B84DBF80020DAF8FA
:10040000184007EB470102EB81020A99086809903E
:10041000D1E9046912E9070048AD85E80700611CCD
:100420000E9540F0AF8498F874206AB3D8F87C0039
:1004300050B3D8F878105EF80C400439002201E07F
:10044000904221D051F8045FAC4202F10102F7D191
:1004500000224B924D9203228DF82C216A4A4C9235
:10046000621C4BAD10D07EB10E9B0998CDE90053B4
:100470004A4623463146FDF7F3F8DAF804300D9387
:10048000DBF80C70DBF844309DF92021013F012A94
:10049000CBF80C7000F033850D9A0132CAF80420B5
:1004A000FDF7C8BD0A9B1D69002D01F0C385DBF86F
:1004B0000C20002348AE0124CDE948330E964A9320
:1004C0008DF82041002A00F00385DBF80010013A86
:1004D000CBF80C2002EB420201EB820207CA86E84D
:1004E00007009DF92021062A41F08D850E992846A6
:1004F000FBF720FDD0ED017AF8EE677A0326CDED0B
:100500004C7A8DF82C614BAD95E80E005846FDF7FE
:100510009FFA00287DF487AD5246DDF82CA0052314
:10052000CAF81000AAF81030D2E90023CAF8000077
:10053000CAF80400CAE90200CAE905238AF8006083
:100540008AF80440FDF74BBD0A9B1869002802F0A9
:100550001084DBF80C30002B02F0F38303EB430331
:10056000DBF800109B000C3B4BAD194400234B9370
:10057000C5E901330A9B01245A698DF82C412B46A9
:10058000FCF774FA002802F0C383DBF80C30DBF8C8
:10059000004095E8070003EB430304EB8304DAF81B
:1005A00004305E1CDBF8443004E90700CAF804603C
:1005B000FDF740BDDBF80C70002F01F05183DBF834
:1005C00000200A9907EB470302EB8302D1E9046498
:1005D000D1F80090DAF8183012E9070048AD85E844
:1005E00007000E955D1C40F0C38398F874306BB320
:1005F000D8F87C0050B3D8F878105EF80C30043985
:10060000002205E000BC0400000080BF90421DD025
:1006100051F8045FAB4202F10102F7D100224B9284
:100620004D9203228DF82C21581CD44A4C924BAD8C
:100630000CD05EB10E9A0192314600952246484692
:10064000FDF70EF80A9BDBF80C701E690E98013F4F
:10065000CBF80C7032464146FDF72AFB00283FF4E8
:1006600061AAFDF7E0BC0C9BD8F830205B68934290
:1006700081F0E687259304238DF8903024AB0ECBD0
:100680005846FDF7E5F900287DF4CDAC5246DDF87B
:100690002CA01368CAF81000CAE90000CAE90200D9
:1006A000CAF81430032053688AF80000012105229B
:1006B0008AF80410AAF81020CAF81830FDF78FBC89
:1006C000DBF80C40002C00F0C981651EDBF800301F
:1006D000CBF80C5005EB450203EB820393E80700CF
:1006E00048AE86E80700002D00F0B88113E9070046
:1006F000023C4BAD85E80700CBF80C4096E80E00B5
:100700005846FDF7A5F938B195E80E005846FDF7B3
:100710009FF900287DF487AC5446DDF82CA02268B0
:10072000CAF814200023CAE90033CAF81030CAE915
:1007300002336268CAF818200320012105238AF8D1
:1007400000008AF80410AAF81030FDF748BC03F145
:100750000C00FEF792B9DDF82CA000230120032144
:100760004FF0FF32CAF80430CAF81030CAE9023339
:10077000CAF80030CAF818308AF80400AAF8101035
:10078000CAF81420FDF72BBCDDF82CA00323CAE91E
:100790000055012104228AF800304FF0FF33CAF8D7
:1007A0001050CAE90255CAF818508AF80410AAF87D
:1007B0001020CAF81430FDF712BCDDF82CA0BBF8ED
:1007C0005E10CAF810200123CAE9002203208AF82B
:1007D00004304FF0FF33CAE90222CAE905328AF831
:1007E0000000AAF81010FDF7FABB5346DDF82CA064
:1007F0005B68CAF810700322CAE9007701218AF801
:1008000000200422CAE90277CAE905938AF8041095
:10081000AAF81020FDF7E3BBDDF82CA00323CAE9FA
:10082000007701228AF800300423CAF81070CAE960
:1008300002778AF80420AAF81030CAF81490CAF88F
:100840001840FDF7CCBB446A516C8C4281F0A687FE
:100850000C99D56B4868A84281F08787DBF80C10AB
:10086000002900F08F8405FB04000139546BDBF88C
:100870000020CBF80C1001EB410100EB400002EB33
:10088000810104EB800407C9099E4BAD013685E860
:10089000070084E80700CAF80460FDF7CBBB5A6A7A
:1008A0004B6C9A4281F04A850C9BC86B5B68834213
:1008B000C0F07382002227AB2792C3E901220122F4
:1008C0008DF89C200ECB5846FDF7C2F800287EF428
:1008D00064AD5246DDF82CA01368CAF81000CAE9CE
:1008E0000000CAE90200CAF81430032053688AF8ED
:1008F0000000012105228AF80410AAF81020CAF885
:100900001830FDF76CBB93F82830002B7EF48FA8CD
:10091000DDF82CA00322CAE90033CAF81030CAE976
:10092000023304238AF80020AAF810300122099B20
:100930008AF80420CAF81490CAF81830FDF74FBBA3
:1009400093F82830002B7EF4F8ADDDF82CA00322BC
:10095000CAE90033CAF81030CAE9023304238AF81E
:100960000020AAF810300122099B8AF80420CAF856
:100970001490CAF81830FDF732BB00BF000080BFEA
:1009800093F82830002B7EF42BAADDF82CA003224C
:10099000CAE90033CAF81030CAE9023304238AF8DE
:1009A0000020AAF810300122099B8AF80420CAF816
:1009B0001490CAF81830FDF712BB93F82820002ACB
:1009C0007EF49AA8DDF82CA00323CAE900228AF855
:1009D00000300423CAF81020CAE90222AAF8103015
:1009E0000122099B8AF80420CAF81490CAF818302A
:1009F000FDF7F5BA93F82830002B7DF4F3AFCAE980
:100A000000330322CAF81030CAE9023304238AF8FB
:100A10000020AAF810300122099B8AF80420CAF8A5
:100A20001490CAF81830FDF7DABADDF82CA00023CC
:100A3000CAE900330322CAF81030CAE90233062398
:100A40008AF80020AAF810300122099B8AF80420B5
:100A5000CAF81490CAF81830FDF7C1BADDF82CA016
:100A60000023CAE900330322CAF81030CAE902336E
:100A700006238AF80020AAF810300122099B8AF880
:100A80000420CAF81490CAF81830FDF7A8BADDF8A7
:100A90002CA00023CAE900330322CAF81030CAE9A7
:100AA000023306238AF80020AAF810300122099B9D
:100AB0008AF80420CAF81490CAF81830FDF78FBAE3
:100AC000DDF82CA00023CAE900330322CAF8103055
:100AD000CAE9023306238AF80020AAF8103001225E
:100AE000099B8AF80420CAF81490CAF81830FDF758
:100AF00076BADDF82CA00023CAE900330322CAF835
:100B00001030CAE9023306238AF80020AAF8103010
:100B10000122099B8AF80420CAF81490CAF81830F8
:100B2000FDF75DBADDF82CA00023CAE900330322EB
:100B3000CAF81030CAE9023306238AF80020AAF85E
:100B400010300122099B8AF80420CAF81490CAF8D0
:100B50001830FDF744BADDF82CA00023CAE90033B1
:100B60000322CAF81030CAE9023306238AF80020AB
:100B7000AAF810300122099B8AF80420CAF81490C0
:100B8000CAF81830FDF72BBADDF82CA00023CAE90B
:100B900000330322CAF81030CAE9023306238AF868
:100BA0000020AAF810300122099B8AF80420CAF814
:100BB0001490CAF81830FDF712BADDF82CA0002303
:100BC000CAE900330322CAF81030CAE90233042309
:100BD0008AF80020AAF810300122099B8AF8042024
:100BE000CAF81490CAF81830FDF7F9B9DDF82CA04E
:100BF0000023CAE900330322CAF81030CAE90233DD
:100C000004238AF80020AAF810300122099B8AF8F0
:100C10000420CAF81490CAF81830FDF7E0B9DDF8DE
:100C20002CA00023CAE900330322CAF81030CAE915
:100C3000023304238AF80020AAF810300122099B0D
:100C40008AF80420CAF81490CAF81830FDF7C7B91A
:100C50000D9B013B0F9303EB430348AA00EB830377
:100C600014460E9293E8070084E807009DF92031AE
:100C7000082B42F006820C9B9A680C92531C11D0F0
:100C8000D8F818309A4280F09587D8F8143002EBE3
:100C9000820203EB820113F82230062B40F08A8790
:100CA0008A684AB9499B0E990C932846FBF74AF982
:100CB0000A9B42681D690127002328464BAD4B93D0
:100CC0000095C5E901330A9B499C5B690C99109416
:100CD0004FF001098DF82C91FBF78AFD002802F0F6
:100CE00091800A9C0E992069FBF72CF929460E90F9
:100CF0002069FBF727F90990002F40F03A850A9BFD
:100D0000DB6983B1499BD8F818209A420BD9D8F8EF
:100D1000142003EB830312F8231002EB830306294C
:100D2000119300F0B2860F9BCBF80C30584695E833
:100D30000E00FCF78DFE00287DF475A95446DDF801
:100D40002CA02368CAF81000CAE90000CAE9020012
:100D5000CAF81430032063688AF8000001210522D4
:100D60008AF80410AAF81020CAF81830FDF737B92D
:100D70004BAD00224B92AA6003228DF82C21E74A4A
:100D80004C9256E44BAD00224B92AA6003228DF8A0
:100D90002C21E24A4C92FFF766BB00FB02334A6B00
:100DA00003EB430302EB830207CA27AB83E8070088
:100DB00088E5DDF82CA01346CAE900330322CAF8FF
:100DC0001030CAE9023306238AF80020AAF810304E
:100DD0000122099B8AF80420CAF81490CAF8183036
:100DE000FDF7FDB8DDF82CA0CAE90033CAF81030D1
:100DF000CAE9023303238AF804208AF80030062265
:100E0000099BCAF81490AAF81020CAF81830FDF708
:100E1000E6B8DDF82CA0CAE90033CAF81030CAE9F8
:100E2000023303238AF804208AF800300622099B43
:100E3000CAF81490AAF81020CAF81830FDF7CFB8F5
:100E4000DDF82CA00322CAE90033CAF81030CAE941
:100E5000023306238AF80020AAF810300122099BE9
:100E60008AF80420CAF81490CAF81830FDF7B7B809
:100E7000DDF82CA00623CAE90022CAF81020CAE92E
:100E80000222AAF810300322099BCAF814908AF8AB
:100E900004408AF80020CAF81830FDF7A0B8DDF841
:100EA0002CA01346CAE900330322CAF81030CAE95D
:100EB000023306238AF80020AAF810300122099B89
:100EC0008AF80420CAF81490CAF81830FDF787B8D9
:100ED000DDF82CA00623CAE90022CAF81020CAE9CE
:100EE0000222AAF810300322099BCAF814908AF84B
:100EF00004408AF80020CAF81830FDF770B80C9A40
:100F00000D99526811440A46FFF7C8BADDF82CA0C3
:100F10000322CAE90033CAF81030CAE902330623B3
:100F20008AF80020AAF810300122099B8AF80420D0
:100F3000CAF81490CAF81830FDF751B8DDF82CA0A3
:100F40000623CAE90022CAF81020CAE90222AAF838
:100F500010300322099BCAF814908AF804408AF8DA
:100F60000020CAF81830FDF73AB8DDF82CA00322AB
:100F70000623CAE90044CAF810408AF80020AAF8FB
:100F800010300122099B8AF80420CAE90244CAF8F9
:100F90001490CAF81830FDF722B8DDF82CA003220F
:100FA000CAE90033CAF81030CAE9023306238AF8C6
:100FB0000020AAF810300122099B8AF80420CAF800
:100FC0001490CAF81830FDF70AB8DDF82CA00623F3
:100FD000CAE90022CAF81020CAE90222AAF8103091
:100FE0000322099BCAF814908AF804408AF800206A
:100FF000CAF81830FCF7F3BFDDF82CA00E9ACAF837
:1010000014200022CAE90022CAF81020CAE90222EC
:1010100003210122AAF810300D9B8AF800108AF8EB
:101020000420CAF81830FCF7DABFDDF82CA0032240
:10103000CAE90033CAF81030CAE9023306238AF835
:101040000020AAF810300122099B8AF80420CAF86F
:101050001490CAF81830FCF7C2BF8A42BEF4E7AC5D
:10106000DBF84050002D00F0B683022A134638BF4B
:101070000223994202D95B009942FCD89E4228BFC4
:101080001E464FF00C0909FB06F12846FAF738FE18
:101090000746002801F09A83002C00F0EB84DBF86F
:1010A00030C009FB04FE00230CEB030207CAFC1846
:1010B0000C33734584E80700F6D16146DBF838301D
:1010C0000C22284603FB02F2FAF720FEDBF83C4034
:1010D000CBF83860DAF804300D93DBF82C50DBF8ED
:1010E0004430CBF83070611CFEF7A1BCDDF82CA0B9
:1010F0000323CAE900228AF800300623CAF8102028
:10110000CAE90222AAF810300122099B8AF80420B9
:10111000CAF81490CAF81830FCF761BF000080BF0D
:10112000DDF82CA00E9ACAF814200022CAE9002289
:10113000CAF81020CAE9022203210122AAF81030BD
:101140000D9B8AF800108AF80420CAF81830FCF7C2
:1011500046BFDDF82CA00E9BCAF814300023CAE964
:101160000033CAF81030CAE90233012303228AF897
:1011700004300D9B8AF80020AAF81010CAF8183025
:10118000FCF72DBFDDF82CA00323CAE900118AF873
:1011900000300623CAF810100122AAF81030099B6B
:1011A0008AF80420CAE90211CAF81490CAF8183063
:1011B000FCF715BF0A9B1869002802F0D0810A9E2F
:1011C000714672692B46FBF751FC002802F0AD8195
:1011D0000C9BD6F800C05C68DAF804300D93DBF89D
:1011E0000C60DBF84430FEF7A9B8002B42F02782F0
:1011F0000A9BDB69002B00F02E821E696F68002EAF
:1012000000F02982DD682B4604E0964203F10803D2
:1012100000F0218255F83240A74202F10102F4D1D8
:101220005A68FEF7A5BC0A9BD3E9083525B913E037
:101230008D4203F110030FD01A68904201F10101B1
:10124000F6D118AA06CAD3E901502346A847489008
:10125000C3B2010CFEF743BADDF82CA00421002331
:10126000CAE90033CAF81030CAE902330123032265
:101270008AF80430099BCAF814908AF80020AAF86A
:101280001010CAF81830FCF7AABE0A9B186900288B
:1012900002F035810E9BF268716800930A9B0992F7
:1012A0005B69FBF7A5FA002802F010810A9B0E99F2
:1012B0001869FAF747FE099A002A3EF4D8AACDF831
:1012C00030A0CDF834B04BADDDF828B0A146824651
:1012D00007E0DBF81000FAF74FFE099BA34200F08D
:1012E0004482B068D8F84030C5F80890204400EB3C
:1012F0008000C5E9009903EB800029468DF82C7128
:10130000FCF76AF822462B46013451460028E0D10A
:101310000C9BDDF82CA01A461B68CAF81430032178
:101320005368CAF810000422CAE90000CAE90200A2
:101330008AF804708AF80010AAF81020CAF8183049
:10134000FCF74DBE0A9B21465A694BABFBF7A8FB45
:10135000002802F0A1800A9B4B991869FAF7F6FD64
:10136000DBF80C70DBF8003006683F1B07EB470C1E
:1013700004EB440403EB8C0CA50000230CEB0302EC
:1013800007CAF4180C339D4284E80700F6D14B9B42
:10139000CBF80C70FDF7B7B80A9A12680C92002AC5
:1013A00000F09281AE427FF657AF97F90C200D9274
:1013B000042A7FF451AF322807F10C0201F0B18703
:1013C000332801F0FA87312801F0D5870A9D4B9127
:1013D0004BAB29694046FBF7A9FF002802F0528178
:1013E0002B685A694B9B0C2101FB032207CADBF8CF
:1013F0000C3084E80700FEF777B9DDF82CA0052350
:10140000FCE5DDF82CA005238CE6DDF82CA00521F9
:10141000A1E6ADF820C14A93499639462846FAF725
:101420008DFD48AA01462846FAF7BCFE02238DF836
:1014300030018DF82C314BAD95E80E005846FCF785
:1014400007FB00287CF4EFAD5246DDF82CA01368B2
:10145000CAF81000CAE90000CAE90200CAF814304C
:10146000032053688AF80000012105228AF804103D
:10147000AAF81020CAF81830FCF7B1BDADF82CC19D
:101480004D934C960E992046FAF758FD214636ACFE
:1014900002464BAB2046FAF753FE94E80E0058463E
:1014A000FCF7D6FA00287CF4BEAD5246DDF82CA03D
:1014B0001368CAF81000CAE90000CAE90200CAF8B5
:1014C0001430032053688AF80000012105228AF8AD
:1014D0000410AAF81020CAF81830FCF780BDADF847
:1014E0002CC14D934C960E9D20462946FAF726FDB9
:1014F0004BAA01462046FAF775FE95E80E005846BD
:10150000FCF7A6FA00287CF48EAD5246DDF82CA03C
:101510001368CAF81000CAE90000CAE90200CAF854
:101520001430032053688AF80000012105228AF84C
:101530000410AAF81020CAF81830FCF750BD7268E1
:101540004C920122ADF82C2100224D9220460993A5
:10155000FAF7F4FC0A9A099B5269009201464BAAD9
:101560002046FBF747FE002800F06083DBF80C30D4
:10157000023BFDF79BBF00F108030ECB5846FCF77A
:1015800067FA00287CF44FAD5246DDF82CA01368B2
:10159000CAF8143003215368CAF810400522CAE97A
:1015A0000044CAE902448AF804608AF80010AAF8E4
:1015B0001020CAF81830FCF712BD0A9802680C9285
:1015C000002A00F08180006909EE900A00287BD093
:1015D000DAF8189012690E92B9F1FF3F40F0768167
:1015E00098F87420002A00F03F82D8F87C00002888
:1015F00000F03A82D8F878205EF80C90043A02E0C5
:10160000814200F0318252F8045FA94501F10101E5
:10161000F6D10C9AC2F81090C94A07CA45AFB9F181
:10162000FF3F87E8070005D00C9A92F94820072A67
:1016300001F02A824BAD0022C5E90022AA600122F6
:101640008DF82C2195E8070084E807000C9A0E9984
:101650001161FEF749B8DDF82CA00023CAE9003378
:101660000322CAF81030CAE9023304238AF80020A2
:10167000AAF810300122099B8AF80420CAF81490B5
:10168000CAF81830FCF7ABBC08688268D0F800C014
:1016900047680332624422F00302A2EB0C039F422C
:1016A000C0F0CA806744BF1A2B2F40F2C58003F1F7
:1016B0002C0282601CEB030200F0BE8048684CF8EC
:1016C00003004A60FDF771BFDDF82CA00321C6E5D9
:1016D00072688DED4C9A00208DF82C01D00F22F00D
:1016E00000428DF82D014D9230E78DF82C31F30F2B
:1016F00026F000468DED4C9A8DF82D314D96F2E690
:101700008DF82C31F30F26F000468DED4C9A8DF8B4
:101710002D314D96B6E68DF82031F30F26F00046B8
:101720008DED499A8DF821314A9676E60568AA68CA
:1017300029686C6803320A4422F00302561AB44244
:10174000C0F093800C44A41A2B2C40F28E8006F13A
:101750002C02AA608A1900F0888044688C5142608B
:10176000FDF72CBA6446FDF704BCDDE90CABFEF7CF
:101770007EB80E9BD3F804C0BCF1000F3FF4BFAAA3
:10178000099ACDF844A00024D2F804E027469946EF
:1017900092460CE0D9F80020DAF80030224407CA5B
:1017A0002344674583E8070004F10C0403D0BE45D9
:1017B00007F10107EED1DDF844A0FFF7A0BA7246A9
:1017C000FDF751BB0C9BDA6859684C9B00934B9B0F
:1017D000A047FDF73ABADDF82CA0CAF81490002310
:1017E000CAE900330322CAF81030CAE902330523DC
:1017F0008AF80020AAF810300122099B8AF80420F8
:10180000CAF81830FCF7EBBB0A9B4999DB691EACA0
:1018100000941868DDE91723FBF7B2FE00283EF4B8
:10182000D6A81E9A0A990092CA690E9B0969284691
:10183000FBF77AFEFEF7CBB8DDF82CA00023CAE94F
:1018400000330322CAF81030CAE9023305238AF8AC
:101850000020AAF810300122099B8AF80420CAF857
:101860001490CAF81830FCF7BABBDDF82CA000239E
:10187000CAE900330322CAF81030CAE9023305234B
:101880008AF80020AAF810300122099B8AF8042067
:10189000CAF81490CAF81830FCF7A1BBDDF82CA0E8
:1018A0000023CAE900330322CAF81030CAE9023320
:1018B0000121099BCAF814908AF800208AF80410C4
:1018C000AAF81020CAF81830FCF789BB0C9AC2F8A5
:1018D00010901B4A07CA45AF87E80700A4E6DDF869
:1018E0002CA00023CAE900330322CAF81030CAE949
:1018F00002330121099BCAF814908AF800208AF863
:101900000410AAF81020CAF81830FCF768BBDDF8FC
:101910002CA00023CAE900330322CAF81030CAE918
:10192000023304238AF80020AAF810300122099B10
:101930008AF80420CAF81490CAF81830FCF74FBB94
:1019400018BC0400DDF82CA00023CAE900330322F0
:10195000CAF81030CAE9023304238AF80020AAF832
:1019600010300122099B8AF80420CAF81490CAF8A2
:101970001830FCF734BBDDF82CA00023CAE9003393
:101980000322CAF81030CAE902330121099BCAF8C0
:1019900014908AF800208AF80410AAF81020CAF8D7
:1019A0001830FCF71CBBDDF82CA00023CAE900337B
:1019B0000322CAF81030CAE902330121099BCAF890
:1019C00014908AF800208AF80410AAF81020CAF8A7
:1019D0001830FCF704BBDDF82CA00023CAE9003363
:1019E0000322CAF81030CAE902330121099BCAF860
:1019F00014908AF800208AF80410AAF81020CAF877
:101A00001830FCF7ECBADDF82CA00023CAE900334B
:101A10000322CAF81030CAE902330121099BCAF82F
:101A200014908AF800208AF80410AAF81020CAF846
:101A30001830FCF7D4BADDF82CA00023CAE9003333
:101A40000322CAF81030CAE9023304238AF80020BE
:101A5000AAF810300122099B8AF80420CAF81490D1
:101A6000CAF81830FCF7BBBA0C994FF0FF320A6184
:101A70004BADE0E5DBF8301000293FF427ABFFF772
:101A80001DBBDDF83080FCF7CEBA1B69002B3FF49C
:101A90004AA90D9BDDF82890CDF850A00C2202FB3E
:101AA00003F3139300230D9345AF1595119BD8F8BD
:101AB0002400DA680D9B1A44D8F80C3050F8321024
:101AC00000EBC202129253F83100D8F8042003EB65
:101AD000C103024409EE902AD3F804A0002E32D0AC
:101AE000139C012502E0AE422DD901350097DBF8A9
:101AF0000000D9F8102000231E93459320441EAB0C
:101B000041460C34FBF7B8FC0028ECD0459B53450C
:101B1000E9D1BAF1000F07D01E9819EE901A52467B
:101B200019F0F7FA0028DED10C9B109A93422ED0C0
:101B3000119B0D9A1B69013293420D92B6D8DDE9D3
:101B400014A5FFF7F0B8009700214591D9F81C10B3
:101B500019EE902A08680C995346FBF711FD0028EE
:101B6000E6D0129B0E985B6842689342E0D2099CD3
:101B7000459962688A42DBD902680C2000FB032287
:101B8000236800FB013307CA83E80700D0E7129BF4
:101B900009995B684A689342CAD20C2202FB03F39C
:101BA0000A680021D1500020D118C1E901000121AB
:101BB000D154BDE7DDF82CA00023CAE9003303228D
:101BC000CAF81030CAE9023304238AF80020AAF8C0
:101BD00010300122099B8AF80420CAF81490CAF830
:101BE0001830FCF7FCB9099BDDF82CA0CBF8587035
:101BF0000133CBF84C304FF0FF33CBE914250221F1
:101C00000322CAF814300123CAE90044CAF810407C
:101C1000CAE90244CAF818408AF80010AAF810204D
:101C20008BF849308AF80430FCF7D9B95246DDF810
:101C30002CA01368CAF81000CAE90000CAE9020023
:101C4000CAF81430032053688AF8000001210522E5
:101C50008AF80410AAF81020CAF81830FCF7BFB9A7
:101C6000DDF82CA00323CAE900778AF800300623A8
:101C7000CAF810700122AAF81030099B8AF80420D3
:101C8000CAE90277CAF81490CAF81830FCF7A7B965
:101C9000DDF82CA00323CAE900778AF80030062378
:101CA000CAF810700122AAF81030099B8AF80420A3
:101CB000CAE90277CAF81490CAF81830FCF78FB94D
:101CC000DDF82CA00023CAE900330322CAF8103043
:101CD000CAE902330121099BCAF814908AF800204E
:101CE0008AF80410AAF81020CAF81830FCF777B95F
:101CF000DDF82CA00323CAE900110122CAF8101054
:101D00008AF80030AAF81030099BCAF81490CAE982
:101D100002118AF80420CAF81830FCF760B9DDF81F
:101D20002CA00023012203204FF0FF31CAE9003329
:101D3000CAF81030CAE90233CAF818308AF800200D
:101D40008AF80420AAF81000CAF81410FCF747B962
:101D50005146DDF82CA0BDF82031CAF8040001225C
:101D6000CAF810008AF80420AAF81030D1E900233C
:101D7000CAF80000CAE90200CAE905238AF800602F
:101D8000FCF72DB9DDF82CA00322CAE90033CAF80C
:101D90001030CAE902330121099BCAF814908AF86D
:101DA00000208AF80410AAF81020CAF81830FCF7AE
:101DB00016B9DDF82CA00023CAE900330322CAF8C3
:101DC0001030CAE9023306238AF80020AAF810303E
:101DD0000122099B8AF80420CAF81490CAF8183026
:101DE000FCF7FDB8DDF82CA00023CAE9003303227C
:101DF000CAF81030CAE9023306238AF80020AAF88C
:101E000010300122099B8AF80420CAF81490CAF8FD
:101E10001830FCF7E4B8DDF82CA00323CAE900551C
:101E20000122CAF810508AF80030AAF81030099B35
:101E3000CAF81490CAE902558AF80420CAF8183082
:101E4000FCF7CDB8DDF82CA00023CAE9003303224B
:101E5000CAF81030CAE9023304238AF80020AAF82D
:101E600010300122099B8AF80420CAF81490CAF89D
:101E70001830FCF7B4B8DDF82CA00023CAE9003311
:101E80000322CAF81030CAE9023306238AF8002078
:101E9000AAF810300122099B8AF80420CAF814908D
:101EA000CAF81830FCF79BB8DDF82CA00323CAE968
:101EB00000770122CAF810708AF80030AAF81030B2
:101EC000099BCAF81490CAE902778AF80420CAF874
:101ED0001830FCF784B8DDF82CA003220623CAE9E9
:101EE0000055CAF810508AF80020AAF810300122D4
:101EF000099B8AF80420CAE90255CAF81490CAF866
:101F00001830FCF76CB85246DDF82CA01368CAF8FC
:101F10001000CAE90000CAE90200CAF81430032020
:101F200053688AF80000012105228AF80410AAF8F3
:101F30001020CAF81830FCF752B8DDF82CA00023A6
:101F4000CAE900330322CAF81030CAE90233042375
:101F50008AF80020AAF810300122099B8AF8042090
:101F6000CAF81490CAF81830FCF739B8DDF82CA07C
:101F70000023CAE900330322CAF81030CAE9023349
:101F800006238AF80020AAF810300122099B8AF85B
:101F90000420CAF81490CAF81830FCF720B8DDF80D
:101FA0002CA00323CAE900440122CAF810408AF891
:101FB0000030AAF81030099BCAF81490CAE902440C
:101FC0008AF80420CAF81830FCF709B8D046DDE9D1
:101FD0000A2A3946906AFBF721FED8E90023BDF8AA
:101FE0002211CAF80050CAF80450CAF81050CAE9C1
:101FF0000255CAE905238AF800408AF80460AAF865
:102000001010FBF7ECBFDDF82CA0CAE90033CAF8CA
:102010001030CAE90233032304228AF80030099BF6
:10202000CAF814908AF80440AAF81020CAF81830A8
:10203000FBF7D5BFDDF82CA00323CAE90055012228
:10204000CAF810508AF80030AAF81030099BCAF874
:102050001490CAE902558AF80420CAF81830FBF730
:10206000BEBFDDF82CA0CAE90033CAF81030CAE9B7
:102070000233032304228AF80030099BCAF8149023
:102080008AF804C0AAF81020CAF81830FBF7A7BFD6
:10209000DDF82CA0CAE90033CAF81030CAE90233CF
:1020A000032304228AF80030099BCAF814908AF8A6
:1020B00004C0AAF81020CAF81830FBF790BFDDF86A
:1020C0002CA0CAE90033CAF81030CAE9023303234E
:1020D00004228AF80030099BCAF814908AF8045048
:1020E000AAF81020CAF81830FBF779BFDDF82CA049
:1020F0000323CAE900440122CAF810408AF80030DC
:10210000AAF81030099BCAF81490CAE902448AF868
:102110000420CAF81830FBF762BFDDF82CA00323B7
:10212000CAE900000122CAF810008AF80030AAF8B3
:102130001030099BCAF81490CAE902008AF80420FA
:10214000CAF81830FBF74BBFDDF82CA00023CAE912
:1021500000330322CAF81030CAE9023304238AF894
:102160000020AAF810300122099B8AF80420CAF83E
:102170001490CAF81830FBF732BFDDF82CA000230A
:10218000CAE900330322CAF81030CAE90233062331
:102190008AF80020AAF810300122099B8AF804204E
:1021A000CAF81490CAF81830FBF719BF5246DDF888
:1021B0002CA01368CAF81000CAE90000CAE902009E
:1021C000CAF81430032053688AF800000121052260
:1021D0008AF80410AAF81020CAF81830FBF7FFBEDE
:1021E0005146DDF82CA00A68CAF814200023CAE979
:1021F00000334A68CAF81030CAE9023303200121CB
:1022000004238AF800008AF80410AAF81030CAF8EB
:102210001820FBF7E4BEDDF82CA00023CAE9003348
:102220000322CAF81030CAE9023304238AF80020D6
:10223000AAF810300122099B8AF80420CAF81490E9
:10224000CAF81830FBF7CBBEDDF82CA00323CAE98F
:1022500000000122CAF810008AF80030AAF81030F5
:10226000099BCAF81490CAE902008AF80420CAF847
:102270001830FBF7B4BEDDF82CA00023CAE9003308
:102280000322CAF81030CAE9023306238AF8002074
:10229000AAF810300122099B8AF80420CAF8149089
:1022A000CAF81830FBF79BBEDDF82CA00023CAE962
:1022B00000330322CAF81030CAE9023304238AF833
:1022C0000020AAF810300122099B8AF80420CAF8DD
:1022D0001490CAF81830FBF782BE5246DDF82CA0E5
:1022E0001368CAF8143003215368CAF81000042296
:1022F000CAE90000CAE902008AF804708AF80010EE
:10230000AAF81020CAF81830FBF769BEDDF82CA037
:102310000322CAE90033CAF81030CAE9023306239F
:102320008AF80020AAF810300122099B8AF80420BC
:10233000CAF81490CAF81830FBF751BEDDF82CA08B
:102340000023CAE900330322CAF81030CAE9023375
:102350000121099BCAF814908AF800208AF8041019
:10236000AAF81020CAF81830FBF739BEDDF82CA007
:102370000023CAE900330322CAF81030CAE9023345
:1023800004238AF80020AAF810300122099B8AF859
:102390000420CAF81490CAF81830FBF720BEDDF804
:1023A0002CA00023CAE900330322CAF81030CAE97E
:1023B000023304238AF80020AAF810300122099B76
:1023C0008AF80420CAF81490CAF81830FBF707BE40
:1023D000DDF82CA0CAE90033CAF81030CAE902338C
:1023E000032304228AF80030099BCAF814908AF863
:1023F0000460AAF81020CAF81830FBF7F0BD524666
:10240000DDF82CA00323CAE900998AF80030D2E94C
:102410000023CAF81090CAE90299CAE905238AF88C
:102420000460AAF81040FBF7DABD5146DDF82CA095
:102430000A68CAF814200023CAE900334A68CAF8B7
:102440001030CAE902330320012104238AF8000076
:102450008AF80410AAF81030CAF81820FBF7BFBD9C
:102460005246DDF82CA01368CAF8143003215368D3
:10247000CAF810000522CAE90000CAE902008AF879
:1024800004608AF80010AAF81020CAF81830FBF788
:10249000A6BDDDF82CA00323CAE900000122CAF87A
:1024A00010008AF80030AAF81030099BCAF814907E
:1024B000CAE902008AF80420CAF81830FBF78FBD79
:1024C000DDF82CA00023CAE900330322CAF810303B
:1024D000CAE9023306238AF80020AAF81030012244
:1024E000099B8AF80420CAF81490CAF81830FBF740
:1024F00076BDDDF82CA00023CAE900330322CAF818
:102500001030CAE9023306238AF80020AAF81030F6
:102510000122099B8AF80420CAF81490CAF81830DE
:10252000FBF75DBDDDF82CA00023CAE900330322D0
:10253000CAF81030CAE9023304238AF80020AAF846
:1025400010300122099B8AF80420CAF81490CAF8B6
:102550001830FBF744BDDDF82CA0CAE90033CAF8F7
:102560001030CAE90233032304228AF80030099BA1
:10257000CAF814908AF80450AAF81020CAF8183043
:10258000FBF72DBDDDF82CA00323CAE9004401228E
:10259000CAF810408AF80030AAF81030099BCAF82F
:1025A0001490CAE902448AF80420CAF81830FBF7EC
:1025B00016BDDDF82CA0CAE90033CAF81030CAE90C
:1025C0000233032304228AF80030099BCAF81490CE
:1025D0008AF80440AAF81020CAF81830FBF7FFBCAC
:1025E0005246DDF82CA01368CAF814300321536852
:1025F000CAF810000522CAE90000CAE902008AF8F8
:1026000004408AF80010AAF81020CAF81830FBF726
:10261000E6BCDDF82CA00323CAE900220121CAF898
:1026200010208AF80030AAF81030099BCAF81490DC
:10263000CAE902228AF80410CAF81830FBF7CFBCA6
:10264000DDF82CA00023CAE900330322CAF81030B9
:10265000CAE9023304238AF80020AAF810300122C4
:10266000099B8AF80420CAF81490CAF81830FBF7BE
:10267000B6BCDDF82CA00323CAE90022CAF810205A
:102680008AF80030AAF81030099BCAF81490CAE9F9
:1026900002228AF80460CAF81830FBF7A0BC54463E
:1026A000DDE90A2A3946906AFBF7B8FA4FF00102D1
:1026B000CAF804508AF80420D4E90023BDF8221196
:1026C000CAF80050CAF81050CAE90255CAE90523F1
:1026D0008AF80060AAF81010FBF781BCDDF82CA086
:1026E0000023012203204FF0FF31CAE90033CAF86A
:1026F0001030CAE90233CAF818308AF800208AF884
:102700000420AAF81000CAF81410FBF768BCDDF822
:102710002CA00322CAE90033CAF81030CAE90233F8
:102720000121099BCAF814908AF800208AF8041045
:10273000AAF81020CAF81830FBF751BCDDF82CA01D
:102740000323CAE900110122CAF810108AF80030E8
:10275000AAF81030099BCAF81490CAE902118AF845
:102760000420CAF81830FBF73ABCDDF82CA000238F
:10277000CAE900330322CAF81030CAE9023304233D
:102780008AF80020AAF810300122099B8AF8042058
:10279000CAF81490CAF81830FBF721BCDDF82CA059
:1027A0000023CAE900330322CAF81030CAE9023311
:1027B0000121099BCAF814908AF800208AF80410B5
:1027C000AAF81020CAF81830FBF709BC5346D3E921
:1027D0000093DDF82CA00993FEF7FFBFDDF82CA0D5
:1027E0000323CAE900000122CAF810008AF8003069
:1027F000AAF81030099BCAF81490CAE902008AF8B6
:102800000420CAF81830FBF7EABBDDF82CA003233C
:10281000CAE900550122CAF810508AF80030AAF817
:102820001030099BCAF81490CAE902558AF80420AE
:10283000CAF81830FBF7D3BBDDF82CA00023CAE997
:1028400000330322CAF81030CAE9023304238AF89D
:102850000020AAF810300122099B8AF80420CAF847
:102860001490CAF81830FBF7BABBDDF82CA000238F
:10287000CAE900330322CAF81030CAE9023304233C
:102880008AF80020AAF810300122099B8AF8042057
:10289000CAF81490CAF81830FBF7A1BBDDF82CA0D9
:1028A0000023CAE900330322CAF81030CAE9023310
:1028B00005238AF80020AAF810300122099B8AF823
:1028C0000420CAF81490CAF81830FBF788BBDDF86A
:1028D0002CA00023CAE900330322CAF81030CAE949
:1028E000023304238AF80020AAF810300122099B41
:1028F0008AF80420CAF81490CAF81830FBF76FBBA6
:10290000DDF82CA00023CAE900330322CAF81030F6
:10291000CAE9023306238AF80020AAF810300122FF
:10292000099B8AF80420CAF81490CAF81830FBF7FB
:1029300056BB5246DDF82CA01368CAF81430536811
:10294000CAF810004FF00102CAE9000003218AF81A
:1029500004200422CAE902008AF80010AAF8102014
:10296000CAF81830FBF73BBBDDF82CA04FF0010391
:10297000CAE900448AF804300423CAF8104003224C
:10298000AAF81030099BCAF81490CAE902448AF8E0
:102990000020CAF81830FBF722BBDDF82CA000237A
:1029A000CAE900330322CAF81030CAE90233062309
:1029B0008AF80020AAF810300122099B8AF8042026
:1029C000CAF81490CAF81830FBF709BBDDF82CA040
:1029D0000323CAE900000122CAF810008AF8003077
:1029E000AAF81030099BCAF81490CAE902008AF8C4
:1029F0000420CAF81830FBF7F2BADDF82CA0002347
:102A0000CAE900330322CAF81030CAE902330623A8
:102A10008AF80020AAF810300122099B8AF80420C5
:102A2000CAF81490CAF81830FBF7D9BADDF82CA010
:102A30000323CAE900000122CAF810008AF8003016
:102A4000AAF81030099BCAF81490CAE902008AF863
:102A50000420CAF81830FBF7C2BADDF82CA0032313
:102A6000CAE900770122CAF810708AF80030AAF883
:102A70001030099BCAF81490CAE902778AF804203A
:102A8000CAF81830FBF7ABBA0C9B19EE900A03F1A9
:102A90004801F9F753FA48AB0D940AEE100A19EE03
:102AA000904A09964BAD1E4607EE909A0023F8EE29
:102AB000677AC6E90033B3601AEE101A4FF00103CB
:102AC000324620468DF82031CDED497AF9F76AFB80
:102AD00010BB0C9BD3F858E0BEF1000F13D00C9B39
:102AE0005B6D0022194603E0964501F108010AD00A
:102AF00053F83200484502F10102F5D1D1F80490B3
:102B0000B9F1FF3FD0D10A9A099E12680D9CDBF8FB
:102B10000C300C92FEF78FBD1AEE102A3346214678
:102B20002846F9F70DFB29462046F9F707FA3A46F9
:102B300001460F902046F9F735FB0F990028C8D0C1
:102B40000A463B4619EE901A2846099E0D9CF9F755
:102B5000F7FA0A999DF92C210968DBF80C300C91E1
:102B6000FEF76EBDDDF82CA00323CAE90022012187
:102B7000CAF810208AF80030AAF81030099BCAF869
:102B80001490CAE902228AF80410CAF81830FBF738
:102B900026BADDF82CA00323CAE900770122CAF87F
:102BA00010708AF80030AAF81030099BCAF8149007
:102BB000CAE902778AF80420CAF81830FBF70FBA7E
:102BC000DDF82CA00023CAE900330322CAF8103034
:102BD000CAE9023304238AF80020AAF8103001223F
:102BE000099B8AF80420CAF81490CAF81830FBF739
:102BF000F6B9DDF82CA00023CAE900330322CAF895
:102C00001030CAE9023306238AF80020AAF81030EF
:102C10000122099B8AF80420CAF81490CAF81830D7
:102C2000FBF7DDB9DDF82CA00323CAE900008AF820
:102C300000300523CAF810000122AAF81030099BC1
:102C40008AF80420CAE90200CAF81490CAF81830B9
:102C5000FBF7C5B9DDF82CA00323CAE90066012201
:102C6000CAF810608AF80030AAF81030099BCAF838
:102C70001490CAE902668AF80420CAF81830FBF7F3
:102C8000AEB9DDF82CA0CAE90033CAF81030CAE9A1
:102C90000233032304228AF80030099BCAF81490F7
:102CA0008AF80440AAF81020CAF81830FBF797B940
:102CB000DDF82CA0CAE90033CAF81030CAE90233A3
:102CC000032304228AF80030099BCAF814908AF87A
:102CD0000440AAF81020CAF81830FBF780B9DDF8D4
:102CE0002CA00023CAE900330322CAF81030CAE935
:102CF000023304238AF80020AAF810300122099B2D
:102D00008AF80420CAF81490CAF81830FBF767B99B
:102D10005246DDF82CA01368CAF81430032153681A
:102D2000CAF810000522CAE90000CAE902008AF8C0
:102D300004408AF80010AAF81020CAF81830FBF7EF
:102D40004EB9DDF82CA00322CAE90033CAF81030CE
:102D5000CAE9023306238AF80020AAF810300122BB
:102D6000099B8AF80420CAF81490CAF81830FBF7B7
:102D700036B9DDF82CA00323CAE900000122CAF805
:102D800010008AF80030AAF81030099BCAF8149095
:102D9000CAE902008AF80420CAF81830FBF71FB904
:102DA000DDF82CA00023012203204FF0FF31CAE9F7
:102DB0000033CAF81030CAE90233CAF818308AF86A
:102DC00000208AF80420AAF81000CAF81410FBF7B3
:102DD00006B9DDF82CA00023CAE900330322CAF8A3
:102DE0001030CAE9023306238AF80020AAF810300E
:102DF0000122099B8AF80420CAF81490CAF81830F6
:102E0000FBF7EDB85246DDF82CA01368CAF8143071
:102E100003215368CAF810000522CAE90000CAE974
:102E200002008AF804908AF80010AAF81020CAF864
:102E30001830FBF7D4B8DDF82CA00323CAE900440E
:102E40000122CAF810408AF80030AAF81030099B15
:102E5000CAF81490CAE902448AF80420CAF8183063
:102E6000FBF7BDB8DDF82CA00023CAE9003303222C
:102E7000CAF81030CAE9023304238AF80020AAF8FD
:102E800010300122099B8AF80420CAF81490CAF86D
:102E90001830FBF7A4B8DDF82CA00023CAE90033F2
:102EA0000322CAF81030CAE9023304238AF800204A
:102EB000AAF810300122099B8AF80420CAF814905D
:102EC000CAF81830FBF78BB8DDF82CA00023CAE94C
:102ED00000330322CAF81030CAE9023306238AF805
:102EE0000020AAF810300122099B8AF80420CAF8B1
:102EF0001490CAF81830FBF772B8DDF82CA0002344
:102F0000CAE900330322CAF81030CAE902330423A5
:102F10008AF80020AAF810300122099B8AF80420C0
:102F2000CAF81490CAF81830FBF759B8DDF82CA08D
:102F30000323CAE900668AF800300623CAF8106045
:102F40000122AAF81030099B8AF80420CAE9026617
:102F5000B646CAF81490CAF81830FBF740B8DDF846
:102F60002CA00323CAE900228AF800300423CAF8FF
:102F70001020CAE90222AAF810300122099B8AF81F
:102F80000420CAF81490CAF81830FBF728B8524643
:102F9000DDF82CA01368CAF8143003215368CAF86E
:102FA00010000522CAE90000CAE902008AF80440BC
:102FB0008AF80010AAF81020CAF81830FBF70FB8EA
:102FC000DDF82CA00323CAE900000122CAF8100092
:102FD0008AF80030AAF81030099BCAF81490CAE9A0
:102FE00002008AF80420CAF81830FAF7F8BF5246EF
:102FF000DDF82CA01368CAF8143003215368CAF80E
:1030000010000522CAE90000CAE902008AF804405B
:103010008AF80010AAF81020CAF81830FAF7DFBFB3
:10302000DDF82CA00323CAE900000122CAF8100031
:103030008AF80030AAF81030099BCAF81490CAE93F
:1030400002008AF80420CAF81830FAF7C8BF5446BC
:10305000DDF82CA02368CAF81000CAE90000CAE90C
:103060000200CAF81430032063688AF800000121C6
:1030700005228AF80410AAF81020CAF81830FAF7C6
:10308000AEBFDDF82CA00023CAE900330322CAF842
:103090001030CAE9023304238AF80020AAF810305D
:1030A0000122099B8AF80420CAF81490CAF8183043
:1030B000FAF795BFDDF82CA00023CAE900330322FC
:1030C000CAF81030CAE9023304238AF80020AAF8AB
:1030D00010300122099B8AF80420CAF81490CAF81B
:1030E0001830FAF77CBFDDF82CA0CAE90033CAF823
:1030F0001030CAE90233032304228AF80030099B06
:10310000CAF814908AF804C0AAF81020CAF8183037
:10311000FAF765BFDDF82CA00023CAE900330322CB
:10312000CAF81030CAE9023304238AF80020AAF84A
:1031300010300122099B8AF80420CAF81490CAF8BA
:103140001830FAF74CBFDDF82CA00023CAE9003391
:103150000322CAF81030CAE9023306238AF8002095
:10316000AAF810300122099B8AF80420CAF81490AA
:10317000CAF81830FAF733BFDDF82CA00323CAE9E8
:1031800000440122CAF810408AF80030AAF8103032
:10319000099BCAF81490CAE902448AF80420CAF8C4
:1031A0001830FAF71CBFDDF82CA00023CAE9003361
:1031B0000322CAF81030CAE9023304238AF8002037
:1031C000AAF810300122099B8AF80420CAF814904A
:1031D000CAF81830FAF703BFDDF82CA00323CAE9B8
:1031E00000660122CAF810608AF80030AAF8103090
:1031F000099BCAF81490CAE902668AF80420CAF842
:103200001830FAF7ECBEDDF82CA00023CAE9003331
:103210000322CAF81030CAE9023304238AF80020D6
:10322000AAF810300122099B8AF80420CAF81490E9
:10323000CAF81830FAF7D3BEDDF82CA00023CAE98B
:1032400000330322CAF81030CAE9023306238AF891
:103250000020AAF810300122099B8AF80420CAF83D
:103260001490CAF81830FAF7BABEDDF82CA0032380
:10327000CAE900550122CAF810508AF80030AAF8AD
:103280001030099BCAF81490CAE902558AF8042044
:10329000CAF81830FAF7A3BEDDF82CA00323CAE958
:1032A00000440122CAF810408AF80030AAF8103011
:1032B000099BCAF81490CAE902448AF80420CAF8A3
:1032C0001830FAF78CBEDDF82CA0CAE90033CAF832
:1032D0001030CAE90233032304228AF80030099B24
:1032E000CAF814908AF80450AAF81020CAF81830C6
:1032F000FAF775BEDDF82CA0CAE90033CAF8103021
:10330000CAE90233032304228AF80030099BCAF871
:1033100014908AF80450AAF81020CAF81830FAF766
:103320005EBE0A9AD2F81090B9F1000F79D03A69CE
:10333000DAF818708DF81411D10F22F0004247927C
:103340007A1C8DED469A8DF8151157D198F8742096
:10335000002A58D05EF80C70D8F87C10002207E0E4
:10336000D8F8780050F82200874202F1010243D0D9
:103370009142F5D147E0022E3DF46EAF0A9D002345
:103380004B9329694BAB4046F9F7D0FF50B12B68FE
:103390004B9A5B690C21183701FB023397E8070051
:1033A00083E807000023C4E90033A36001238DF8FC
:1033B0007830DBF80C30FCF797B9022E00F0318141
:1033C000DAF81800411C40F02A8198F8741000299E
:1033D00000F014815EF80C00D8F87CC0002508E0ED
:1033E000D8F8781051F82510884205F1010500F051
:1033F000F280AC45F4D101E17D1C04D00C9A92F925
:103400004820072A13D04BAD0022C5E90022AA604C
:1034100001228DF82C2195E8070084E80700FCF7CD
:1034200063B9C4F800908DF87850FCF75DB90C9B37
:10343000484603F14801F8F781FD48AB09EE900AD0
:1034400009944BAD1C4607EE907A0023F8EE677A9C
:10345000C4E90033A36019EE901A4FF0010322462D
:1034600048468DF82031CDED497AF8F79BFE0028CB
:1034700040F01E810C9900228B6D8C4609E0DCF82F
:10348000541001EBC20051F83210B94200F008812B
:1034900001329342F3D107E15246DDF82CA01368C4
:1034A000CAF81000CAE90000CAE90200CAF81430DC
:1034B000032053688AF80000012105228AF80410CD
:1034C000AAF81020CAF81830FAF789BD5246DDF87C
:1034D0002CA01368CAF8143003215368CAF81000EE
:1034E0000522CAE90000CAE902008AF804708AF8D5
:1034F0000010AAF81020CAF81830FAF770BDDDF8ED
:103500002CA00323CAE90000CAF810008AF8003092
:10351000AAF81030099BCAF81490CAE902008AF888
:103520000470CAF81830FAF75ABD5246DDF82CA0DC
:103530001368CAF81000CAE90000CAE90200CAF814
:103540001430032053688AF80000012105228AF80C
:103550000410AAF81020CAF81830FAF740BDDDF8B8
:103560002CA00323CAE900000122CAF810008AF83F
:103570000030AAF81030099BCAF81490CAE902007A
:103580008AF80420CAF81830FAF729BD5246BDF867
:10359000203111685268DDF82CA00E910D92FDF7D4
:1035A000C1BD5246DDF82CA01368CAF81000CAE964
:1035B0000000CAE90200CAF81430032053688AF8F0
:1035C0000000012105228AF80410AAF81020CAF888
:1035D0001830FAF704BD451C07F118070ED00A9DF4
:1035E000296900293EF470A8CDE9002703466A69DD
:1035F0000C98FAF735F850B1DBF80C300022C4E92A
:103600000022A26001228DF87820FCF76DB85346A5
:10361000D3E90093DDF82CA00993FEF757B81837CB
:10362000DDE70D9DDDF82CA02946FDF718BE5346B9
:10363000D3E90093DDF82CA00993FDF710BEDDF867
:103640002CA00323CAE900228AF800300423CAF818
:103650001020CAE90222AAF810300122099B8AF838
:103660000420CAF81490CAF81830FAF7B8BC5246C9
:10367000BDF8203111685268DDF82CA00E910D9232
:10368000FDF7BCBC1B4AFDF7B1BE5346BDF8201187
:103690001A685B68DDF82CA00E920D93FDF75BBDF8
:1036A0004768781C7FF4CFAE099CDBF80C30ABE6A2
:1036B00019EE902A234649462846F8F741FD294647
:1036C0004846F8F73BFC45AA01460D904846F8F7F6
:1036D00069FD0D9900283FF4CDAE0A4645AB494639
:1036E0002846099CF8F72CFD9DF92C21DBF80C30BD
:1036F0008FE600BF00BC0400012931D0022937D079
:1037000091B3114632B90246302302F8013B00233F
:103710001370704770B5184E82B0EE460022A6FBBB
:10372000013C4FEADC0C0CEB8C03A1EB43030C4691
:103730003033DBB2092C15460EF8013B614602F12D
:103740000102ECD8691E6944024401E011F8013914
:1037500000F8013B9042F9D10023137002B070BD14
:10376000452300F8013BCCE74C2300F8013BC8E7B8
:10377000522300F8013BC4E7CDCCCCCC10B5036894
:1037800082B0044601919B68984723680199DB68E1
:10379000204602B0BDE81040184700BF82B070B5A7
:1037A00004AC84E80C008446A6464CF8041B04468E
:1037B000BEE80F00ACE80F00BEE80F00ACE80F0059
:1037C0000025DEF80030CCF800300326E562C4F8AE
:1037D0002F50204684F828506685BDE8704002B01E
:1037E000704700BF10B5044682B00068F4F794FA41
:1037F000C3B200904BB1009B00209AB262F30F005D
:103800001B0C63F31F4002B010BDBDF8022062859F
:10381000012184F8281004F12C00FFF76DFFEAE77E
:1038200010B590F8283082B004463BB1E06804F14E
:103830002C0102B0BDE81040FFF7A0BF006903688B
:103840009B68984707EE900AF8EE677A206817EEB3
:10385000901AF4F751FBC3B201902BB194F82830C1
:10386000002BE3D102B010BDBDF806206285012116
:1038700084F8281004F12C00FFF73EFFEEE700BFAC
:1038800082B002AB042A03E906001AD913460A469D
:103890000978FF290CD04D2902D15178432918D03D
:1038A00000230222C0E901330370428002B0704756
:1038B0005378FF2BF4D19378FF2BF1D1D378FF2BE2
:1038C000EED10023C0E9013301220370428002B02F
:1038D000704791784629E3D1D1785229E0D1117906
:1038E000012906D000230322C0E90133037042807E
:1038F000EDE70532053BC0E900128360E7E700BF52
:103900000048704716FCFFFF704700BF70B50446C3
:1039100082B0382017F0D3FB04F108061323324697
:10392000054624490093244B0EF054F80021C4F8B6
:10393000F05828460EF062F9D4F8F0080EF022F99B
:1039400081B2304602F066FA4FF40041304602F090
:103950006BFAD4F8F00888B194F87238D4F8781873
:103960008BB90EF0D1FAD4F8F00894F8733828B176
:10397000D4F874185BB100220EF082FAD4F8EC3857
:103980005BB102B070BD01220EF07AFAEBE70EF0E7
:10399000BBFAD4F8EC38002BF3D1002240F2FF330D
:1039A00004F67C01304602F0F3F9C4F8EC0802B0EA
:1039B00070BD00BF0010024000442C4710B5044603
:1039C000D0F8FC08036801211B6898470121D4F84E
:1039D000FC080FF019F8D4F84818D4F8F4080DF0E2
:1039E000ADFAD4F8F818D4F8F40800220DF0D6FA9D
:1039F00001210CF017FF012384F8703810BD00BFBF
:103A000038B50446D0F848080CF094FE10B194F88C
:103A10007038C3B1D4F848080CF08CFE054610B9D4
:103A200094F8703803B938BDD4F8FC0884F870589D
:103A3000036829461B689847D4F8FC082946BDE866
:103A400038400EF0E1BF2046FFF7B8FFE2E700BFC5
:103A500038B5044600293CD0D0F8F03823B3C388E9
:103A6000264A43F001030221C380C2F88410BFF349
:103A70004F8FBFF36F8FD0F8F0080EF0FBF9D4F83A
:103A80007818D4F8F0080EF03FFAD4F87418D4F887
:103A9000F0080EF039FAD4F8F00810B103689B6909
:103AA00098470023C4F8F038D4F8FC0894F870382C
:103AB00002680025DBB284F871382946136884F85F
:103AC00070589847D4F8FC0829460EF09DFF002056
:103AD00038BDC388DA0705D5D0F8F02823F00103F4
:103AE000C38042B194F87138002BF0D02046FFF724
:103AF00065FF002038BDFFF709FFF3E700E100E0B4
:103B0000044B186810B1D0F8F03803B17047FFF7D4
:103B1000FDBE00BF84B60020D0F8F03880F87318DE
:103B20005BB129B1D0F87418002218460EF0A8B97C
:103B3000D0F8741818460EF0E7B9704770B504460F
:103B4000D0F8F0081C4B236048B1D4F878180EF078
:103B5000DBF9D4F87418D4F8F0080EF0D5F9174B47
:103B6000C4F8083903F1840103F1A802C4F820194C
:103B7000C4F82829124E002504F638100CF0E2FB98
:103B800004F51260C4F82069A4F8265906F0BAF9C1
:103B900004F6041003F06CF904F67C0002F036FE23
:103BA00004F1080001F0CAFE20462660E58006F018
:103BB000A9F9204670BD00BF2CBC0400C0C704009A
:103BC00000CB040010B50446FFF7B8FF204617F0FD
:103BD00070FA204610BD00BF2DE9F04F002587B0D8
:103BE0001E46654B036007464560044692468B4679
:103BF000DDF8409006F018F9604B47F8083B604943
:103C0000032340F2FF323846E8F7FAFA40F2011394
:103C1000C4F878A804F67C0A4AF6444284F870583E
:103C2000A4F8723840F6C231C4F874B884F87158F8
:103C3000504602F08BFE119BC4F8FC385146C4F884
:103C4000EC58C4F8F058C4F8F468C4F8F89804F6CE
:103C5000041003F00BF92B22394604F6081003F088
:103C6000B5FB484B1A68002A00F08480E38843F4CF
:103C700000535046E380012103F0ECF8002249464E
:103C800030460DF08BF903683F495B6AC4F8480879
:103C9000984707210022D4F84808DFF800A1DFF890
:103CA000E8900CF0A5FD2046FFF788FE06F0A8F886
:103CB00002464420059217F002FAD4F84818059AF3
:103CC00005461C3104F507680BF02CFF41462846D9
:103CD000C4F854580BF03AFDD4F8540803685B69F3
:103CE000984701464C20059117F0E9F902230A2272
:103CF000CDE900320599254A012305460BF05CFC0D
:103D0000D4F85408C4F84C5803685B6998470146D6
:103D10006020059117F0D3F91D4B019315230293F1
:103D20004FF0834305991B4A009305461A4B0BF04D
:103D30009BF9C4F85858442017F0C1F9D4F84C182E
:103D400005462C3125220BF0EDFE04F50666C4F87D
:103D50005058542017F0B3F9534605464A463946A1
:103D600002F01EFD46F8045BB045F2D1204607B0D4
:103D7000BDE8F08F1C6079E700CB04002CBC040088
:103D800000442C4784B6002000E02B460AD7A33D10
:103D900000000C420000AA420000824200007F4363
:103DA000704700BF0048704716FCFFFF10B5074B77
:103DB00003F1080248330446026040F83C3F08F033
:103DC00039FD204602F00EF9204610BD48BC040023
:103DD000094B10B503F1080248330446026040F86D
:103DE0003C3F08F027FD204602F0FCF8204617F083
:103DF00060F9204610BD00BF48BC0400094A10B558
:103E000002F108014832A0F13C0440F83C1C026079
:103E100008F010FD204602F0E5F8204617F049F9B9
:103E2000204610BD48BC0400084B10B5044603F101
:103E30000801483340F83C1C44F83C3908F0FAFCCF
:103E4000204602F0CFF8204610BD00BF48BC040059
:103E5000F0B5044683B0182015460F4617F02FF929
:103E60000D491B2206460FF073FD012300933A46CD
:103E70002B463146204602F04BFA2A46214604F1F1
:103E80003C0008F01BFD054B204603F108024833B7
:103E90002260E36303B0F0BD00B0014048BC040001
:103EA000F8B50646044656F8640B03684FF4006202
:103EB0000025DF6962630B233146B847294610228B
:103EC00084F88B5084F8805084F8755084F89050B2
:103ED00004F1810016F0A4FA29461022606404F16E
:103EE000760016F09DFA2368656B1A68E06405F5A4
:103EF00000651846E563136B676C98472844874252
:103F000012D3E56C636CAB420ED220680368DB6AA7
:103F10009847854208D205490E22304617F0F9F835
:103F2000B0FA80F04009F8BD0020F8BDACBC040038
:103F300038B5044615461846C4E9015004232160EB
:103F40004FF48072083104F10C0004F0C5FC00222B
:103F5000012104F1240006F0B1FD04F198000CF0F9
:103F600013FB0023C4E91333C4E91533A3632362AD
:103F700023646363E3636364A4F85C302366C4F87A
:103F80009430204638BD00BF30B5036ADB078DB0E2
:103F9000044608D4FFF784FF28B9236A23F00103FD
:103FA00023620DB030BD2D220021684617F0E9F8DC
:103FB0002068616B02680B23156A6A46A84720686F
:103FC000016801230D6AE16C6A46A847E5E700BF76
:103FD00038B500F124050446284606F079FD204650
:103FE000FFF7D2FF2846BDE8384006F0EBBD00BF22
:103FF00010B5044698300CF04BFA204610BD00BFB7
:10400000C1600020704700BF0048704716FCFFFFEA
:104010000048704716FCFFFF014B1880704700BF37
:1040200070BD002010B5044A026000230446C3801E
:1040300005F068FF204610BD00CB040010B5064A0D
:10404000026000230446C38005F05CFF204617F0A1
:1040500030F8204610BD00BF00CB040082B010B580
:104060008C4684B049688646DCF800000DF1080CE7
:10407000ACE8030006A981E80C00039BDA070EEB0D
:10408000630C12D55A10029B5EF80220D45808AB7C
:1040900093E803008DE8030006AB0CCB6046A04715
:1040A00004B0BDE8104002B07047029CEFE700BFCB
:1040B0002DE9F84300251E46144B45600446036075
:1040C00088461746BDF8209005F0AEFE104B2360E1
:1040D0002A46C4E90887A662012104F12C0006F0F3
:1040E000EDFC00220023C4E91023E388256143F49A
:1040F000804343F004036561A561E563A4F848507B
:10410000A4F80490E3802046BDE8F88300CB0400C7
:1041100010BD0400C3885B070CD510B5006A84B0DD
:10412000026800230093146AE0210DF10F02A047FA
:1041300004B010BD704700BF70B5C3885B0784B082
:1041400004460D4608D5006A002302680093166AEB
:10415000E0210DF10F02B047206A2A6801685388F8
:10416000002400940C6A0432E021A04704B070BD22
:1041700070B54B6AD3F80C23B3F81243526884B07D
:10418000064603F543700D46904784F48074B0FAF8
:1041900080F3C4F300245B09A34229D10C2101223E
:1041A0000DEB01000CF0A6F8EB885B0708D5286A38
:1041B000002302680093146AE0210DF10B02A0476E
:1041C000286A039A0368002100919C6A04320C2338
:1041D000E021A04748B903A930460CF0A9F803A88C
:1041E0000CF0B0F8304604B070BD03A80CF0AAF88B
:1041F00030460CF079F8304604B070BD70B50C460E
:1042000082B0064668460CF06FF8E38801252B4320
:10421000E380012006F0DCFE214601A8FFF7A8FF9D
:1042200001A968460CF096F801A80CF08BF8009BE9
:104230005A88691CE2B11A79202A1DD1E2885B797B
:10424000920601D5392B1FD0312B11D0022168469F
:104250000CF012F9E38823F001036946E38030464D
:104260000CF066F868460CF06DF8304602B070BD90
:10427000132D0BDC0D46CCE7132AE7D059790E48F5
:1042800006F04EFEC11CE2E70125C2E70122022131
:1042900001A80CF02FF8019B20221A7138225A71C4
:1042A000E38823F00103E38001A930460CF040F8D5
:1042B00001A80CF047F8D5E7C0BC040070B584B085
:1042C0000D4601921E4604460CF00EF8019903A813
:1042D0000CF02EF803A92846FFF72EFF00B92EB9DF
:1042E00003A80CF02FF8204604B070BD03A80CF012
:1042F00029F8294603A8FFF781FF03A920460CF0FF
:1043000029F803A80CF01EF8204604B070BD00BFC9
:1043100070B582B01646044601220D466846022159
:104320000BF0E8FF20460BF0DFFF009B10225E71D0
:104330001A71694601A80BF0FBFF01A92846FFF797
:10434000FBFE064601A80BF0FDFF2EB168460BF000
:10435000F9FF204602B070BD294601A8FFF74EFFC5
:1043600001A920460BF0F6FF01A80BF0EBFF684611
:104370000BF0E8FF204602B070BD00BF30B5CB881F
:104380009B0783B00C46054606D5A068A389286024
:104390002846AB8003B030BD68460BF0A5FF012274
:1043A000214601A8FFF7B4FF01A968460BF0D2FF30
:1043B00001A80BF0C7FF009BB3F80730A3810222CE
:1043C000214601A8FFF7A4FF01A968460BF0C2FF30
:1043D00001A80BF0B7FF009BB3F807302381022B35
:1043E00003D1E38843F02003E3800322214601A8A0
:1043F000FFF78EFF01A968460BF0ACFF01A80BF098
:10440000A1FF009BA189B3F80730638149F604122C
:10441000E388914216BF23F0040343F0060343F000
:104420000203E38068460BF08DFFAEE770B50C46E3
:1044300084B00421054601220DEB01000BF05AFF68
:10444000019A122313710126082384F00104537189
:104450009671D47101A90DEB03000BF069FF33468F
:10446000294602AA03A8FFF729FF03A80BF06AFF59
:1044700002A80BF067FF01A80BF064FF04B070BD49
:1044800030B5012185B00446FFF7D0FF002101209F
:1044900005F04CFD04210DEB010001220BF02AFF79
:1044A000019A122313710723012553710823957173
:1044B000D37101A90DEB03000BF03AFF2B4602AAC2
:1044C000214603A8FFF7FAFE03A80BF03BFF02A862
:1044D0000BF038FF0A2006F07BFD606A032100F52F
:1044E00043700EF0ABFA4FF0804301A8C3F80055BB
:1044F0000BF028FF05B030BDC388DB0700D570473F
:1045000030B50446406AD0F80C33B0F812535B68FB
:1045100083B000F54370984785F48075B0FA80F059
:10452000C5F300254009A84213D168460BF0DCFE14
:10453000214601A8FFF71CFE01A968460BF00AFFFF
:1045400001A80BF0FFFE009B5A8822B968460BF0C9
:10455000F9FE03B030BD1A79112AF7D15A79092A28
:10456000F4D19A79012AF1D1DB79032BEED12046DF
:10457000FFF786FFEAE700BFC38870B513F00105B7
:1045800003D0124B00221A6070BD0446406AD0F876
:104590000C33B0F812635B6800F54370984786F4FB
:1045A0008076B0FA80F0C6F300264009B042E8D128
:1045B000064A13681D2B02DC0133136070BD2046D0
:1045C0001560BDE87040FFF797BF00BF88B60020B8
:1045D000C38819B143F00103C380704723F001037E
:1045E0009BB2C380704700BF08B506F051FA00388F
:1045F00018BF012008BD00BF10B5044608F006F83A
:10460000D4E91032C01A61EB0201B0F5FA7F71F102
:10461000000305D3E06B0028CCBF0020012010BDB3
:10462000002010BD30B5194B1D688DB045B3044650
:1046300006A80BF08BFB164B0293182016F03FFDDB
:1046400014490022CDE900120146CDE9040241F8E7
:104650000C4BCDE90A22C2604A606A46034603CA8F
:10466000586099602A680C4992680C4858618A42DF
:104670004FF01203ADF80C3004D102A806F0FAFB9B
:104680000DB030BD02A928469047F6E770B800206B
:10469000FF030500A1460300114003005D40030035
:1046A00082B010B502A981E80C00BDF8082040F2E4
:1046B000FF339A4203D0BDE8104002B07047BDF806
:1046C0000A30052BF7D104462C3006F0B3FA00204F
:1046D00006F0E6F92046BDE8104002B0FFF7A2BFA1
:1046E0002DE9F04F8BB006469DF8500004901F4610
:1046F0000D460191144607F099FFB36A002B00F0B4
:10470000F68082468B4607F091FF6DB1844277EBCD
:104710000103C0F0EA80774A201A67EB0101002309
:1047200082428B4180F0E18030460121FFF77EFE1E
:10473000049B002B14BF02200120002105F0F6FB92
:1047400008A808F03DF88046B06A02910368C16885
:10475000DA6943690791D3F848150591D3F8041332
:104760000691D3F80413C3F80813634B9A4240F040
:10477000B480624BC360DFF894910023A9F8003045
:10478000049B73B9159B63B11B6815985B689847C8
:10479000159BD988C1F30021C1F1030118460EF021
:1047A0004DF9706A032100F543700EF047F9B06AC5
:1047B000534A03684021DB6B1160089A0221984735
:1047C000B06A03689B6A98470D3C029B47F1FF372C
:1047D000B4EB0A0467EB0B07B8EB0A0863EB0B0BAF
:1047E00018EB08084BEB0B0BB4EB0803029367EBD9
:1047F0000B030393019B089CDFF814B100252F469F
:10480000AA4643B3029B03999D4277EB010224D24F
:104810005A1B61EB070393457AEB03031BD3B06A82
:1048200003682244DB6B0221984730BFB06A0368FB
:104830009B6C9847041B6519804647F1000707F0F9
:10484000F5FEB9F8002092B2444632B1019BA9F8B6
:1048500000A0002BD6D15A46E1E7706A002100F58E
:1048600043700EF0EBF8049921B9159B13B118466B
:104870000EF0E4F8B06A03681B6B9847B06A0368EF
:10488000DA694369D3F80413C3F808131A498A4252
:1048900026D1079AC260059AC3F848250022002352
:1048A0001946104607F09CFFB36A049A5B69002A18
:1048B000069AC3F8042314BF04200320002105F046
:1048C00035FB00213046FFF7B1FD07F09FFEC6E93A
:1048D000100100200BB0BDE8F08F084990474AE76F
:1048E00007999047B36A5B69D5E70648F2E706483F
:1048F000F0E700BF9F86010001400300194003005C
:1049000000E100E009FCFFFF16FCFFFF70BD002086
:10491000BFBDF0FF30B5044685B0002006F0C0F8FA
:104920002046FFF77FFE0022002302A8CDE90223E4
:1049300007F06CFF012300220146CDE9003220463A
:10494000DDE90223FFF7CCFE054604F12C0006F05A
:1049500071F9284605B030BD10B5044A0260002345
:104960000446C38005F0CEFA204610BD00CB0400FB
:1049700010B5064A026000230446C38005F0C2FA5F
:10498000204616F096FB204610BD00BF00CB040069
:10499000F8B545690446002D5ED04FF080420021F5
:1049A0000123C2F800111360D2F80031002BFBD0B4
:1049B000637A2E4A2E4DD35CC5F80C35217A2D4BE7
:1049C000C5F808150022C5F81025C5F81C35A67ACB
:1049D00004F024FE10B9A672C5F82465244BDFF854
:1049E0009CC06769244D002001210826C3F82C05CE
:1049F0000222C3F830154FF6FF7EC3F81465C3F8E2
:104A000018C5DFF87CC0C3F83425C3F83CE5C3F80B
:104A100038C54FF0180CC3F854C5C3F80475C3F873
:104A20000463C5F880212A60D3F8002242F0100206
:104A3000C3F80022C3F800015960D3F80021002A0E
:104A4000FBD0E288012142F4804200200A43C3F8EF
:104A50000C019960E280F8BD2C2016F030FB2C226E
:104A60000646294616F08DFB666196E72CBD0400CC
:104A7000001000407469627500E100E0200004024B
:104A800021100100F0B51B4F85B0054600F1180656
:104A90002C698CB1E278012A10D0022A05F120009D
:104AA00024D001230A2168460BF002F92B69A342A6
:104AB0000AD01C46002CEDD105B0F0BD304600F008
:104AC00067FA2B69A342F4D10222C7F88020BFF312
:104AD0004F8FBFF36F8F2B695B6A2B61EB7A013BC2
:104AE000EB7220463A6016F0E4FAD1E700F078FA6B
:104AF000DCE700BF00E100E0104B70B50025044684
:104B0000C0E900350E4605F08FF920460C4B40F801
:104B1000183B214600F0F4F9214604F1200000F092
:104B20005BFA40F20762C4E90225064BA680C4E99D
:104B30000455E5801C60204670BD00BF00CB04001A
:104B40003CBD04008CB60020072907D8054A064B57
:104B5000525C41720020C3F80C2570476FF47A70E4
:104B6000704700BF2CBD04000010004038B505465A
:104B70000C4604F053FD002834D1642C34D81C4A70
:104B80002C72D2F808359C4204D0EB8813F0010354
:104B900001D1184638BD174B0221C3F88010BFF36E
:104BA0004F8FBFF36F8F0123C2F810011361D2F84A
:104BB0001031002BFBD0002001230D49C2F808451D
:104BC000C2F800015360D1F80031002BFBD0094B33
:104BD000022200200124C1F80C018C60C3F880215E
:104BE0001A6038BD044838BD6FF47A7038BD00BF14
:104BF0000010004000E100E016FCFFFF38B54369FB
:104C000043B3C27A032A044621D8C288D2074CBFD4
:104C1000C268124A9A622C2016F051FA2C22002106
:104C2000054616F0AEFA636900225A6223695BB149
:104C30001A465B6A002BFBD163695362E37A6561B4
:104C40000133E372002038BD63692361F6E76FF436
:104C50007B7038BD6FF47A7038BD00BF16FCFFFF63
:104C60001A4BD3F8002122B100210122C3F8001110
:104C70009A60164BD3F80C2182B10022C3F80C21A4
:104C8000D3F8001401290AD0114B1B68D988C90731
:104C900000D5DA600D4B01229A607047704710B55D
:104CA0000B4CD3F848352068C288D207C3F1000303
:104CB00000D5C360FFF7A2FF2268044B5269C3F816
:104CC0000425024B01229A6010BD00BF0010004075
:104CD0008CB60020C388DB0701D50020704710B5D3
:104CE000044604F09BFC20B92046BDE81040FFF7C5
:104CF0004FBE014810BD00BF16FCFFFF10B50446B3
:104D000004F08CFCF0B9E38813F0010301D11846DC
:104D100010BD0D4B0222C3F88020BFF34F8FBFF3AD
:104D20006F8F0A4A0123C2F810011361D2F81031C3
:104D3000002BFBD0E38823F4804323F00103002001
:104D4000E38010BD024810BD00E100E0001000400B
:104D500016FCFFFF70B505460E4604F05FFC002808
:104D60003CD13EB9EB8813F0040420D19A072DD42E
:104D7000002070BDEB88044613F001000ED1184AE4
:104D800011688C07F4D543F002030221EB80C2F8CE
:104D90008010BFF34F8FBFF36F8F70BD2846FFF7B2
:104DA000ADFFEB8843F004032046EB8070BD23F099
:104DB0000402D907EA80DBD404F030FC0446002862
:104DC000D6D12846FFF7E4FD204670BD044A23F003
:104DD00002030221EB802046116070BD014870BDC6
:104DE00000E100E016FCFFFF38B505460C4604F074
:104DF00015FC20B9034BAC72C3F8244538BD0248FA
:104E000038BD00BF0010004016FCFFFF03699BB1D6
:104E10000A4910B40224C1F88040BFF34F8FBFF39A
:104E20006F8F0269526A0261C27A013AC2720C60E3
:104E300018465DF8044B70471846704700E100E0E3
:104E400038B505460C4604F0E9FB002850D1002C8B
:104E50004BD02378232B48D8264B0222C3F880203E
:104E6000BFF34F8FBFF36F8F234A0123C2F81001A6
:104E70001361D2F81031002BFBD00021C2F8044599
:104E80000123C2F800111C491360D1F80031002B36
:104E9000FBD001200023184A8860C1F80C31D2F8F9
:104EA0000C31002BFBD06C691349C2F8044500207B
:104EB0000123C2F810011361D1F81031002BFBD08F
:104EC000002001230C4AC1F800014B60D2F80031E8
:104ED000002BFBD0074B022100200124C2F80C015B
:104EE0009460C3F88011196038BD6FF47A7038BDD2
:104EF000024838BD00E100E00010004016FCFFFF52
:104F00000022C0E90012704730B54C6883B00546F6
:104F1000BCB1626A4A60234601A813F8042B033A25
:104F20001946A36A01F0CAFB204616F0C2F801A98F
:104F3000284601F0DBFB01A801F0B8FB284603B0CE
:104F400030BD034901F0D2FB284603B030BD00BF9D
:104F500094B60020C1B1232A134615D810B58CB0E1
:104F60000446033301208DF804308DF805004FF41A
:104F7000807302A8ADF8063016F0DBF8206801A9AE
:104F8000FFF75EFF0CB010BD6FF47A70704700BF82
:104F900010B5044684B00068FFF738FF0022426273
:104FA000616889B14B6A33B119465B6A0132002BE3
:104FB000FAD1032A0ADC486201231A46092168460D
:104FC0000AF076FE04B010BD6060F5E704B0BDE8FD
:104FD000104016F06EB800BF0022416002707047AA
:104FE00038B504464068FFF711FF012323700546DA
:104FF00004300AF0B5FE0023237025B12846BDE831
:10500000384016F056B838BD6FF47D70704700BF59
:1050100000207047094B10B503F1080248330446DD
:105020000260836018300BF033FA054A22600023D7
:105030002046E38004F066FF204610BDA0BD0400BA
:1050400000CB0400002070470B4B10B503F10802A1
:10505000483304460260836018300BF019FA074A9F
:1050600022600023E380204604F04CFF204616F027
:1050700020F8204610BD00BFA0BD040000CB0400F6
:105080002DE9F0411D46104B0360002343600446A8
:105090000F461646BDF8188004F0C6FE0B4B65613E
:1050A00003F1080248332260A360C4E9037604F1E7
:1050B00018000BF069FA40221823A4F80480A262B9
:1050C000E3802046BDE8F08100CB0400A0BD0400D1
:1050D0002DE9F04F032B87B082460D46174619463F
:1050E0004FF00102B8BF032105A803930BF002F9AA
:1050F0004B4E4FF014094FF0000868690121FFF78B
:1051000067FAE8683A6801685388CDF800800C6A4D
:105110000432E421A0478346002866D13B681B790E
:105120000C2B39D1EB8813F0400F14BF64201420EE
:1051300005F076FB2869D0F80C23B0F812435268CA
:1051400084F48074B24200F54370C4F3002447D164
:105150000020844224D1002211464FF0FF3305A8DD
:105160000BF01EF9E868059A01685388CDF80080B5
:105170008C6A0432E421A0478346C8B9059A38688E
:1051800013790079834237D0EC88A1061BD5202BF8
:105190000ED15379392B0BD1012005F041FBC9E722
:1051A0000BF1010B012005F03BFBBBF1140FC1D14A
:1051B000B9F10109A1D168694946FFF709FA5046DA
:1051C0000BF092F824E0002BE6D0202BF0D153799D
:1051D0009842E1D0002BDFD0B9F101098DD1EAE787
:1051E0009047B0FA80F04009B3E7012005F018FBC2
:1051F000B9F1010981D1DEE768695946FFF7E8F99D
:10520000039905A80BF038F905A950460BF090F862
:1052100005A80BF097F8504607B0BDE8F08F00BF27
:10522000095003002DE9F0410C4684B00546486959
:1052300098461746FEF76EFFE388DB0611D403AEEF
:10524000394630460BF074F843463246214628462C
:10525000FFF73EFF30460BF075F8284604B0BDE876
:10526000F0810122114601A80BF044F83B681B793C
:10527000032B019B0CBF062203221A7101A902A86D
:105280000BF056F803210A4805F04AFE03AE034628
:1052900002AA21463046FFF71BFF30460BF052F8BA
:1052A00002A80BF04FF801A80BF04CF8C8E700BFBC
:1052B00058BD0400F0B585B0044617460E460122DD
:1052C000082101A89D000BF015F820460BF00CF802
:1052D00047F02060019F04F027F97860284604F029
:1052E00023F901A9B86002A80BF022F805F1080320
:1052F00002AA314603A8FFF795FF03A920460BF049
:1053000029F803A80BF01EF802A80BF01BF823687D
:105310005B88082B12D9002220464FF0FF3308216A
:105320000BF05EF823685988204608390BF0A4F882
:1053300001A80BF007F8204605B0F0BD03A80AF05D
:10534000D3FF03A920460BF005F803A80AF0FAFFE3
:1053500001A80AF0F7FF204605B0F0BD30B583B0D4
:105360000C46014601A81D46FFF7A4FF01994B8892
:105370005BB12046AA00043115F0DBFE002401A831
:105380000AF0E0FF204603B030BD014CF7E700BF54
:105390000CFCFFFFA0F10800FFF7E0BF2DE9F04F84
:1053A000804685B068464FEA83090D4692460AF06A
:1053B0009BFFD8F828104945A8BF4946083101226B
:1053C00001A80AF097FF09EB050B4FF0FF3300220D
:1053D000FF2101A80AF0E4FF5D453DD2002601E06F
:1053E000AB4539D9D8F82820019FA9EB060494428F
:1053F00045F03060A8BF144604F096F87860204667
:1054000004F092F826F0030122465144B86007F1F7
:105410000C0015F08EFE04F1080101A80BF02CF829
:1054200001A902A80AF084FF092302AA414603A8A1
:10543000FFF7F8FE03A968460AF08CFF03A80AF0FC
:1054400081FF02A80AF07EFF009B5B88254426446A
:10545000002BC5D1064C00E0002401A80AF072FF21
:1054600068460AF06FFF204605B0BDE8F08F00BF28
:105470000EFCFFFFA0F10800FFF790BF70B51546C6
:1054800082B0012204460E46684611460AF032FFF9
:10549000009B69461D7101A80AF04AFF2946094888
:1054A00005F03EFD01AA034631462046FFF7BAFE4D
:1054B00001A80AF047FF68460AF044FF204602B000
:1054C00070BD00BF58BD040010B5C3889B0784B0F1
:1054D000044609D5636A00209AB262F30F001B0CE0
:1054E00063F31F4004B010BD01A80AF0FDFE0722BF
:1054F000214602A8FFF7C2FF02A901A80AF02AFF6D
:1055000002A80AF01FFF019B5A88B2B90622214661
:1055100002A8FFF7B3FF02A901A80AF01BFF02A827
:105520000AF010FF019B5A881AB901A80AF00AFF75
:10553000D0E75B7984F82630F7E7B3F8050004F08C
:1055400003F80622A084214602A8FFF797FF02A9CC
:1055500001A80AF0FFFE02A80AF0F4FE019B5A8897
:10556000002AE2D05B79A28C84F8263002FB03F398
:10557000B3F5F83F1EDC616902A8FEF7FFFEBDF837
:105580000830012B4FF04002E3881AD023F01003BB
:1055900043F02803A2629BB2BDF80C2002F5CD4275
:1055A0007B3292B2012A98BF43F0400343F00203DA
:1055B000E380BAE74FF4F833B3FBF2F284F8262025
:1055C000D9E7A26243F01803E6E700BF2DE9F047F0
:1055D00088B0064615460C460122082101A80AF0AB
:1055E00089FE02A80AF080FE03A80AF07DFE04A846
:1055F0000AF07AFE3046FFF767FF96F826300590EE
:10560000B08C04EB850900FB03F3994500F2D580CB
:10561000B9FBF0F8B4FBF0F100FB08F8B9EB0803B4
:1056200000FB01FA08BFA8EB000854454FEA8505C6
:1056300000F0BD80C31A00FB1144B3FBF0F700FB80
:105640001737002C7DD1002F40F08C80F3881B078A
:105650003BD5C2455BD8544607AD03E0B38C1C4430
:10566000444554D844F04060019F03F05DFF7860EA
:10567000204603F059FF01A9B86006A80AF058FEB9
:10568000012306AA31462846FFF7CCFD294602A889
:105690000AF060FE28460AF055FE06A80AF052FEFF
:1056A000029B5B88002BD9D1454C04A80AF04AFE26
:1056B00003A80AF047FE02A80AF044FE01A80AF077
:1056C00041FE204608B0BDE8F0874AF04060019CEA
:1056D00003F02AFF6060404603F026FF01A9A060A6
:1056E00006A80AF025FE012306AA314607A8FFF7FF
:1056F00099FD07A902A80AF02DFE07A80AF022FECC
:1057000006A80AF01FFE029B5B88002BCCD0039BEF
:105710005B88002B35D1049B5C88002CC5D004A984
:1057200007A80AF005FE079A33681C6A53884946A1
:1057300004329B083046A04707A80AF003FE002465
:10574000B3E707ADA308524631462846FFF7B2FD3E
:10575000294603A80AF0FEFD28460AF0F3FD002FB3
:105760003FF474AF07ADBB084A4631462846FFF701
:10577000A1FD294604A80AF0EDFD28460AF0E2FD45
:1057800064E703A907A80AF0D3FD079A33681C6AE7
:10579000538851469B0804323046A04707A80AF0B8
:1057A000D1FD049B5C88002C3FF47FAFB7E7021B60
:1057B0004244AA427FF43EAF48E76FF47A7474E73C
:1057C0000EFCFFFF10B5044684B00191FFF77CFE8C
:1057D000A28C01999208204604B0BDE81040FFF762
:1057E000F5BE00BF10B5044682B0FFF76DFEA38C76
:1057F00094F8260003FB00F002B010BD10B504467B
:1058000082B0FFF761FEA08C02B010BD10B5044657
:1058100082B00838FFF758FEA08B02B010BD00BF61
:105820000368084ADB6A93420BD110B5044682B084
:10583000FFF74AFEA08C94F8263003FB00F002B07C
:1058400010BD1847E557030010B5044682B008386C
:10585000FFF73AFEA38BA07F03FB00F002B010BD60
:1058600030B5044685B0A0F1080528460191FFF740
:105870002BFEA28B01999208284605B0BDE8304066
:10588000FFF7A4BE10B550F8083C0A4ADB6A934201
:10589000044682B0A0F1080003D002B0BDE8104079
:1058A0001847FFF711FEA08BA37F03FB00F002B0A7
:1058B00010BD00BFE557030003460020DA6801323F
:1058C000DA6070470B68C1601B680846184700BF64
:1058D000C068003818BF0120704700BFD0F8180812
:1058E000704700BF4B1E032B02D96FF47A707047CC
:1058F0004B1C5B10C0F81818C0F81C38002070470B
:1059000000F614000068704710B5044B044640F8D8
:10591000083B0AF017FD204610BD00BF0CBE040076
:1059200010B5054B044640F8083B0AF00BFD204635
:1059300015F0BFFB204610BD0CBE0400F8B584680E
:10594000104B03600546D4B10F4E104F08E040F8ED
:10595000087B0AF0F7FC204615F0ABFBAC6874B18D
:105960006068E26B0368DB68AA60984723689B68FD
:10597000B3422046EBD09847AC68002CF0D12846C3
:10598000F8BD00BF20BE0400215903000CBE040076
:1059900038B54B680C461A684FF07E5105461269BF
:1059A0002163184605F61405904795ED006A9FEDB2
:1059B000117AD4ED067AD4ED075AC7EE276A431C54
:1059C00003EBD37320F002025B10012AC4E90D033C
:1059D00085EE867AC4ED096A84ED0A7A02D0002346
:1059E000236238BDBEEE007A67EE877AC4ED087A8E
:1059F00038BD00BF00C07F442DE9F04F2DED068B70
:105A00008BB00C460AEE100A029106F00FFEA36856
:105A10000193CDE90401002B00F09981029B4FF422
:105A20000072D3F81C3892FBF3F2002A40F3AC81E9
:105A3000029B1033920000211846039315F0A1FB3E
:105A4000CC4E9FEDCD8A01240AE002985946FFF71B
:105A50009FFFDBF834505DB9019B002B00F0B08054
:105A6000019B9B46DB6BDBF834500193002DECD09F
:105A7000029BDBED0A7AD3F81C284FF4007AF5EE8E
:105A8000407A9AFBF2FA0AF1040A03EB8A02F1EE79
:105A900010FA009209D103F6140292ED007ADBEDC0
:105AA000076AC6EE877ACBED0A7A009A039B9A4280
:105AB000D2D99846DBF808309BED0B7A5A88DBF890
:105AC000383092FBF3F207EE902AF8EEE77A9BED7E
:105AD0000A6A009A77EEC77AA2EB0807C7EE866AD1
:105AE000BF10FDEEE68A18EE909AB945A8BFB946F8
:105AF000B9F1000F34D007EE903A4C46C24601E0AF
:105B0000DBED0E7ADBF8102056F82530F8EEE77A58
:105B100067EE877AFDEEE77A17EE900A1044984711
:105B200007EE900A9BED087A9BED096ADBED0C6AA3
:105B3000F8EEE77A013C77EE877A9AED007A67EE25
:105B4000867AA6EEA77AAAEC017ADBED0B7A9BEDBA
:105B50000A7A37EE877A8BED0B7AD1D108EB890878
:105B600018EE903A9F4223DDDBF80C30002B3FF417
:105B700073AFDBF80410013BCBF80C300B6806A8C0
:105B80001B68984706A90BF108000AF0E3FB06A87A
:105B90000AF0D8FBDBF808308BED0B8A5A88043307
:105BA000CBF810301344CBF81430002A3FF454AF34
:105BB000009B9845FFF47EAF019B002B7FF450AF14
:105BC000002C40F08580029B93F82C387BB1029B1F
:105BD000049AC3F83828059AC3F83C2883F82C485F
:105BE0000222012340F6D63106A80AF061F801220C
:105BF0004FF4007106A80AF07DFB029A069C9FED07
:105C00005F7A658802F5016393ED008A02F502630D
:105C1000D3ED007AD2F81838D2F81C2895FBF2F5AB
:105C200068EE277A032BC7EE879A04F1040400F08C
:105C30008580012B00F08280F6EE007A68EE678A9C
:105C40009FED4F9A28EE278A75B3B8EEC99A039F45
:105C50004C4EDDF80880023D02E0D8F81838013DCE
:105C6000B7EC017AD8F8242856F82330F0EE497AB8
:105C7000E7EE297A2046F4EE687AF1EE10FA48BF92
:105C8000F0EE687AF4EE487AF1EE10FAC8BFF0EE62
:105C9000487AFDEEE77A17EE901A11439847D8F844
:105CA0001C381C446B1CD8D1029BD86803681B6845
:105CB000984706A91AEE100A0AF03AFB06A80AF05D
:105CC00041FB1AEE100A0BB0BDEC068BBDE8F08F5D
:105CD000029A02F62803D3ED007AF5EE407AF1EE4F
:105CE00010FA0ED0D2F81C384FF4007292FBF3F287
:105CF000002A06DD039B03EB8202E3EC017A9A4261
:105D0000FBD1029B93F82C38002B7FF470AF0299E3
:105D10000498C1F830080123059881F82C3801F562
:105D2000046400260027C1F834081A4644E90267D3
:105D300040F6D63106A809F0BBFF58E7B6EE009A48
:105D400028EE099ADFED0C8ABDEEC99A7CE7029B2A
:105D5000D86803681B6898471AEE100A01224FF4AE
:105D600000710AF0C7FA1AEE100A0BB0BDEC068BF0
:105D7000BDE8F08F542000200000000000C07F44E8
:105D80000000000078200020029B1033039357E6A8
:105D900070B506462DED028B402008EE903A08EED5
:105DA000102A0D4615F08BF940220446002115F00B
:105DB000E8F92046164B40F8083B0AF095FAF8EE51
:105DC000E88AB5EE408AF1EE10FA6560C4ED068A05
:105DD00005D12B6828469B69984708EE100A0023D6
:105DE000002221463046C4E9033384ED078A63610B
:105DF000E262FFF7CDFD2B68B2685B68E26328467C
:105E0000B46021469847BDEC028B204670BD00BFB0
:105E10000CBE040007EE901AF8EE677A00F50160F8
:105E2000C0ED007A00207047C0F8241800207047A9
:105E300029DF704728DF704712DF7047022802D140
:105E4000014B01221A7070477ABD00200020704774
:105E5000C0687047D0E9023003FB00F0704700BF14
:105E600010B5044608466468114621449A0015F0AE
:105E700060F9002010BD00BF2DE9F041466882B0F6
:105E80004FF000080DF107001D4614460E448DF832
:105E90000780FFF7D1FF9DF80730ABB11E4F87F8A1
:105EA000008001E006F086FC2A4621463046FFF7D6
:105EB000BFFF03460A20002BF4D13B78002BFCD017
:105EC000002002B0BDE8F081144A0123C2F8043575
:105ED000D2F80034002BFBD095B1A4F1040C0F488C
:105EE000C4F104040CEB8505344404EB0C035CF8AA
:105EF000042F1A60D0F800140029FBD0AC45F4D16F
:105F0000064A0023C2F80435D2F80034002BFBD037
:105F1000002002B0BDE8F0817ABD002000E0014021
:105F2000F0B5436883B0044600270DF10700CD1893
:105F30008DF80770FFF780FF9DF807309BB1174E73
:105F4000377001E006F036FCE068B5FBF0F0FFF7D3
:105F500071FF03460A20002BF4D13378002BFCD0CC
:105F6000002003B0F0BD0E4A0223C2F80435D2F877
:105F70000034002BFBD00A49C2F80855D1F8003490
:105F8000002BFBD00023064AC1F80435D2F80034B8
:105F9000002BFBD0002003B0F0BD00BF7ABD002075
:105FA00000E0014002680549D2688A4204D1D0E984
:105FB000020303FB00F07047104700BF555E03006B
:105FC000C360024B0360C0E9011270474CBE04007D
:105FD000704700BF6FF47D70704700BF6FF47D7035
:105FE000704700BF10B5C388044A026023F4005311
:105FF0000446C38005F040FB204610BD70BE04007F
:1060000010B5C388064A026023F400530446C380D7
:1060100005F032FB204615F04CF8204610BD00BFBD
:1060200070BE0400036870B55A6C0A4DAA4204465B
:1060300006D15B68084A934208D16FF47D7070BD49
:1060400090472368044A5B689342F6D02046BDE837
:1060500070401847DD5F03000950030070B5064625
:10606000006A0368DB6A9847306A03681B6B9847CD
:10607000F369D868002820DD06F130011E4D084480
:10608000002411F9012B02F5A272884245F8224042
:10609000F7D11A4D002402E0DA68A2420DDD5A69F8
:1060A00052F8240002685268AA4204F10104F3D0B5
:1060B0009047F369DA68A242F1DC9A68002A13DD9E
:1060C0000E4D002402E09A68A2420DDD1A6952F8D2
:1060D000240002685268AA4204F10104F3D09047F8
:1060E000F3699A68A242F1DCF388002223F00203EC
:1060F000F380F27570BD00BF0060004009500300DE
:10610000C37D0BB1FFF7AABF704700BF2DE9F04F69
:10611000C37D85B004460191002B6CD1C3880293E6
:10612000E669F368002B6DDD0123206ADFF8E88063
:10613000DFF8E8E0344D354F039404F1300C04F1FE
:10614000350200219B469C1C8CF800301470746949
:106150006458247D03F5A27948EA04244EF82940C6
:1061600012F9019B446909F1A20901F5A27A54448C
:1061700045F8394012F9014C1CF9019BA23405EB9A
:10618000C40407EB8909C4F8049012F9014C0BFA16
:1061900004F4C5F80445F4689C4201F1040103F1DC
:1061A0000103D0DC039C029B23F00103E380019BED
:1061B000327A1749023B012B9CBF0132D2B2627581
:1061C000C2EB0212134B9200B3FBF2F2237B62622A
:1061D00002FB03F3A1FB0313DB0BA36203680021A3
:1061E000DB6B9847236A5B690122DA60019BA37528
:1061F00005B0BDE8F08FC3880293DB0790D4D0E9E7
:106200000760D4E7206ACEE700F00140306000402C
:10621000818080800024F4000300010000600040C1
:106220002DE9F8430546817DFFF770FFEB699A6819
:10623000002A20DD304FDFF8C490DFF8C48000244E
:106240000AE05A6C4A4549D15B68434543D1EB6942
:106250009A680134A2420EDD1B6953F8246033684A
:106260009A68BA42EDD0002130469047EB699A68AF
:106270000134A242F0DCDA68002A20DD1E4FDFF88C
:106280007C90DFF87C8000240AE05A6C4A452DD1CE
:106290005B68434527D1EB69DA680134A2420EDD21
:1062A0005B6953F8246033689A68BA42EDD00021E4
:1062B00030469047EB69DA680134A242F0DC286A84
:1062C00003685B6A9847286A03689B6A98470123BA
:1062D000EB75BDE8F88330469847B8E700213046B3
:1062E00090473368B0E730469847D4E700213046FE
:1062F00090473368CCE700BF25600300DD5F0300F3
:1063000009500300C37D03B17047FFF789BF00BF89
:10631000F8B515460E46526829689DF8187004466F
:1063200005F0D6F9EA68134B13492360052A4FF0AC
:106330000003C4E90756A7750C602376E37523753F
:10634000E3620FDC326819463046936B9847206A47
:1063500003684FF47A51DB6C9847226AE37D074962
:10636000D1600BB12046F8BD2046FFF759FF20460B
:10637000F8BD00BF70BE040090B600207166030037
:1063800010B5034661B102680E49126B0E4CC37D15
:1063900023708A4213D10BB1FFF760FE002010BDBD
:1063A000094A1278002AF9D01A680849D26A8A4242
:1063B00005D1DB7D002BF1D1FFF732FFEEE79047EF
:1063C000002010BD016103007BBD002005630300B8
:1063D0002DE9F04FC769037DBA680569934285B01E
:1063E000044680F21B813A699E4E52F823000368EE
:1063F0001B68B34240F03281D4F82080D8F81420D2
:1064000001235360227D617D1A44B2FBF1F001FB50
:1064100010222275B86882425EDAD7F80C90B9690A
:10642000B9F1000F01EB42014BDDAA1DD8F8145061
:10643000009525890195CDE9027800FA03FEDDE992
:106440000078A07DCDE9002600F0FD0004F1300CBD
:10645000CD18227E032A03D8DFE802F002B2A3BFE0
:106460004A78009E15F801AC08FB026212F80A2077
:1064700018B9002A00F0BF80FF22A66A03F5A87AA7
:1064800006FB02F247F82A209A46002A00F0B8805C
:106490009CF90020920002F1804202F5C042D2F83D
:1064A00010B52BF4801BC2F810B5D145714403F12F
:1064B00001030CF1010C7544CBDCDDE90278019E8F
:1064C000227D3B6953F8220003681B68B34240F009
:1064D000BC80D8F814305EE0626AD8F80030002141
:1064E000DB6B920040469847E169CB68002B27DDC3
:1064F0000025DFF8749104F13007A84602E0CB686C
:10650000AB421DDD4A6917F9013B013502EB8502FB
:1065100003F5A27352F8040C49F82380D4E9082348
:1065200005F5A87C52699B0042F82C3003681B6873
:10653000B342E4D001219847E169CB68AB42E1DC8A
:106540000B69186803681B68B34240F083800B69CD
:1065500094F930201B6844491B7D02F5A2721B028E
:1065600043F0011341F8223094F9303094F935109A
:106570003E4A9B00A23103F1804303F5C24342F837
:106580003130236A94F935105B69A23102EBC10204
:1065900003F1440151600122DA601A6005B0BDE8E0
:1065A000F08F91F801A06289009EA2EB0A0215F813
:1065B00001AC08FB02626FEA0A0A12F80A2057E7E8
:1065C00015F8012C009E91F801A002FB08823244CC
:1065D0006FEA0A0A12F80A204AE7628915F801AC44
:1065E000009E013AA2EB0A0208FB026291F801A0A8
:1065F00012F80A203CE703F5A8729A4647F82200F1
:106600009CF90020920002F1804202F5C042D2F8CB
:1066100010B54BF4801BC2F810B546E7D0E908234B
:106620005169104E9A00D1F84435817DC3EB0323A4
:10663000B3FBF2F3C288C3F1FF0342F00302C3626B
:10664000C280FFF763FDE769D6E601219847236A18
:106650005B69A0E700219847E16978E70021984746
:10666000E769C9E6D55F03000060004000F0014023
:10667000024B186808B1FFF7ABBE704790B6002018
:10668000103009F093BC00BF10B5044604F0D8FFE9
:1066900040B9237B616A044A01FB03F3A2FB032395
:1066A000DB0BA36210BD00BF8180808010B5044663
:1066B000006809F0BDFF204610BD00BFF8B522EA12
:1066C000E275044605F10C001F460E4604F046FB39
:1066D000206009F0D5FF20680572476026B12A4680
:1066E0003146093014F025FD2046F8BD10B50B6881
:1066F00004461846236009F07FFF204610BD00BF06
:10670000F8B522EAE275044605F10C001F460E4674
:1067100004F024FB206009F0B3FF23681D72206899
:10672000476036B12A4631460930BDE8F84014F0DA
:1067300000BDF8BD0068096888420ED008B5037A2C
:106740000A7A9A4201D0002008BD0931093014F0BC
:10675000E0FCB0FA80F0400908BD0120704700BF9E
:1067600000680930704700BF0368187A704700BF9F
:1067700003685868704700BF08B5002319460548EC
:106780000122FFF7BDFFBDE80840034A0349014865
:1067900014F08ABC94B6002040200020AD660300AF
:1067A00070B52DED028B08EE103A044616460D46E4
:1067B00008F0BCFDFDEEC87A0A4A226017EE903A56
:1067C000324684ED138A21466564A6642846FFF7A5
:1067D000DFFA01462065204608F04CFDBDEC028B37
:1067E000204670BDB0BE04000161704700690038EA
:1067F00018BF0120704700BF03207047C06B07EE31
:10680000900AF8EEE77A17EE900A7047104B03F102
:1068100008023C3310B5044602608360303009F052
:1068200091FD04F12C0009F08DFD04F1280009F020
:1068300089FD04F1240009F085FD064AA2600023C9
:1068400004F10800E38103F05DFB204610BD00BFAA
:10685000D4BE040000CB0400114B03F108023C330A
:1068600010B5044602608360303009F06BFD04F11E
:106870002C0009F067FD04F1280009F063FD04F124
:10688000240009F05FFD074AA2600023E38104F1C0
:10689000080003F037FB204614F00BFC204610BD27
:1068A000D4BE040000CB040038B5124B03F108023B
:1068B0003C33044640F8082C40F8283B09F042FDE0
:1068C00004F1240009F03EFD04F1200009F03AFD36
:1068D00004F11C0009F036FD074A22600023A4F1F0
:1068E0000805E380204603F00DFB284614F0E1FB89
:1068F000284638BDD4BE040000CB040038B5114B87
:10690000054603F108023C33044640F8082C45F8DC
:106910000839283009F016FD04F1240009F012FDB1
:1069200004F1200009F00EFD04F11C0009F00AFD3D
:10693000054A226000232046E38003F0E3FA28465C
:1069400038BD00BFD4BE040000CB0400F0B5274B17
:10695000036004460025264B836083B0A181083084
:10696000E581164603F060FA224B23603433A360BE
:106970002A46012104F1140004F0A0F804F12807CC
:1069800001224FF4007104F1240009F0B3FC3846F1
:1069900009F0AAFC04F12C0009F0A6FC294601220A
:1069A00004F1300009F0A6FC00234FF400712366C7
:1069B0000122A164C4E90D552561E56401A809F02F
:1069C00099FC01A9384609F0C5FC01A809F0BAFCF8
:1069D000094A2264AE424FF000032046C4E916552E
:1069E000C8BFE663A4F8443003B0F0BD20CF040074
:1069F00000CB0400DCBE040000C07F44C3895B07F9
:106A000070B5456B04465DD42B46E16A002B64D01B
:106A10005033081D4A886363024493420ED3D1ED7C
:106A2000037A6063F5EEC07AF1EE10FA3CDA04F115
:106A3000140004F039F9002836DC636B93ED027A18
:106A4000DFED277A19685A686265B5EEC07AF1EE13
:106A500010FA48BFB1EE477AC7EE276A00202165D9
:106A6000E06504F1640104F17005D4ED0F7AF8EEED
:106A7000E77A67EEA67AFDEEE77AF8EEE76AC4ED0C
:106A8000167ADA699861012AB8BF012207EE902AC6
:106A9000B8EEE77ADA61C6EE877A1433E1EC017A70
:106AA0008D42EED1002070BD0026666304F13001F6
:106AB00004F12C0009F04EFCA81BC4E9166618BFAF
:106AC000012070BD0023436300F130012C3009F038
:106AD00041FC636BE16A002B9AD10B1D184699E7C4
:106AE00000007A442DE9F04FD1E9167E2DED088B98
:106AF00001F124034FF0000B9FEDB78ADFEDB7AA39
:106B00009FEDB7AA0BEE903A0BEE100A8BB00C4635
:106B10005D467046B842034633D0E28912F0040263
:106B20002FD10492B8424EDBE289920740F11781DF
:106B3000049B002BEED0AB46002D00F04181D4ED3C
:106B4000107AB4F84420B6EE007A67EE877A55459D
:106B5000FCEEE77A17EE903A43EA02039BB203D2C7
:106B60002BF8023BDA45FBD81BEE901A1BEE100AFD
:106B700009F0DEFB1BEE100A0BB0BDEC088BBDE884
:106B8000F08F2046FFF73AFFA76DE389002F40F012
:106B90009E80002800F0F380A56323F00403E381C6
:106BA0000523E36401231A46A18906A809F080F8A9
:106BB00004F1140004F006F8D4E916700122B8427A
:106BC00003460492B0DA002D00F0CC8006AA0192B0
:106BD00004F16402029204F1700BD4ED157AD4ED45
:106BE000108A94ED147A616BDDF808C0DDF804E0DA
:106BF00068EEA78AD4ED0F7A27EE087AF8EEE77AE6
:106C000068EEAA8A87EE279A0E46F0EE4A9AE8EED8
:106C1000CA9AD6F81880F269BCEC017A07EE908A1D
:106C2000F8EEE77A013A67EE877A9045FDEEE77A6B
:106C300006F11406EEEC017A08BF4EF8047CE34539
:106C4000E7D1DDE90676089ABE42A8BF3E469642E5
:106C5000A8BF16469E4241DDAA4585D0D4ED187ADC
:106C6000FDEEE77AD1E9033017EE901A984707EE68
:106C7000900AF8EE676AB0EE697AA8EEA67AE06D3F
:106C8000B4F84420D4ED187ABCEEC77A79EE277AAE
:106C900017EE101AF4EEC87A431C1143F1EE10FA05
:106CA00025F8021B1846E365C4ED187A08DD77EE77
:106CB000C87AF4EEC87AF1EE10FAF8DCC4ED187A6E
:106CC000B3420BDA55453FF44FAF616BC6E713F0A3
:106CD00004025CD000283FF460AF5DE79C46BC45F1
:106CE00086460DF11C094FF014084FF000062046AF
:106CF00008D00136032E08F1140828D059F8047B77
:106D0000BC45F6D1426B06EB860102EB810389009C
:106D10000391D3E906718F424FEA8604E9DA5B6991
:106D200002EB08014BB1059098470598039B426B15
:106D3000D0F85CE01344F4469F69344402EB8402CB
:106D400001360137032E976108F11408D6D10446A5
:106D50006346A76D674570463FF73FAFE8E6002DF5
:106D60007FF4E6AEA56BB5B1626A0021A16302F1C2
:106D7000040A5288874292443FF728AFD8E6590761
:106D80003FF50BAFE06D012304930346CAE6E06DC7
:106D900004920346C6E606AD0122A16C284609F01E
:106DA000A9FA29461BEE900A09F0D4FA284609F000
:106DB000C9FA626AE06DA76D151D0346AA46D8E7B9
:106DC00006A809F091FA1BEE900A06A909F0C2FA8A
:106DD00006A809F0B7FAC7E6000080440000803A30
:106DE00000000044F0B50C4601F1280785B0394693
:106DF000064609F09DFAA36B6D4633B1284621463D
:106E0000FFF770FE284609F09DFA0023A36304F102
:106E10002401384609F09EFA21462846FFF762FE13
:106E2000284609F08FFA206903681B689847E36CCD
:106E3000002B02DD013BE36413B1304605B0F0BD29
:106E4000A18901230222284608F032FF304605B00E
:106E5000F0BD00BFC38919B143F00203C38170477D
:106E600023F002039BB2C381704700BF01607047EB
:106E7000704700BF70B5664E664D674C6749304637
:106E800009F02EFB3046664E2A46214614F00CF9D6
:106E90006449304609F024FB3046634E2A462146B9
:106EA00014F002F96149304609F01AFB3046604E91
:106EB0002A46214614F0F8F85E49304609F010FBE6
:106EC00030465D4E2A46214614F0EEF85B493046C6
:106ED00009F006FB30465A4E2A46214614F0E4F8E3
:106EE0005849304609F0FCFA3046574E2A462146AA
:106EF00014F0DAF85549304609F0F2FA3046544EAB
:106F00002A46214614F0D0F85249304609F0E8FAF2
:106F10003046514E2A46214614F0C6F84F493046B5
:106F200009F0DEFA30464E4E2A46214614F0BCF8EF
:106F30004C49304609F0D4FA30464B4E2A46214699
:106F400014F0B2F84949304609F0CAFA3046484EC2
:106F50002A46214614F0A8F84649304609F0C0FAFE
:106F60003046454E2A46214614F09EF843493046A5
:106F700009F0B6FA3046424E2A46214614F094F8FB
:106F80004049304609F0ACFA30463F4E2A46214689
:106F900014F08AF83D49304609F0A2FA30463C4EDA
:106FA0002A46214614F080F83A49304609F098FA0A
:106FB0003046394E2A46214614F076F83749304695
:106FC00009F08EFA3046364E2A46214614F06CF807
:106FD0003449304609F084FA3046334E2A46214679
:106FE00014F062F83149304609F07AFA3046304EF2
:106FF0002A46214614F058F82E49304609F070FA16
:107000002A4621463046BDE8704014F04DB800BF16
:10701000C4B6002040200020910404002CBF0400CE
:1070200098B6002034BF0400B8B60020A4C0040005
:10703000DCB60020ACC00400BCB6002088C104004F
:10704000E0B6002090C104009CB600206CC2040091
:10705000ACB6002078C20400B0B600200CC3040017
:10706000CCB6002010C30400C0B60020A4C30400A6
:10707000E4B60020ACC30400D0B6002040C4040035
:10708000A4B6002048C40400C8B60020DCC4040034
:10709000A0B60020E4C40400D4B6002078C50400E3
:1070A000A8B6002080C50400B4B60020CCC50400FA
:1070B000D8B60020D4C504006FF47D70704700BFBF
:1070C0006FF47D70704700BF6FF47D70704700BF34
:1070D000C08800F00500003818BF0120704700BFCD
:1070E000C08800F00A00003818BF0120704700BFB8
:1070F000C08810F0030018BF01207047C08800F05E
:107100000C00003818BF0120704700BFC088C0F3D2
:10711000802070476FF47D70704700BF6FF47D7002
:10712000704700BF03684FF47A729B6B02FB01F15A
:10713000184700BF6FF47D70704700BF6FF47D701B
:10714000704700BF08B50368DB6B9847024BA3FB91
:107150000030800908BD00BFD34D62106FF47D7010
:10716000704700BF01610020704700BF6FF47D7061
:10717000704700BF6FF47D70704700BF0A717047A1
:10718000704700BF704700BF806B7047406B70470F
:1071900001207047C06A003818BF0120704700BF47
:1071A00010B5044613F085FF204610BDC38B990728
:1071B00010B5044606D5436D5BB110BD23F0020344
:1071C0009BB2E383626D002AC4BF43F00203E383F2
:1071D00010BD05F01BFA636CC01A61F1000165284F
:1071E00071F10003E38BE9D29A07EBD510BD00BF24
:1071F0000B4B10B503F1080103F18C02B0330446C8
:10720000016082610362303009F09CF8054AA26196
:10721000002304F11800E38302F074FE204610BD41
:10722000B8C7040000CB040038B50C4B03F10801CB
:1072300003F18C02B033044640F8181C02608360EE
:10724000183009F07FF8064A226000232046A4F196
:107250001805E38002F056FE284638BDB8C7040082
:1072600000CB0400026838B593690D4612498B4281
:10727000044617D1C38803F005031BB153680F4AB6
:10728000934201D10E4838BD20469847B5FA85F3A0
:107290005B098342F6D123680A4A1B68934206D1F0
:1072A000002038BD98470028ECD02268E6E7294640
:1072B00020469847002038BDD170030009500300D4
:1072C00012FCFFFFD55F030002680849D26B8A42B7
:1072D00008B505D1406B064BA3FB0030800908BD03
:1072E0009047034BA3FB0030800908BD8D7103005C
:1072F000D34D621001207047C068003818BF0120CC
:10730000704700BF0D4B10B503F1080103F18C026B
:10731000B0330446016082610362303009F012F834
:10732000074AA2610023E38304F1180002F0EAFD9A
:10733000204613F0BEFE204610BD00BFB8C70400B3
:1073400000CB040038B50E4B03F1080103F18C02A9
:10735000B033044640F8181C02608360183008F00F
:10736000F1FF084A22600023A4F11805E3802046BB
:1073700002F0C8FD284613F09CFE284638BD00BF29
:10738000B8C7040000CB0400C388990710B50446B1
:1073900006D5C36B5BB110BD23F002039BB2E38043
:1073A000E26B002AC4BF43F00203E38010BD05F086
:1073B0002DF9E36AC01A61F10001652871F100033B
:1073C000E388E9D29A07EBD510BD00BF1B4B70B51F
:1073D000044603604FF48073C3800025184B22815C
:1073E00002202071A36104F11800C4E9035525753A
:1073F000E5610E4602F018FD124BA66203F108018A
:1074000003F18C02B0332160A261236201224FF4A8
:10741000007104F1300008F06DFFE38B226B6563AF
:1074200000218020043243F48043A063E562656458
:10743000E26421656565E383204670BD4CC70400A6
:1074400000CB0400B8C7040038B504460D460CF064
:107450000BFB236B58880433002D3CD019182848A7
:10746000E26BE36CA0FB020299424FEA12102AD9A8
:10747000520907EE902AB8EEE77A07EE900ADFEDA0
:10748000215AF8EEE76AB7EE006AD4ED147AF4EE0A
:10749000C77AF1EE10FA4FF0000248BF94F854207A
:1074A0001A70D4ED147AE36C77EE867A0133F4EE39
:1074B000E67AF1EE10FAC8BFF0EE657A8B42C4EDC1
:1074C000147AE364E1D3D4E90D23C4E90F23BDE8C2
:1074D00038400CF0BBBAD4E91121521A07EE902AB9
:1074E0009FED097AF8EE677A67EE877AFDEEE77A24
:1074F00017EE902A8242D4BF99181918AFE700BF3F
:10750000A38B2EBA0000000078C2B93C10B5044627
:1075100005F07CF8636B606403B1A36B63650021C5
:107520002046FFF791FFE38BDB0700D510BDFCF78A
:10753000E7FA04F12001074AA06A8023FEF728FC3D
:10754000E28B016842F001020968E062E283BDE873
:107550001040084700442C47B1F5806F0DD8B1F5B5
:10756000007F08B5C8BFC1F580618029A8BF802110
:107570008163FFF7CBFF002008BD6FF47A7070477E
:1075800008B5134BA3FB01231B09162202FB03F3CF
:107590009A1807EE103A07EE901A06EE902AF8EEC7
:1075A000677AF8EE666AB8EE477A37EEC77A77EE12
:1075B000E67AB0EEC77AF0EEE77AB4EEE77AF1EE6B
:1075C00010FA58BF13464363FFF7A0FF002008BD21
:1075D000A38B2EBA036810B54FF47A749B6B04FB2F
:1075E00001F1174CA34227D1164BA3FB01C316246C
:1075F0001B0904FB03F303EB040C07EE103A07EE40
:10760000901A06EE90CAF8EE677AF8EE666AB8EE5F
:10761000477A37EEC77A77EEE67AB0EEC77AF0EEC1
:10762000E77AB4EEE77AF1EE10FA58BF63464363A7
:10763000FFF76CFF002010BDBDE81040184700BFE9
:1076400081750300A38B2EBA70B50C4682B0054637
:1076500008F04AFEE38B9B070DD4236B0433E364ED
:1076600004F0D4FFE36AA0641A68184613689847C8
:10767000284602B070BD04F130063146284608F0B5
:1076800069FE20460121FFF7DFFE01224FF4007161
:1076900001A808F02FFE01A9304608F05BFE01A802
:1076A00008F050FED9E700BFA1F12001FFF7CCBFE1
:1076B00073DF704774DF704776DF704777DF70479E
:1076C0008FDF70471321FFF7F7BF00BF10B5094BDD
:1076D000044640F8143B08F0DBFE04F1100008F00B
:1076E000D7FE054A226000232046E38002F00AFC10
:1076F000204610BD9CC8040000CB0400C388590775
:1077000005D41B0700D4704704200CF021BE10B52F
:10771000044604F07BFFA369C01A61F10001B0F5D3
:10772000FA6F71F1000303D2E3881A070BD410BD7E
:10773000074800210DF0D2F8E38823F004039BB240
:107740001A07E380F3D5BDE8104004200CF000BE1A
:10775000C576030038B5664D002943D12B789906CC
:1077600038D4DA062FD41C0725D458071DD499071E
:1077700013D4DA070BD45B0603D40CF011FD002000
:1077800038BD5C4B01211878FFF792FFF5E70EF04A
:10779000B5FF2B785B06F0D5F3E7574B4FF400327B
:1077A0001A602B78DA07E6D5F1E7534A01215160D8
:1077B0009907DED5F1E7504B4FF000721A602B7835
:1077C0005807D4D5F1E74C4B01221A602B781C07DF
:1077D000CBD5F0E7484B4FF400621A602B78DA06FD
:1077E000C1D5F0E70CF0D6FC00232B700EF09EFF05
:1077F0002C7810B944F001042C703F4B1B689A039D
:1078000048BF44F002043C4B48BF2C705B68DB0768
:1078100048BF44F00404384B48BF2C701B689801E3
:1078200048BF44F00804344B48BF2C701B68D9078C
:1078300048BF44F01004304B48BF2C701B681A0539
:107840002C4B48BF44F02004187848BF2C70FFF739
:1078500031FFB0B1E30719D4A0071CD4610726D4C7
:1078600022072FD4E30639D4A00688D5224B4FF443
:107870000062C3F88020BFF34F8FBFF36F8F0020EB
:1078800038BD44F04004E3072C70E5D50EF014FF3A
:107890002C78A007E2D5184B4FF40032C3F88020B3
:1078A000BFF34F8FBFF36F8F2C786107D8D5124B82
:1078B0000122C3F88420BFF34F8FBFF36F8F2C7862
:1078C0002207CFD50C4B4FF00072C3F88020BFF3D6
:1078D0004F8FBFF36F8F2C78E306C5D5064B01227F
:1078E000C3F88020BFF34F8FBFF36F8F2C78BBE7B7
:1078F0007CBD00202021002000E100E00B4B10B5F2
:10790000044640F8143B08F0C3FD04F1100008F0F1
:10791000BFFD074A22600023E380204602F0F2FA0E
:10792000204613F0C6FB204610BD00BF9CC80400D3
:1079300000CB040003883B2B42D80F2B40F29B80E6
:1079400010B5103B86B02B2B38D8DFE803F0475C2E
:107950003737371637373777373737373737378946
:1079600037373737373737373737373737373737A7
:107970003737373737373737374000F108010622B6
:10798000684608F0D1FD694601A808F0F3FD3A4BBE
:107990001C686CB101A902A808F0ECFD02A904F171
:1079A000100008F0F7FD0123E36002A808F070FD65
:1079B00001A808F06DFD684608F06AFD06B010BD2C
:1079C000562B03D180881321FFF776BE704780883D
:1079D000132106B0BDE81040FFF76EBE81884FF658
:1079E000FF73994206D0254B254A1B680320D256C7
:1079F000FFF764FE01231A464FF47A7102A808F0DB
:107A000057F906B010BD1C4B1C68002CD6D00123C2
:107A100002224FF47A7102A808F04AF994F8213052
:107A2000002BCBD00CF000FF0028C7D1154B1878E5
:107A3000012106B0BDE81040FFF73ABE037A002BE3
:107A4000BCD10D4B1C68002CB8D094F82030002B12
:107A5000B4D1E3689B07B1D404F0D8FDA061ADE7D1
:107A6000002302A980888DF808308DF80930FFF7CF
:107A700027FE06B010BD7047FCB600204420002051
:107A80008CC804002021002038B50E4B0025044688
:107A9000C0E9003502F0C8F90B4B2360A56004F182
:107AA000100008F071FD04F1140008F06DFD074BA3
:107AB000E56040F2011222841C600EF099FF20461E
:107AC00038BD00BF00CB04009CC80400FCB60020F9
:107AD00038B5124B044600251878FFF7EBFD84F803
:107AE00021500CF08BFE98B9E3696BB104F08EFD68
:107AF000E369C01A61F10001B0F5FA7F71F100038A
:107B00002CBF0120002038BD04F080FDE061EDE7CE
:107B1000294603480CF0E2FE284638BD202100200B
:107B2000C57603000238012801D90120704710B53D
:107B3000074C206850B1C38843F00803C38001F0AC
:107B4000EDFC2068BDE81040FFF7C2BF012010BD6A
:107B5000FCB60020012801D0012070470B4B10B566
:107B60001C6824B12046BDE81040FFF7B1BF084BA8
:107B70001878FFF79FFD0CF041FE08B9012010BDF9
:107B8000214604480CF0AAFE204610BDFCB6002099
:107B900020210020C576030044F20103984214D04E
:107BA00009D801280FD041F20103984214BF4A209E
:107BB000472001F099BE44F20203984214BF4A20C4
:107BC000482001F091BE4620F3E74920F1E700BFCD
:107BD00000487047B8C80400704700BF084603F06B
:107BE000F7B900BF82B010B58C4684B049688646AC
:107BF000DCF800000DF1080CACE8030006A981E8F0
:107C00000C00039BDA070EEB630C12D55A10029B93
:107C10005EF80220D45808AB93E803008DE8030017
:107C200006AB0CCB6046A04704B0BDE8104002B0E4
:107C30007047029CEFE700BF82B08DE80C00002186
:107C400000F6581002B0FBF767BF00BF82B010B556
:107C500002A981E80C00BDF80A30152B044610D8A3
:107C6000022B1DD9033B122B1AD8DFE803F025198C
:107C70001D371919191919191D191919191919194E
:107C80003F0040F6B93293420AD100F580544FF0DC
:107C9000FF31D4F8B001BDE8104002B007F02EBAB1
:107CA000BDE8104002B07047BDE81040D0F83C0974
:107CB000036802B01B6B1847002100F6740005F042
:107CC00085FA04F69800002105F080FA04F6BC005D
:107CD000BDE81040012102B006F036BBBDE81040FF
:107CE000D0F84009036802B09B6A184700F5805439
:107CF000D4F8B001BDE8104002B007F0ABBA00BF45
:107D000082B08DE80C00BDF80230152B01D002B016
:107D1000704700F5805002B0D0F8B00107F0A4BA67
:107D200010B500F5E5642046FCF75EFC18B120466E
:107D3000FCF762FC18B9BDE810400BF09DBE204670
:107D4000FCF7E8FD0028F6D110BD00BF084601F0A1
:107D5000CBBD00BF0BF092BE0BF096BE064A136877
:107D6000591E11603BB9054A116821B14189136060
:107D700021F4005343817047482000203020002028
:107D8000704700BF064A1368591E11603BB9054A87
:107D9000116821B1C188136021F40053C38070477A
:107DA00048200020302000202DE9F04F2DED048BDD
:107DB00085B0044601F0E8FBB94B0025C4E9013564
:107DC000201D02F031F8B74B236003F13C0204F1AF
:107DD0000C0604F1340862603046FFF755FE04F1EA
:107DE0004C07B1492663092240460BF0B1FD04F16E
:107DF0006406AE490A2238460BF0AAFDAC491A22A5
:107E000030460BF0A5FD2A464146012304F18000CF
:107E100004F05AFC04F1E00A04F1B80005F060FF38
:107E200004F53B7B394622235B22504608F06EFD69
:107E30003146122204F54B7658460BF0C3FA04F58E
:107E4000D26351465A46304604F5DF67029300F08C
:107E500095FA984B029804F5C46204F5C1610BF0E1
:107E6000D9F804F5AF6204F5AC61384601F052FE72
:107E700004F59A6204F59D6104F5E26001F04AFEA2
:107E800004F5E56208EE902A104628224346009247
:107E900039463246FCF70CF904F5EF6132462A23E5
:107EA0000E4609EE101A0093394618EE903A304605
:107EB000FDF7E6F8D5F8F83F01330ABF4FF010237D
:107EC000D5F8F81F59694FF0805304F2A476186969
:107ED0001B6900EB4000091A04F2B4750122304618
:107EE000FEF76EF8314600222846039505F0B0F9FA
:107EF0000523C4F8E837C4F8EC37C4F8F037C4F801
:107F0000F437D4F85036C4F8D437D4F85436C4F81B
:107F1000D837D4F85836C4F8DC37D4F85C36C4F80F
:107F2000E037D4F86036C4F8E437634BC4F800385F
:107F300004F5B263C4F8C03704F5B563C4F8C437B8
:107F400004F5B863C4F8C83704F5BB63C4F8CC378C
:107F500004F5F86604F5BE6304F2D47504F5FD6912
:107F600004F60400C4F8D03707224946C4F8F8677D
:107F7000C4F8FC5708EE100AFBF76AFF0123002241
:107F8000CDE9002204F56C711A4604F6740005F080
:107F9000F7F80022CDE900220123022204F58861CE
:107FA00004F6980005F0ECF804F5A068032302221B
:107FB000012104F6BC0006F085F95A4640F6AC53A0
:107FC000414604F6CC0006F007FA092104F51060DA
:107FD000FCF792FD082104F6281001F0FFFC38465A
:107FE00000F0CCFCC4F83C09384600F0B1FD039A1F
:107FF0000092014618EE103AD4F83C29C4F8400922
:1080000004F6441000F02CFE04F5A66253460192DB
:1080100004F5A36A04F5A962009204F54E71524674
:1080200004F65810FBF7D8FD04F5955018EE902A89
:10803000029B19EE101A1830FBF77AFF4FF000037D
:1080400063810121404604F5C7680AF095FA40466D
:108050000AF0FEF90221404609F0FAFFB4F83E3674
:10806000164923F480733846A4F83E3609F0C8F95F
:1080700056F8040B01210AF0C7FCB542F8D155F8B7
:10808000040B01210AF0C0FCA945F8D1012150469A
:108090000AF0BAFC204605B0BDEC048BBDE8F08FB9
:1080A00000CB040000C904000090004000A0004084
:1080B00000A0014000200040C4C80400801A06004F
:1080C0002DE9F04F83B0DDE90CABBDF83880002B13
:1080D0003CD007460E4691461D46BAF1000F32D0FD
:1080E0000F2E02D1B8F1C00F30D1282012F0E7FFD7
:1080F0000446103007F02AFE18202680A4F80290CB
:1081000012F0DDFFCDE900AB84466B460246A0606D
:1081100003CB4CF80C5B00233E68D360E360CCF8E3
:10812000043050609160756848F00208C4E9083373
:108130000C4BA4F80480384653612146A84740B947
:1081400003B0BDE8F08F1BF0010FC9D16FF47A7056
:10815000F6E7204602F08EFE204612F0AAFF024803
:10816000EEE700BFE57B030016FCFFFF30B587B0EC
:1081700000224FF48053009204460D4602A8114697
:108180008022FDF71DFF01230E4A01A902A8FDF779
:1081900067FE019B7BB10B4901236A4602A8FDF7EC
:1081A0006BFE04F595501830FBF712FF02A8FDF79F
:1081B0000FFF07B030BD002DF3D102A8FDF708FF77
:1081C00007B030BDC0C804004389DA0700F1A480BD
:1081D000F0B54FF0804243F00103D2F80024438110
:1081E0008BB00646002A00F08A804C4A136801339F
:1081F000136001F07BFC06F1B80700213046FFF761
:10820000B5FF3846464C02F08BF804F1F00554F8FF
:10821000043F184613B11B681B689847A542F6D166
:10822000304601F0BBF93F4B0024CDE9043404ABE8
:1082300093E8030010258DE803003346224640F200
:10824000FD3102953846FFF73BFF374BCDE9063449
:10825000C023029306AB93E8030064228DE8030079
:10826000334640F2FD313846FFF72AFF2F4B029587
:10827000CDE908340AAB13E9030022468DE8030078
:1082800033464FF47F713846FFF71AFF7289284B47
:1082900042F4C042E021728183F809136022A021D8
:1082A00083F80A1383F81A2383F81B2383F8071330
:1082B00083F81C13802183F8211383F822234022A2
:1082C00083F8011306F5E56083F8022383F806239B
:1082D000FCF712F94FF080420123C2F8004113600D
:1082E000D2F80031002BFBD03368124A5B6893420E
:1082F0000CD10A2002F094FA00200BB0F0BD074B1D
:108300004FF47A701A6002F063FE72E730460A2179
:10831000984700200BB0F0BD074870473020002080
:108320003CB700204D7C0300397C0300017D030035
:1083300000E100E0F5CD010016FCFFFFA0F1040014
:10834000FFF742BF10B5044A026000230446C38011
:1083500001F0D8FD204610BD00CB040010B5064A40
:10836000026000230446C38001F0CCFD204612F0D9
:10837000A0FE204610BD00BF00CB04002DE9F04F49
:10838000924B03600023044685B04360CDE902129E
:1083900001F04AFD8E4B23602123A36002220323B8
:1083A000642104F10C000AF0BBF803231A4665218E
:1083B00004F124000AF0B4F804F154090323042260
:1083C000662104F13C000AF0ABF804F16C0B0323C6
:1083D0001F22672148460AF0A3F803231C226821C4
:1083E00058460AF09DF804F1840604F19C031D46EA
:1083F0000E220323692130460AF092F804F1B40AF0
:10840000032325226A21284601950AF089F80323CF
:108410000B226B2150460AF083F803230A226C21B9
:1084200004F1CC000AF07CF804F1FC0703230922D4
:108430006D2104F1E4000AF073F804F58A75032352
:108440001E226E2138460AF06BF8032317226F2193
:1084500028460AF065F803230C22702104F5967073
:108460000AF05EF803231122712104F5A2700AF0CC
:1084700057F803230122722104F5AE700AF050F878
:1084800003230D22732104F5BA700AF049F803237F
:108490002222742104F5C6700AF042F803231A223E
:1084A000772104F5D2700AF03BF804F5EA7803234B
:1084B0002022782104F5DE700AF032F8032324220A
:1084C000792140460AF02CF8002203237A2104F592
:1084D000F6700AF025F8032314227B2104F50170BD
:1084E0000AF01EF803230522862104F507700AF01E
:1084F00017F8032310227C2104F50D700AF010F800
:10850000032308227D2104F513700AF009F80323E0
:1085100015227E2104F519700AF002F803231622B1
:108520007F2104F51F7009F0FBFF03230F22802138
:1085300004F5257009F0F4FF03231822812104F5C6
:108540002B7009F0EDFF03231322822104F5317013
:1085500009F0E6FF01230622832104F5377009F0B4
:10856000DFFF01232822842104F53D7009F0D8FFA4
:1085700003231922852104F5437009F0D1FF019BE3
:108580000299144AC4F82C93C4E9CC37124B1960F1
:10859000A36803991160132BC4E9C9BAC4E9CE6575
:1085A0000CDD454613262B6828465B6C0021984756
:1085B000A3680136B34205F11805F4DC2344002218
:1085C000204683F8402305B0BDE8F08F00CB0400BF
:1085D00060C904005CB9002060B90020826881187D
:1085E000002A91F8403343F0010381F8403341DD24
:1085F0002DE9F047DFF88090074600F10C0500F206
:108600003F364FF0000812E0D3F8003703F4403350
:10861000B3F5003F03D1337843F008033370BB68F0
:10862000A4F23E34E41BA34205F1180520DD95F8C1
:1086300014A0344606F8018F2B682846DB6998475A
:108640000AF01F020028EAD1BAF1200F34BF4FF020
:10865000A0434B4603EB8203D3F8002702F44032D9
:10866000B2F5403FD0D1337843F004033370D6E7FE
:10867000BDE8F087704700BF000300502DE9F041CE
:1086800081681E4B06460844002990F8402322F0DA
:10869000010280F84023D3F80483D3F80423C3F8FD
:1086A000082325DD164F06F10C0406F55075BF1B97
:1086B00010E011F0080320464FF0020104BF2046ED
:1086C00019460AF0BBF9B26801357B199A4204F1E8
:1086D00018040DDD23682046DB6998470028F2D195
:1086E00029784B07E5D5032120460AF0A7F9EAE7E8
:1086F000024BC3F80483BDE8F08100BF0060004076
:10870000C0FCFFFF2DE9F04F06463A4883B099467A
:10871000B3689246D0F804230092002BD0F80423CB
:10872000C0F808232FDD884634460025E36894F816
:1087300020B0DB6904F10C0738469847E8B9E368D4
:1087400038461B6A9847C0B1638A13F4007124D07D
:10875000B8F1000F11D0BAF1000F2BD0BBF1200FF0
:108760000BF01F0B244A0BF5E07138BF4FF0A0420D
:1087700052F8211011F4403F27D0B3680135AB42C5
:1087800004F11804D2DC1B4B0022C3F87C21009AB0
:10879000C3F8042303B0BDE8F08FB9F1000FECD0AB
:1087A00038460AF04BF9B3680135AB4204F11804BE
:1087B000BCDCE8E7384651460AF040F9B3680135B9
:1087C000AB4204F11804B1DCDDE7C3F30023C3F1CD
:1087D0000301384601920AF031F9019A012303FAA4
:1087E0000BF3C2F82035B3680135AB4204F118042D
:1087F0009CDCC8E7006000400003005030B583B047
:10880000062916D8DFE801F0333F4D18181D040083
:10881000816800290DDD0022438A9C0548BF23F4AE
:10882000007302F1010248BF43828A4200F118003E
:10883000F2D1002003B030BDFFF720FF002003B0CD
:1088400030BD002A45D08568002DF2DD01460023A9
:108850004C8A14F4007F03F1010301F1180103D0E5
:1088600014680134146085689D42F1DCE1E70190F1
:10887000FFF7B4FE0122019800231146FFF742FFE3
:10888000002003B030BD8368034493F84033DB0716
:1088900015D5012300221946FFF734FF002003B04D
:1088A00030BD8368034493F84033DD070CD50123C2
:1088B0001A461946FFF726FF002003B030BD01908D
:1088C000FFF78CFE0198E4E70190FFF787FE01981F
:1088D000EDE76FF47A70ADE710B5044603EB4300A3
:1088E000C4E9022321608000012102F097FA0023ED
:1088F00060602382204610BD704700BF10B5034B57
:108900000360044602F0D6FD204610BD84C9040071
:1089100010B5054B0360044602F0CCFD204612F072
:10892000C8FB204610BD00BF84C90400074B1B686C
:10893000834204D01A680649126B8A4203D110B5EB
:10894000322000F07FFE1846104700BF08B7002015
:108950002D890300074B1B68834204D01A6806491F
:10896000D26A8A4203D110B5322000F06BFE18465D
:10897000104700BF08B70020558903002DE9F041DA
:10898000414D2B6813F0010382B004460BD03F4DDC
:108990002B68DB0712D53E4E337803B33D4D286874
:1089A00002B0BDE8F08101223B48114607F014F9FE
:1089B00001232B60354D2B68DB07ECD41922852170
:1089C00003233648324E09F0ABFD0123344A3549C2
:1089D00032482B6012F068FB3378002BDED12F4F2A
:1089E000072002F0F5FA384609F032FD0221384638
:1089F00009F02EFBFB8823F480733221FB80204694
:108A000004F0B8FEF8B9442012F059FB2249214D78
:108A10000446052202F038FB234B23604C202C60D7
:108A200012F04DFB1C490622044600F087F81F4B4C
:108A30001C602046296802F0DBFD286801233370A2
:108A400002B0BDE8F081502012F039FB322305223C
:108A50002146CDE900320F4D0F4B3A46804604F0D7
:108A60006FFE5420C5F8008012F029FB3A463C23E3
:108A70000627CDE900372146074B044604F058FF8E
:108A80000A4B1C60D5E700BF00B7002004B70020E8
:108A90007DBD002008B700200CB7002014B70020CF
:108AA00040200020F988030084C904002CB700206E
:108AB00010B5044612F0FDFA204610BD10B5034B68
:108AC0000360044602F0ACFD204610BDC4C904009A
:108AD00010B5054B0360044602F0A2FD204612F0DB
:108AE000E8FA204610BD00BFC4C90400074B1B684C
:108AF000834204D01A680649926A8A4203D110B5AB
:108B0000332000F09FFD1846104700BF2CB700200F
:108B1000ED8A0300074B1B68834204D01A6806499C
:108B2000D2698A4203D110B5332000F08BFD18467C
:108B3000104700BF2CB70020158B030010B504466A
:108B400002F012FD014B2360204610BDC4C9040091
:108B500008B5FFF713FF014B186808BD2CB70020BC
:108B600082B010B58C4684B049688646DCF80000B7
:108B70000DF1080CACE8030006A981E80C00039B8A
:108B8000DA070EEB630C12D55A10029B5EF8022036
:108B9000D45808AB93E803008DE8030006AB0CCB78
:108BA0006046A04704B0BDE8104002B07047029C88
:108BB000EFE700BF2DE9F04F83B0DDE90CABBDF866
:108BC0003870002B41D080460E4691461D46BAF1C2
:108BD000000F3DD00F2E01D1C02F36D1282012F02A
:108BE0006EFA0446103007F0B1F818202680A4F879
:108BF000029012F064FACDE900AB47F00207A780BB
:108C00006B4607460246A06003CB47F80C5B002387
:108C1000D8F80060D360E3607B6091605060756855
:108C20000D495161C4E908330C4B9D4208D12046DF
:108C300002F020F9204603B0BDE8F04F12F039BA37
:108C400021464046A8470028F1D103B0BDE8F08F87
:108C50001BF0010FBED1F8E7618B03000940030050
:108C600030B58DB0044610982160C4E901231B493A
:108C7000E06004F017FBD0B105460DF1140E006959
:108C80006969AA69EB69F446ACE80F00286A696A69
:108C9000AA6AACE807001CE90F008DE80F00206805
:108CA0009EE80E0002F08AFC284612F002FA0C4BF5
:108CB0001D6885B10B4A0023CDE9052305AB93E878
:108CC0000300C0238DE803000293032223460621FC
:108CD0002846FFF76FFF20460DB030BDF4C90400F1
:108CE00070B80020CD91030070B40B680468D0E91F
:108CF0000156E31A07EE903A4B68EB1A06EE903AEB
:108D0000F8EEE66A8B68F8EEE77A66EEA66AF31A82
:108D1000E7EEA76A012A07EE903AF8EEE77AE7EE67
:108D2000A76A35DD02EB420201EB8200B0EE666A13
:108D30000C38D1E90323EB1A07EE903AA21AF8EEA9
:108D4000E77A07EE102A4B69B8EEC77A67EEA77A82
:108D5000F31AE7EE077A0C3107EE103AB8EEC77A4D
:108D6000E7EE077AF4EE667AF1EE10FAB4EE676A8F
:108D700048BFF0EE676AF1EE10FA48BFB0EE676ADE
:108D80008842D6D176EE667A70BC17EE900A7047AC
:108D9000B0EE666A76EE667A70BC17EE900A70479F
:108DA0002DE9F0472DED068B84B004AC04E90E00EC
:108DB000139A029E1D4600230F469A424FF480618B
:108DC000C0E90033C0E903118146836083614161DA
:108DD00040F3CB80129C9FED788A02EB420204EBB9
:108DE0008208A246DAE90023F31A07EE903ABA1A8B
:108DF000F8EEE77A07EE102ADAF80830B8EEC77A0C
:108E000067EEA77AEB1AE7EE077A07EE103AB8EEAC
:108E1000C77AE7EE077AF5EE407AF1EE10FA00F144
:108E2000AF80B1EEE77A0AF10C0AFDEEC77AF8EEF0
:108E3000E77AF4EE487AF1EE10FAC8BFB0EE678A2E
:108E4000D045CFD19FED5C9AF7EE00AAF0EE499A9B
:108E5000B0EE49AAF0EE498AD4E90012B31A07EE3F
:108E6000903A7B1A07EE103AF8EEE77AA368B8EE6C
:108E7000C77A67EEA77AE81AE7EE077A07EE100AD4
:108E8000B8EEC77AE7EE077AF5EE407AF1EE10FA1F
:108E90007DD4F1EEE75AC91B921B5B1B0C3407EE25
:108EA000101AB8EEC76A07EE102AC8EE257AF8EE57
:108EB000C76A07EE103AB8EEC77A86EE255A86EEF4
:108EC000A56AC7EE256A77EEEA7AF0EEC55AF4EEA7
:108ED000687AF1EE10FAC8BFF0EE678AB0EEC66AA3
:108EE000B0EEE67AA045A5EEA7AAE6EE279AA7EE91
:108EF000279AB1D169EEA97AEAEE0A7AE9EE097AFF
:108F0000F5EE407AF1EE10FA4BD4BDEEC87A17EECA
:108F1000103AB1EEE77A4846C9E90165C9F8007030
:108F2000C9F818308AEE075AC9EE875A89EE076ADF
:108F3000F7EE007AF0EE676AB0EE677AE5EE286A3F
:108F4000A5EEA87AE6EE287AFEEECB6ABEEECB7AE4
:108F5000FEEECB7AC9ED036A89ED047AC9ED057A94
:108F600004B0BDEC068BBDE8F0879FED139AF0EEE0
:108F7000499AB0EE49AAF0EE498AF0EE497AC8E77C
:108F800017EE900A10F0CEF807EE100A4BE717EE36
:108F9000900A10F0C7F8D4E9001205EE900AA36811
:108FA00079E717EE900A10F0BDF8FDEEC87A07EEEB
:108FB000100A17EE903AAEE7000000002DE9F04FDE
:108FC00093B0161E1190884640F3FA80002206EBFB
:108FD000460C0B46740001EB8C0C15461746D3E982
:108FE00000010C330D4453F8041C9C4507440A440B
:108FF000F5D197FBF6F3099395FBF6F3079392FBF4
:10900000F6F30393119B099A1A60079A5A60039A20
:109010009A60414632461846FFF766FE3444D8F857
:109020000030D8F80410D8F808B00A93A8F10C0260
:1090300002EB84026FF0C704E41A10946FF0C704C7
:10904000641AC3F5C8730B940D936FF0C704C1F590
:10905000C87305EE900AA4EB0B0400200E93CBF529
:10906000C87305910C9006948246019081460F9337
:10907000099B1099194402910D99CB1808930799EF
:109080000E9B0B44049303990F9B03EB010EDDED44
:10909000027A0A9B17EE901AF8EEE74A5D180B9BCE
:1090A000079964EEA44A03EB010C07EE90CAF8EEB0
:1090B000E77A059B0399B0EE645AA7EEA75A03EB33
:1090C0000C04069B5F1807EE907AF8EEE77AB0EE94
:1090D000456AA7EEA76A012E0BEB0700F0EE466A81
:1090E00029DD43461969611A07EE901AD968691A91
:1090F00007EE101AF8EEE77A5969B8EEC77A67EE0C
:10910000A77A411AE7EE077A0C3307EE101AB8EE89
:10911000C77AE7EE077AB4EE676AF1EE10FAF4EE7A
:10912000676AC8BFB0EE676AF1EE10FA48BFF0EEAA
:10913000676A9A42D6D176EEC66AF4EEE56AF1EE37
:1091400010FA04D5F0EE665A82460194A946C83753
:10915000BE45B8D1049B0CF1C80C6345A5D1029B58
:109160000899C8339942029391D1099B4B4508D085
:10917000019B07930123CDF80CA00C93CDF824900C
:1091800076E7079B01998B4206D0019B0793012349
:10919000CDF80CA00C936BE7039B9A4504D00123F8
:1091A000CDF80CA00C9363E70C9B2BB1119B099A93
:1091B0001A60079AC3E9012A119813B0BDE8F08F2D
:1091C000002303930793099374001BE782B02DE9F2
:1091D000F04F2DED028BF1B001467CAC642084E8A9
:1091E0000C00069101F0F4FE0522114612A806F0CB
:1091F00033FE964913A806F059FE25AB70A900224C
:109200009A60C3E900220C339942F9D1069C1C9262
:10921000A0688DF8742003681792CDE91822CDE973
:109220001A229B6ADFF83892984708EE100AA06865
:109230000368FF215B6A9847A0683C3003F0ECFCB0
:1092400043F68C420023099205939B4607930A93A9
:10925000099B43F68C429342A9F1020A00F0BA80BE
:109260007B4A9342C0F2B680099B002B00F0DE805F
:10927000059A0F2A00F0DA80A3F16402089313B272
:1092800009930799734B069D2831A3FB0132C8202F
:10929000920900FB1212D3B26868079302F090F8AB
:1092A0000446686802F094F814F52A7FC0F2B28090
:1092B00014F1C80FC0F2B680B4F52A7F00F3C18064
:1092C000C82C00F3218102230C93984610F52A7FC5
:1092D000C0F29C8010F1C80FC0F2A080B0F52A7FC8
:1092E00000F3AB80C82800F3138102230D930B9386
:1092F000594D12A817AE06F059FE2C460A9B374668
:1093000004E002344C450CD017F8013F012BF8D192
:1093100062782178FF2312A8023406F051FE4C45F2
:10932000F2D1079BDDE90C1212A806F049FE089B5A
:10933000002B02DB059B0F2B09D900230093069B12
:109340009868002310301A4612A906F055FE002333
:109350001A460EAF0B9B05E0554506F101062AD0D3
:1093600015F8022F9045F7D16A789A42F4D125A9D1
:109370000BEB4B0401EB8404317801294FF0000220
:10938000EAD00893069B3846196802F033F9059A2B
:109390000132D3B297E807000BF1010B0593554555
:1093A0004FF00103337084E80700089B5FFA8BFBE2
:1093B00006F10106D4D1642001F00AFEBBF1180FBA
:1093C00050D89DF85C300A93099B43F68C42934237
:1093D0007FF446AF069CA068FDF752F9A4681F49C8
:1093E0001EA807F07DF83C3478220DEB02012046E0
:1093F00003F0DAFC1EA807F04BF843F68C4343F663
:109400002842CDE90832002305933AE700230D9363
:109410000B936DE700230C93984657E701230D93B8
:109420000B9365E701230C9398464FE7069B9868DA
:109430003C3003F0F1FB099B1EE704230D930B93D3
:1094400056E704230C93984640E700BF00CA040087
:10945000D18AFFFF1F85EB5160CA040048CA04008F
:1094600092CA040014AC5A4625A92046FFF7A6FD6F
:1094700025ABCDF804B0009394E80E001EA8FFF7CA
:109480008FFC21AB0FCB8DE80F00069D1EAB28682B
:109490000ECB02F093F8E86820B11F491EAA1C23E6
:1094A00003F03AFF069EB068FDF7EAF8B06813A92A
:1094B00000F13C05204606F0EFFC002340F2DC52B0
:1094C000CDE9003221461A46284603F0E1FB20464A
:1094D00006F076FC4FF47A7001F07AFDB068FDF783
:1094E000CFF8B068036818EE101A5B6A984713A8A3
:1094F00006F066FC12A806F063FC71B0BDEC028BAE
:10950000BDE8F04F02B0704703230C939846DDE6A8
:1095100003230D930B93EBE6F4C90400C38843F4D3
:109520008043C380704700BF84B003AA01900DF14F
:1095300007030DF1030013F8011902F8011B834220
:10954000F9D1039804B0704740BA82B080B202B03B
:10955000704700BFBFF34F8F0549064BCA6802F43E
:10956000E0621343CB60BFF34F8F00BFFDE700BF46
:1095700000ED00E00400FA0512DF7047704700BFFD
:10958000084601F029BD00BF024A0349016010608E
:10959000704700BF34B70020B4CA040030B583B0B0
:1095A000054600240DF107008DF80740FFF7E4FFA2
:1095B0009DF80730012B1ED0154A16480123136071
:1095C0004FF0040CC2F80041D2F80031002BFBD060
:1095D000D2F80835BCF1010C43EA0020F2D1012396
:1095E00053602B680C4A9B6993420AD103B0BDE8D3
:1095F000304001F0F1BC2B68074A9B690548934253
:10960000F4D00146284603B0BDE83040184700BFFB
:1096100000D00040ED5EBC0B8195030000B583B027
:1096200000230DF107008DF80730FFF7A5FF9DF827
:109630000700A0F10100B0FA80F0400903B05DF826
:1096400004FB00BF2DE9804889B09E4C07900AF0CA
:109650000BFA9D4B9D490022C3F81025C3F8142531
:10966000C3F81825C3F81C25C3F82025C3F8242502
:10967000C3F82825C3F82C251C230D1D4FF0A0424C
:1096800003F5E07303208D4242F823000ED011F859
:10969000013F1F2B86BF03F01F0322464FF0A0425D
:1096A00003F5E0738D4242F82300F0D1884A854CDF
:1096B0001523151D4FF0A04103F5E07303209542DB
:1096C00041F823000ED012F8013F1F2B86BF03F094
:1096D0001F0321464FF0A04103F5E073954241F886
:1096E0002300F0D17A48774D15234FF0A041012493
:1096F00004FA03F39042C1F80C350ED010F8013F84
:109700001F2B86BF03F01F0329464FF0A04104FA28
:1097100003F39042C1F80C35F0D16E4B6E4A1B68D2
:1097200012680693DFF89CB10492002303934FF074
:10973000010A049B002B00F0B880039A934240F387
:10974000B280664B0193002302931B264FF0A04189
:10975000019B4FF000095A1CB9F1270F059203F144
:10976000050876DC039B40F69F72042B49F6404EB9
:1097700049F63F43C4BF4FF47A6E1346DDF814C078
:10978000534C774649F64042B64604254EFA05FE4C
:109790001EF0010F524E4FF01C0012D01F2846D869
:1097A0004FF0A04E0AFA00F0013DCEF80C0512D39E
:1097B0001CF801EC16F8010B4EFA05FE1EF0010F25
:1097C000ECD11F2837D84FF0A04E0AFA00F0013D27
:1097D000CEF80805ECD25FB120781F2886BF00F0D4
:1097E0001F005D464FF0A0450AFA00F0C5F80805D5
:1097F000002002E00130904212D09842D1F8045586
:10980000F8D125781F2D86BF05F01F055E464FF065
:10981000A04601300AFA05F59042C6F80C55ECD185
:10982000C44504F101040AD01CF801EBADE700F0D7
:109830001F00DE46B6E700F01F00DE46C5E709F16F
:109840000109B9F1300F09D0019BB9F1270F1E783A
:1098500088DD4FF0FF334FF0000E8FE7029B032BA4
:109860002BD0029B3BB3012B14BF01230A23079A81
:1098700092FBF3F3029A1B480132029280FB032011
:10988000DA17C2EBA00202EB8202A3EB42033033F1
:1098900005226FF09F005BB212FB0303069AD018FB
:1098A000D65C019054E7FFF755FE0C4B0193049BE7
:1098B00002931B264AE76423D9E7039B01330393F2
:1098C00037E700BF0003005000600040A4CA040056
:1098D0009CCA04009C20002030B7002094CA0400D9
:1098E000A5CA04006766666608B5FFF7ABFE00BF51
:1098F0004FF0FF30704700BF054B186828B1036870
:10990000044ADB69934202D170470AF0B5B81847A0
:1099100034B700207D9503004CDF704710B5044A32
:10992000026000230446C38000F0ECFA204610BD1C
:1099300000CB040010B5064A026000230446C38031
:1099400000F0E0FA204611F0B4FB204610BD00BF45
:1099500000CB040010B586B0002304460193FFF746
:109960005DFE00BB124A01231360D2F80031002BC8
:10997000FBD00023C2F80031D2F808350193012151
:109980005160002BB8BF03339B10238202F03EFED0
:10999000E268A18801231044A0601A4602A806F0DC
:1099A00087F906B010BD01A8FFF7B6FF019BE8E7F5
:1099B00000C00040C38843F4804310B50446C38010
:1099C00002F024FEA368984271F1000300D210BD9A
:1099D0002046BDE81040FFF7BDBF00BF70B5094B82
:1099E00000250446C0E900350E4600F01DFA064A7F
:1099F00022604FF47A73C4E90253A68025612046A1
:109A000070BD00BF00CB0400DCCA040010B5ADF58A
:109A1000627D01A800F096F84FF46072002102A860
:109A200011F0AFFB022300225821039303A8012366
:109A30000A930AF0E3FB00220290C3219AA80AF0DD
:109A4000DDFB00239990D3F8FC2F013219D04FF0A1
:109A50008052D3F8FC4F13691C444FF4607202A982
:109A6000204611F056FBD0B900234FF46072D3F8B2
:109A7000FC4F02A9204611F04CFB50BB0DF5627D56
:109A800010BD4FF010224FF0805394691B691C44A5
:109A90004FF4607202A9204611F03BFB70B12146E1
:109AA00001A800F051F8E02302AA214601A800F025
:109AB00081F80023D3F8FC3F0133D5D14FF01023B8
:109AC0004FF460729C6902A9204611F022FB002825
:109AD000D4D0214601A800F037F8E02302AA21469D
:109AE00001A800F067F80DF5627D10BD0023D3F8E2
:109AF000FC2F01320ABF4FF01023D3F8FC2F9A69D4
:109B00004FF080531B69134493F8A13203B9704797
:109B1000FFF77CBF10B50023044607F081FD024B20
:109B20002360204610BD00BF2CB6040029DF70471B
:109B300028DF7047022802D1014B01221A707047BA
:109B40007EBD0020704700BF70B50C46FFF766FD74
:109B5000A0B1164D00232B704FF0805601E002F0AB
:109B600029FE3069B4FBF0F0FFF7E2FF03460A205C
:109B7000002BF4D12B78002BFCD070BD0C4A0223B3
:109B8000C2F80435D2F80034002BFBD00849C2F8E3
:109B90000845D1F80034002BFBD00023044AC1F85B
:109BA0000435D2F80034002BFBD070BD7EBD002000
:109BB00000E00140F8B50D4614461E46FFF72EFDA5
:109BC00090B11A4F00233B7001E002F0F3FD3246E2
:109BD00021462846FFF7AAFF03460A20002BF4D1AE
:109BE0003B78002BFCD0F8BD114A0123C2F80435A4
:109BF000D2F80034002BFBD0002E0EDD221F0C4CBF
:109C0000291F02EB860652F8043F41F8043FD4F8BE
:109C100000040028FBD0B242F5D1054A0023C2F867
:109C20000435D2F80034002BFBD0F8BD7EBD0020F7
:109C300000E00140F8B50E4C26689EB13368002B59
:109C40000FDD07463546002402E03368A34208DDF5
:109C500055F8040F036839465B69013498470028BA
:109C6000F3D1F8BD542011F02AFA20600660F8BD47
:109C700038B7002070B5A9B380EAE0741B4E0D46DA
:109C800001F1FF3CC4EBE074002186FB0423E217E2
:109C9000C2EBA30202EB8203A4EB4303002BB8BF89
:109CA0005B4230338E460CF8013F01311446002AE6
:109CB000EBD1002803DA2D236B540EF102010023AF
:109CC0006B54284611F099FA01382844854207D28E
:109CD0002B78027805F8012B00F801398542F7D37B
:109CE000204670BD6FF47A74FAE700BF6766666657
:109CF000014B1860002070473CB70020022908B5CE
:109D000009D90339012904D80368094ADB68934259
:109D10000BD1002008BD0029FBD00368044ADB6892
:109D20009342F6D001219847F3E700219847F0E7E6
:109D3000A53D030070B584B004AC04E90F00BDF884
:109D40000230012B13D0022B0FD1144C144E04F10E
:109D5000F00554F8040F30B1C3885B0403D50368E1
:109D60009B68B34217D1AC42F3D104B070BD0B4C29
:109D70000C4E04F1F00501E0AC42F6D054F8040FAB
:109D80000028F9D0C3889A04F6D503685B68B3420B
:109D9000F2D09847F0E79847E5E700BF3CB70020CE
:109DA00009390300A13D030010B4084C00232246EA
:109DB00002E001333C2B06D052F8041B8842F8D154
:109DC000002244F823205DF8044B704740B7002080
:109DD00038B50A4D04462A46002302E001333C2BE5
:109DE00006D052F8041B8C42F8D1002245F82320FB
:109DF000204611F05EF9204638BD00BF40B7002074
:109E000010B5084C20884FF6E853984202D8431CFE
:109E1000238010BD1520FFF767FD2088431C238099
:109E200010BD00BF1C2100202DE9F041304C82B054
:109E30002246002302E001333C2B05D052F8041BDC
:109E40000029F8D144F823002A4C237813F00103A9
:109E50000BD1294D2A6842B10093102201234FF4FF
:109E60007A60002102F0F2FB10B102B0BDE8F0818F
:109E70002820D5F80080214F11F021F9C02300934C
:109E800001221F4B1021064600F0DCFFD8F80030FD
:109E90005B68BB4220D1304600F0ECFF304611F049
:109EA00008F928202E6811F00AF9C0230093022235
:109EB000134B0F21054600F0C5FF33685B68BB42BA
:109EC00010D1284600F0D6FF284611F0F2F823788A
:109ED00043F001032370C8E7404631469847002805
:109EE000DFD0D8E72946304698470028EFD0E8E78A
:109EF00040B700207FBD002070B80020094003005B
:109F0000359D030010B4084C0023224602E00133C3
:109F10003C2B06D052F8041B8142F8D1002244F8B1
:109F200023205DF8044B704740B70020F8B5054684
:109F30000E46062813D8DFE800F0131313040413A9
:109F400004000F4F07F1F00454F8043D324629464F
:109F5000184613B11B681B699847BC42F4D1F8BD81
:109F6000084C04F1F00754F8043F324629461846DD
:109F700013B11B681B699847BC42F4D1F8BD00BF00
:109F800040B700203CB70020084600F049BC00BFA5
:109F90002DE9F04385B004AC04E90F0023490D68B6
:109FA0004FF47A72DDE90201002310F0E9FE85B377
:109FB000DFF87C8006460F464FF000092C46AD695D
:109FC000E3689E4277F1000321D363697BB109F016
:109FD0004BFDE3692BB3A2699A61A3690BB1E269F6
:109FE000DA61C4E90699C4F8149009F02FFD09F06C
:109FF0003BFDD8F80030C4F814806BB11A469B6959
:10A00000002BFBD19461C4E9063209F01FFD002D3D
:10A01000D4D105B0BDE8F083C4E90633C8F80040E8
:10A02000F3E7D4E905321A60D7E700BF38B800205B
:10A0300040B800202DE9F04FDFF8A49193B004ACB4
:10A0400084E80F00D9F800302BB3614BBDF8104005
:10A05000D3F800A0BDF81280BAF1000F17D000238A
:10A060005C4D039340F2FE361F46D346B442DBF804
:10A070000C30DAF818A04FEA134099B203460DD01D
:10A08000002944D08C4242D0BAF1000FEDD1A4F2A5
:10A09000FE33012B79D813B0BDE8F08F40F2FF3CBE
:10A0A0006145EDD1002869D1039B002BECD1DBF891
:10A0B0001430ABB109F0D8FCDBF81C30002B00F0F9
:10A0C0008280DBF818109961DBF8183013B1DBF8E7
:10A0D0001C10D961CBE90677CBF8147009F0B6FCF7
:10A0E00009F0C2FC2B68CBF81450002B62D0194643
:10A0F0009B69002BFBD1C1F818B0CBE9063109F000
:10A10000A5FC01230393BAF1000FAED1BFE708B15C
:10A110004345B9D1DBF814309BB109F0A5FCDBF85D
:10A120001C303BB3DBF818109961DBF8183013B121
:10A13000DBF81C10D961CBE90677CBF8147009F075
:10A1400085FC09F091FC2B68CBF814506BB11946D3
:10A150009B69002BFBD1C1F818B0CBE9063109F09F
:10A1600075FCBAF1000F80D191E7CBE90633C5F851
:10A1700000B0F4E7DBE905311960D6E7404593D03C
:10A18000BAF1000F7FF471AF81E7D9F800501023C6
:10A1900000934246104B214608A800F053FE2B685E
:10A1A0000E4A9B6893420AD108A800F063FE13B0E0
:10A1B000BDE8F08FCBE90633C5F800B09FE708A9EA
:10A1C00028469847F0E7DBE9053119607CE700BFD6
:10A1D00050B8002040B8002035A003001140030013
:10A1E00034B8002038B509F03FFC1F4B1C685CB345
:10A1F00063697BB109F038FCE3690BB3A2699A612A
:10A20000A3690BB1E269DA610023C4E90633636133
:10A2100009F01CFC09F01AFC002323616362256825
:10A2200009F060FC0146284609F068FC09F01CFCB6
:10A230000E4B1A6822621C6009F008FC204638BDEB
:10A24000D4E905321A60DBE7282010F038FF282215
:10A250000021044610F095FF09F048FC0023C4E9F2
:10A260000003A360D6E700BF48B8002044B8002030
:10A2700038B50B4B1C682369DB0707D5094D2868E7
:10A2800030B1626A4262002363620446204638BDF0
:10A29000FFF7A8FF28600028F3D1204638BD00BF93
:10A2A00030B800203CB800202DE9F04105460E46AC
:10A2B00017469846FFF796FF044620B332463B46C2
:10A2C0002946006809F024FC256809F00BFC011FF1
:10A2D000284609F011FC0F4B0F492068B8F1000F18
:10A2E00018BF194609F006FC09F0BEFB0B4A626173
:10A2F00013685BB11A469B69002BFBD19461C4E9DA
:10A30000063209F0A3FB2046BDE8F081C4E906331C
:10A310001460F6E7D1A903009DA9030040B800200E
:10A320002DE9F0414E4D2B78DB0782B002D502B00B
:10A33000BDE8F0814B4E3060FFF754FF4A4B0446B6
:10A34000186009F091FB494A62611368002B70D0D4
:10A350001A469B69002BFBD19461C4E9063209F0CF
:10A3600075FBFFF73FFF424C0768206009F0BAFB1E
:10A37000011F384609F0C0FB23683E49186809F000
:10A38000B9FB3468002C4DD0282010F098FEC02373
:10A3900000930022384BDFF8E88040F2FF31074697
:10A3A00000F050FD23685B68434552D1384600F009
:10A3B00061FD384610F07DFE2820376810F07FFEE2
:10A3C000C023009300222C4B40F2FE31044600F0E3
:10A3D00039FD3B685B68434535D1204600F04AFDB6
:10A3E000204610F066FE00220123002100924FF467
:10A3F0007A600F2202F02AF92820366810F05FFEFA
:10A40000C023009301221D4B0F21044600F01AFDCA
:10A4100033685B68434510D1204600F02BFD204691
:10A4200010F047FE2B7843F001032B7002B0BDE81B
:10A43000F081C4E90633146091E72146304698471D
:10A440000028EFD0E8E73846214698470028CAD0D0
:10A45000C3E72046394698470028ADD0A6E700BF9D
:10A4600080BD002034B8002030B8002040B8002063
:10A470004CB80020A5A7030035A00300919F03005E
:10A4800009400300024B187800F00100704700BF3C
:10A4900080BD0020F0B5304F3B6883B0002B58D012
:10A4A0002E4B1B78DB0754D505460E46FFF7E0FE22
:10A4B00045EA0643C360436904467BB109F0D4FA18
:10A4C000D4E9062303B39A61A3690BB1E269DA61A7
:10A4D0000023C4E90633636109F0B8FA09F0C4FA4D
:10A4E0001F4A6261136853B31A469B69002BFBD164
:10A4F0009461C4E9063209F0A9FAA5F2FE33012BF2
:10A5000005D8002003B0F0BD63691A60DCE728209D
:10A510003F6810F0D4FDC023324600932946114B0A
:10A52000044600F08FFC3B680F4A5B6893420AD1F7
:10A53000204600F09FFC204610F0BBFDE1E7C4E997
:10A5400006331460D7E72146384698470028D8D00C
:10A55000EEE70648D6E700BF34B8002080BD0020F3
:10A5600050B8002035A003000940030016FCFFFF8F
:10A570000B4B93F800C01CF0010F0ED068B110B463
:10A58000144632B10A46012321465DF8044BFFF719
:10A590008BBE00205DF8044B70470020704700BF61
:10A5A00080BD0020024B1868B0FA80F04009704767
:10A5B00040B8002010B5104C23789A0784B004D519
:10A5C0000E4B1B6873B104B010BD43F00200207045
:10A5D000012302220F21684605F06AFB074B1B6826
:10A5E000002BF0D1237823F00203237004B0BDE8E0
:10A5F0001040FFF781B900BF80BD002040B80020A7
:10A600002DE9F0415C4D2C682269D10727D45B4EBF
:10A610003368002B57D06169B1426BD02B60584F23
:10A620003968994252D09C4242D08C4242D0554B1C
:10A6300062699A423ED0206809F062FA064609F043
:10A6400061FAA16863682F68361ACB1A9E4265D8F2
:10A65000BB683A682068BDE8F04109F085BB4A4E06
:10A660002068336842F0020222611A691C6842F0D5
:10A6700004021A6109F04AFA0146204609F03EFA3E
:10A680003768386809F03CFA044609F03BFAD7E924
:10A690000123241A9B1A9C4255D83368996818687C
:10A6A00009F0A3FB2B681A6900219207316045D499
:10A6B000BDE8F0812A68002193681268BDE8F04186
:10A6C000084609F051BB2E4F3B682B60130718D486
:10A6D0002B689C42ECD039680E6809F003FA011F20
:10A6E000304609F009FA3B682849186809F002FA6F
:10A6F00039689AE7A169002908BF194629600B4605
:10A700008DE72C60FFF756FF3368002BFAD09C4290
:10A710002B60CDD039688B4287D1DDE72C6009F002
:10A72000F1F96068203626F01F0610BB304600F0B5
:10A7300015FB3118C4E901012F6089E7BDE8F0413C
:10A74000186809F08CBBD5F800802F6009F0DAF9A1
:10A750007868203424F01F0440B9204600F0FEFA47
:10A760000444C7E90104C5F8008096E700F034FB13
:10A77000F3E700F031FBD9E730B8002040B8002003
:10A780004CB8002048B800203CB80020A5A7030022
:10A79000034B1B78DB0701D5FFF732BF704700BFC3
:10A7A00080BD002000B5114C114D85B005E02A6830
:10A7B000A2B1DA0702D5FFF723FF23789907F6D471
:10A7C00043F0020C022201230F21684684F800C0E6
:10A7D00005F06EFA2A682378002AEAD123F00203F2
:10A7E0002370FFF789F82378E3E700BF80BD0020DE
:10A7F00040B8002000B583B0FFF74CFE10B103B0A5
:10A800005DF804FB054B1B78DB07F8D50190FFF7DB
:10A81000F7FE019803B05DF804FB00BF80BD002087
:10A8200070B5204E3378DA072FD50546FFF720FDA7
:10A83000044601F0EBFE63692844E0607BB109F057
:10A8400013F9E36953B3A2699A61A3690BB1E26991
:10A85000DA610023C4E90633636109F0F7F809F00F
:10A8600003F9114A62611368A3B11A469B69002B70
:10A87000FBD19461C4E9063209F0E8F83378DB07CC
:10A8800007D5BDE87040FFF7BBBEBDE8704000F0E3
:10A890009FBB70BDC4E906331460EDE7D4E905320F
:10A8A0001A60D2E780BD002038B8002070B5374D5F
:10A8B0002C6863698BB109F0D7F8E369002B59D094
:10A8C000A2699A61A3690BB1E269DA610023C4E964
:10A8D0000633636109F0BAF82C682D4E09F0C4F80C
:10A8E00033686661002B4DD01A469B69002BFBD163
:10A8F0009461C4E9063209F0A9F834684CB1A3693F
:10A90000002223B11C460132A369002BFAD1032A8D
:10A9100021DC2B6800221A611C6809F0E3F801466B
:10A92000204609F0EBF809F09FF81A4A29681368E5
:10A930008B421CD02BB11A6A914220D01346002BB7
:10A94000F9D109F083F8144B1B78DB0716D5BDE865
:10A950007040FFF755BEE2692068936100F03CFA51
:10A96000606800F039FA204600F036FAD1E71B6A39
:10A970001360E6E7D4E905321A60A3E770BD0A6AFE
:10A980001A62DEE7C4E906333460B4E730B8002069
:10A9900048B8002044B8002080BD002010B50C4607
:10A9A0008047A047044B1B78DB0703D5BDE8104068
:10A9B000FFF77CBF10BD00BF80BD0020034B1B789C
:10A9C000DB0700D47047FFF771BF00BF80BD0020D8
:10A9D00038B50346144610460D4698472046A8470A
:10A9E000044B1B78DB0700D438BDBDE83840FFF7C7
:10A9F0005DBF00BF80BD002000283DD02DE9F84399
:10AA00001F4F3B78DC0735D51E4E33681A69520755
:10AA10008846044601D15D6A45B11B49012342467F
:10AA20002046FFF741FC0020BDE8F883186809F0D4
:10AA3000FEF93268136913F0020916D143F00103DD
:10AA400013614046A04733681869C3F8249020F08A
:10AA5000010210F004001A61E6D0387810F001000D
:10AA6000E2D0FFF723FF4846DEE723F0030313613C
:10AA70002846D9E70548D7E76FF47A70704700BFDA
:10AA800080BD002030B80020BDA9030016FCFFFFE8
:10AA9000024B1878C0F38000704700BF80BD0020D3
:10AAA000054A137818B143F004031370704703F09C
:10AAB000FB031370704700BF80BD002010B400245A
:10AAC000C460C0E900115DF8044B0272704700BF1A
:10AAD000F8B53A4F3B78DA0700D4F8BD044608F0E1
:10AAE000C3FF2568013D256008F0B0FF002DF4DAB2
:10AAF000FFF7BEFB4369064683B108F0B5FFD6E910
:10AB00000623002B53D09A61B3690BB1F269DA6165
:10AB10000023C6E90633736108F098FF08F0A4FF2C
:10AB200004F10C037361E368002B3CD01A469B6967
:10AB3000002BFBD19661C6E9063208F087FF08F0CA
:10AB400093FF23689D4221DD736983B108F08CFF78
:10AB5000F369002B2ED0B2699A61B3690BB1F26927
:10AB6000DA610023C6E90633736108F06FFF08F06D
:10AB70007BFF134A726113688BB11A469B69002BE5
:10AB8000FBD19661C6E9063208F060FF08F05EFF6F
:10AB90003B78DB07A1D5BDE8F840FFF731BDC6E93A
:10ABA00006331660F0E7C6E90633E660C5E7736969
:10ABB0001A60A9E7D6E905321A60CEE780BD002009
:10ABC00040B80020036810B5C468013303604CB37B
:10ABD00063697BB108F048FFE36923B3A2699A6116
:10ABE000A3690BB1E269DA610023C4E9063363614A
:10ABF00008F02CFF08F038FF0D4A6261136853B16A
:10AC00001A469B69002BFBD19461C4E90632BDE86A
:10AC1000104008F01BBFC4E906331460BDE81040C3
:10AC200008F014BF10BDD4E905321A60D8E700BFA0
:10AC300040B80020F8B5C468054634B3194E002763
:10AC40002B68626901332B6072B108F00DFFE36974
:10AC500023B3A2699A61A3690BB1E269DA61C4E91D
:10AC60000677676108F0F2FE08F0FEFE3368666161
:10AC700083B11A469B69002BFBD19461C4E906326B
:10AC800008F0E4FEEC68002CDAD12B7A0BB96B6883
:10AC90002B60F8BDC4E906333460F1E7D4E905322E
:10ACA0001A60D8E740B8002000680028B4BF4042CE
:10ACB00000207047830770B50D4644D100B970BDC0
:10ACC000860808F0D1FED5E90040751CA04206D9DF
:10ACD0002168002907DB04EB8104A042F8D808F0C2
:10ACE000B5FE002070BD21F000434FEA810C54F8FE
:10ACF0002320002A04EB81010EDB0FE022F000424A
:10AD0000134443F00042226054F82320002A04EB4D
:10AD100083014FEA830C01DA8842EFD89D4201D9C2
:10AD20006444D3E7A042DAD902369E4203D204EB50
:10AD30008606B0420AD8236823F00043236008F057
:10AD400085FE201D70BD8008461CBAE75B1B43F0E2
:10AD5000004346F8043C2560F1E700BFF8B507461C
:10AD600060B3184C23783BB117493846FFF7A2FF70
:10AD70000446F0B12046F8BD144D154A2B701668F4
:10AD800008F072FE104A134BC2E900639B1B9B083C
:10AD900043F0004333602B7801332B7008F056FEEC
:10ADA0000123094923703846FFF784FF0446002831
:10ADB000E0D11420FEF798FD2046F8BD0446204659
:10ADC000F8BD00BF81BD002054B8002082BD002026
:10ADD000A420002000F80120B0B10F4B1A68824275
:10ADE00010B5044602D25B68834204D8BDE8104027
:10ADF0001E20FEF779BD50F8043C002B05DD43F022
:10AE0000004344F8043C10BD70471E20FEF76CFD63
:10AE100054F8043CF3E700BF54B8002010B501FB20
:10AE200000F282B010460192FFF798FF044628B165
:10AE30000123019A0360002110F0A3F9204602B01B
:10AE400010BD00BF2DE9F041044610300F46BDF89B
:10AE5000188016461D4604F079FF0021C4E902510E
:10AE6000C4E9081127806680A4F804802046BDE864
:10AE7000F08100BF83889B0710B5044603D5806826
:10AE800008B110F016F9204610BD00BF82B070B5B1
:10AE9000046A86B00AA981E80C003CB3236963B157
:10AEA00001221C461B690132002BFAD1092A04DD5C
:10AEB00006B0BDE8704002B070470AAB0FCB02ADE0
:10AEC00085E80F00182010F0FAF806AB064613E9E3
:10AED00003008DE80300304695E80C0004F05CFFA9
:10AEE000266106B0BDE8704002B0704705460FC944
:10AEF00002AC84E80F00182010F0E1F806AB06461B
:10AF000013E903008DE80300304694E80C0004F0D8
:10AF100043FF2E6206B0BDE8704002B0704700BF2C
:10AF200030B4D0E9004303F10050013804EBC00015
:10AF300084420AD8034603E09442184605D81346D3
:10AF40001D68A942A3F10802F6D9406830BC7047D9
:10AF500010B4D0E9004303F10053013B04EBC30CF0
:10AF600064450FD8634603E094429C4607D81346D5
:10AF700018688142A3F10802F6D9DCF800005DF8F8
:10AF8000044B704754F83300F9E700BF10B4D0E920
:10AF9000004303F10053013B04EBC30C644513D899
:10AFA000634603E094429C4607D8134618688142E2
:10AFB000A3F10802F6D9DCF800005DF8044B081A8A
:10AFC000B0FA80F04009704754F83300F5E700BF4D
:10AFD00001F0F0BB01F0C2BBFEF78ABE38B5084BEA
:10AFE00004460025C0E90035FEF71EFFE388054A48
:10AFF000226043F480532581E380204638BD00BFA2
:10B0000000CB040024CB040010B5044A02600023E6
:10B010000446C380FEF776FF204610BD00CB040037
:10B0200000897047807A704738B50368817204469A
:10B03000DB6A98472368074A9B6A9342054603D117
:10B04000A07AA072284638BD20469847C0B2A072A8
:10B05000284638BD25B0030038B503680181044691
:10B06000DB6A98472368074A1B6A9342054603D167
:10B0700020892081284638BD2046984780B220810B
:10B08000284638BD21B00300F8B50025144B0360F5
:10B090000446456016460F46FEF7C6FE114B236078
:10B0A00094F8363025631422228123F00E03022205
:10B0B00084F83630A2724FF00113C4E90355C4E995
:10B0C0000555C4E90755C4E90E336762A680E580DB
:10B0D000A586A4F8425084F840502046F8BD00BF31
:10B0E00000CB04004CCB0400C26812F5C87F30B519
:10B0F00080F2848090F8363013F0020340F08680AE
:10B10000046914F5C87F66DA90F8361011F004016E
:10B1100069D1456915F5C87F31DA90F8361011F01C
:10B12000080134D0B1FA81F390F836105B0963F36B
:10B13000C30180F8361090F84030032B08D8013353
:10B14000DBB2012B80F840307DD0042B00F08280F0
:10B15000B0F8421090F836C0013189B21CF0010EEF
:10B16000A0F8421061D01D2917D900236FF3000CFD
:10B1700080F836C0A0F8423080F840300DE0B5F5D8
:10B18000C87F04DD90F8361011F00801CAD0002BFA
:10B19000D1D190F84030002BDAD104FB04F33349CD
:10B1A00002FB023305FB05338B423CD912F5487F85
:10B1B00045DBB2F5487F44DC14F5487F48DBB4F545
:10B1C000487F43DC15F5487F37DBB5F5487FD4BFB2
:10B1D0000020062030BDB4F5C87F9ADD90F8361007
:10B1E00011F0040195D190F83650B1FA81F35B0962
:10B1F00063F3820580F8365001238AE7B2F5C87FF1
:10B200000FDD90F8363013F002030AD190F83610B3
:10B21000B3FA83F35B0963F3410180F8361001232D
:10B220006EE700236CE7072030BD0929B5D9013B43
:10B23000A0F842E080F84030AFE7052030BD0320A1
:10B2400030BD042030BDA0F84230A6E7012030BD5B
:10B25000022030BD90F83630002243F0010380F820
:10B260003630A0F842200B2030BD00BFFF70020036
:10B27000D0E9033230B502FB02F2456903FB032338
:10B2800005FB0535B5F5800F85B0044625D9038F3C
:10B29000002B45D0B5F5100F02D9638F002B5ED07F
:10B2A000B5F1107F02D9A38F002B4FD0B5F1806F7D
:10B2B00002D9E38F002B40D0012384F8313020469F
:10B2C000FFF712FF0B2814D0A38E83421AD000235D
:10B2D000A08684F8303005B030BD90F83130042BB2
:10B2E00046D90023C0E90E332046FFF7FDFE0B28A8
:10B2F000EAD16086024601230D21684604F0D8FC9D
:10B3000005B030BD94F83030042B12D8628E013372
:10B31000DBB2824284F83030DDD0052BE9D0DAE7A9
:10B3200001230C220D21684604F0C2FC012323876F
:10B33000B0E7638E8342DCD1CDE701230A220D21E1
:10B34000684604F0B5FC0123E387B5E70123092231
:10B350000D21684604F0ACFC0123A387A6E7012376
:10B3600008220D21684604F0A3FC0123638797E7B8
:10B370000133DBB2A1E700BF30B58BB0016A00F149
:10B3800018030CCB02AD00910446416A284604F034
:10B3900079FC95E80700E38804F10C0523F002032B
:10B3A00085E807002046E380FFF762FF0123A188BC
:10B3B0001A4606A804F07CFC00200BB030BD00BF8C
:10B3C00010B5036804461B6B9847E06810BD00BFCA
:10B3D00010B5036804461B6B9847206910BD00BF79
:10B3E00010B5036804461B6B9847606910BD00BF29
:10B3F000036810B504461B6B9847E3889B0701D58B
:10B40000A06A10BD2046E0F743FFA06A10BD00BF50
:10B41000036810B504461B6B9847E3889B0701D56A
:10B42000E06A10BD2046E0F733FFE06A10BD00BFC0
:10B43000036810B504461B6B9847E3889B070ED53D
:10B44000D4ED0A7A9FED087ADFED086A67EE877A15
:10B4500087EEA67AFDEEC77A17EE900A10BD204659
:10B46000E0F716FFECE700BF0000B443DB0FC94074
:10B47000036810B504461B6B9847E3889B070ED5FD
:10B48000D4ED0B7A9FED087ADFED086A67EE877AD4
:10B4900087EEA67AFDEEC77A17EE900A10BD204619
:10B4A000E0F7F6FEECE700BF0000B443DB0FC94055
:10B4B000408E704710B5044A026000230446C380E2
:10B4C000FEF720FD204610BD00CB04000089704728
:10B4D000D0E90D1230B5C36B0446C068091A206963
:10B4E000121A60691B1AA06900FB01F189126163DD
:10B4F000E16901FB02F2216A8BB001FB03F39B12AD
:10B500009212A26302ADE36304F1340200930CCA09
:10B51000216C284604F0B6FB95E80700012304F1EE
:10B52000280585E80700A1881A4606A804F0C0FB94
:10B5300000200BB030BD00BF38B503680181044660
:10B54000DB6998472368074A5B6A9342054603D143
:10B5500020892081284638BD2046984780B2208126
:10B56000284638BDCDB40300F8B50025114B036063
:10B570000446456016460F46FEF756FC0E4B236008
:10B580004FF48063C4E90553C4E9073314224FF430
:10B590008053C4E90355C4E90955C4E90B55C4E90E
:10B5A0000D55C4E90F576564A6802281E3802046CB
:10B5B000F8BD00BF00CB04008CCB040084B030B5D4
:10B5C0000DF1100C8CE80E00C588044600F10C0E3D
:10B5D000BCE80F00AEE80F009CE8070045F002054C
:10B5E0008EE80700E580BDE8304004B0704700BF3A
:10B5F0004164704770B50B680C4682B005469B6A83
:10B60000084616469847E26B216CCDE9002604F106
:10B61000340328460CCB04F0E3FA284602B070BD90
:10B6200010B5044A026000230446C380FEF76AFC9A
:10B63000204610BD00CB0400008970474089704748
:10B64000FF299ABF017300206FF47A70704700BF22
:10B65000007B7047704700BF10B54A890B8982B0E4
:10B66000CDE9003200231A461031044604F0D2FD21
:10B67000204602B010BD00BF10B5074B044640F88D
:10B68000103B04F09DFB054A226000232046E38026
:10B69000FEF738FC204610BDC4CB040000CB0400EC
:10B6A00010B5094B044640F8103B04F089FB074AEB
:10B6B00022600023E3802046FEF724FC20460FF0A2
:10B6C000F8FC204610BD00BFC4CB040000CB040032
:10B6D000F8B51F460B4B03600023044643600E463B
:10B6E0001546FEF7A1FB2046074B40F8103B2AB257
:10B6F00031B204F0B1FBFF23237326816581A7805B
:10B700002046F8BD00CB0400C4CB04006FF47D706C
:10B71000704700BF6FF47D70704700BF6FF47D709D
:10B72000704700BF6FF47D70704700BF10B584B0E4
:10B7300003688DF80F20002400941C6A0DF10F029D
:10B740000123A04704B010BD10B584B004688DF883
:10B750000C20002200928DF80D30246A022303AAE7
:10B76000A04704B010BD00BF10B5012384B0046829
:10B77000CDE900330DF10F03E46AA04708B99DF845
:10B780000F0004B010BD00BF2DE9F84F9DF82870E0
:10B79000002A54D0002B1D4651DD93460268DFF885
:10B7A000A4809368434506460C4636D11369DFF8FA
:10B7B00098A0534538D1B5F1010918D0023D5D4438
:10B7C0000BF1FF3404E004F8013FA5420DD03268CC
:10B7D000526952454FF00B03F5D000213046904797
:10B7E000C3B204F8013FA542F1D13268CB4453699A
:10B7F00053450DD10B208BF8000037B93368DB6857
:10B80000434518D13846BDE8F88F0020BDE8F88FD1
:10B81000012130469847C0B2EDE798473268DFF81B
:10B8200028A013695345C6D044F00101C9B230467F
:10B8300098473268BFE7304698473846E6E76FF4E6
:10B840007A70E3E71DB7030025B703002DE9F04741
:10B850009DF82070002A37D0002B994634DD14461D
:10B860000268DFF870809568454506468A4624D10F
:10B870001269174DAA4219D1A14404E001344C4584
:10B8800009D033681A69AA42F8D0217830460134C9
:10B8900090474C45F5D137B93368DB6843450FD144
:10B8A0003846BDE8F0870020BDE8F0875FFA8AF1EE
:10B8B0003046904733681A69DEE7A8473268D7E711
:10B8C000304698473846EFE76FF47A70ECE700BFF0
:10B8D00025B703001DB703002DE9F04186B00446EB
:10B8E0009DF834508DF80F201E460F4695B1026822
:10B8F00001230093156A0DF10F02A84738B9236898
:10B9000000909D6A0C9B324639462046A84706B0F7
:10B91000BDE8F0810368DFF824C0D3F81C809DF8EF
:10B920000F20E04508D100951D6A8DF817200123EE
:10B930000DF11702A847E1E7C047DFE72DB7030085
:10B94000024A026000218180704700BF04CC0400DD
:10B950006FF47D70704700BF407970474171704748
:10B9600011B370B506460868904214460D4610D0D3
:10B9700020B102680E49126E8A420CD134B123689C
:10B980000C4ADB6D93420AD1002333712C600020F6
:10B9900070BD002070BD9047002CF0D1F6E700226A
:10B9A000314620469847F1E76FF47A70704700BF40
:10B9B000817103007D7103000EB42DE9F04787B05B
:10B9C0000FAB044653F8046B0093317839B92AE081
:10B9D000236820469B6901369847317819B3252999
:10B9E000F6D1009A73781768101D252B009006F188
:10B9F000020659D0583BDAB2202A19D8202B17D882
:10BA0000DFE803F057161616161616161616164CFD
:10BA10003316161616161616161616161616162699
:10BA2000161616168A0007B0BDE8F04703B0704737
:10BA300023683F219B692046984723683F219B69E3
:10BA40002046984723683F219B6920469847C4E7D2
:10BA500017F8011B0029C0D0236820469B6998472E
:10BA6000397801370029F7D1B7E7002301A9384613
:10BA7000CDE90133CDE903330593FEF7FBF89DF8DB
:10BA800004100029A9D00DF10505236820469B6903
:10BA9000984715F8011B0029F7D19EE72368F9B2F2
:10BAA0009B692046984798E7236820469B699847FA
:10BAB00093E74FF000094FF01C0A08254FF00008EB
:10BAC00012E0B9F1000F2AD003F1570C2368614648
:10BAD0009B6920464FF001089847013D15F0FF058E
:10BAE000AAF1040A3FF479AF27FA0AF303F00F032F
:10BAF00003F13002392A5FFA82FCE2DC302A4FF08F
:10BB000030012046E2D1B8F1000F01D1012DE4D17E
:10BB100023689B699847E0E74FF00109CBE703F101
:10BB2000370CD3E7C389DB0600D4704710B5044651
:10BB300084B0818901230422684604F0B9F8E389BE
:10BB400023F01003E38104B010BD00BFC388DB06FF
:10BB500000D4704710B5044684B0818801230422C4
:10BB6000684604F0A5F8E38823F01003E38004B0EE
:10BB700010BD00BFC3895B073FD52DE9F041836944
:10BB8000B3F90270002F84B005460E4615DD00F1B2
:10BB90001808002401E0A7420FD021B2404604F06B
:10BBA00009FDB04204F10104F5D10123A9891A4627
:10BBB000684604F07DF8A742EFD1EB8C95F824207D
:10BBC0009BB20133B3FBF2F102FB11332A8D9BB21E
:10BBD0009A421DD0EA8C296A92B28E54EB84EB69AA
:10BBE000002B03DBEA8C92B2934207D0EB8943F03F
:10BBF0001003EB8104B0BDE8F08170474FF0FF33D4
:10BC0000EB61A98901230222684604F051F8EDE7AF
:10BC1000A98901230322684604F04AF804B0BDE86C
:10BC2000F08100BFC3891B0719D530B5838EC16A67
:10BC300002689BB20446C95C926985B09047A58EA4
:10BC400094F83030628EADB20135B5FBF3F103FBF1
:10BC50001155ADB2AA4203D0A58605B030BD7047DC
:10BC6000022240F2FF310123684604F021F82368E4
:10BC700001219B6820469847A58605B030BD00BFCE
:10BC8000C3895A0770B5044607D5036800219B682D
:10BC90009847206AFFF7A0F8E38994F8240023F07E
:10BCA00004039DB2E581FFF759F8206260B1236873
:10BCB000002645F004055B68E6842685E58131466B
:10BCC00020469847304670BD6FF47B7070BD00BF52
:10BCD0002DE9F04F2DED028B85B08846C98900AF64
:10BCE000CC0708EE100A7B6000F1DF804B0793461B
:10BCF00040F1CB80B8F82650B8F82890ADB241F0AA
:10BD00000101A945A8F80E1000F01281DBF80030FF
:10BD1000D8F82000B3F902104D460029465D25DD14
:10BD200000244FF0FF3A21B2584604F043FCDBF800
:10BD30000010B1F902100134B04208BFAA46A14276
:10BD4000F1DC98F82440B8F82600013580B295FB64
:10BD5000F4F604FB1655A84200F0AA80BAF1FF3FA2
:10BD600044D1D8F820000029465DD9DC98F8244059
:10BD7000B8F8263001359BB295FBF4F604FB165556
:10BD8000AB42CAD17B68012B00F09A807B68022B02
:10BD900040F08380594607F10C0008F1180404F0C4
:10BDA000E9FB07F10C01204604F0F4FB0121B8F88F
:10BDB0000C00FEF71FFD07F10C0004F069FBB8F85A
:10BDC000262092B202F1FF3A1AB998F8243003F112
:10BDD000FF3A07F10C0004F0D7FB07F10C012046F5
:10BDE00004F0D8FB07F10C0004F052FBBAF1000F8D
:10BDF00053DBCA45BDBF98F82450A5EB090555444F
:10BE0000AAEB090505F1080222F007026C46ADEB2A
:10BE1000020D00216A1C68460FF0B3F91FFA8AF37D
:10BE20009945D8F820E098F8240069460FD00DF124
:10BE3000FF3609F10102B2FBF0FC00FB1C221EF8E8
:10BE400009C006F801CF1FFA82F94B45F1D1B8F8C5
:10BE5000283001332B442AB2B8F80E5025F00105E2
:10BE6000A8F80E5093FBF0F500FB1533A8F8283026
:10BE700018EE100A04F058FBA54618EE100A143705
:10BE8000BD46BDEC028BBDE8F08F4046FFF7F8FEE3
:10BE900000283FD1B8F80E102CE7B8F80E1021F0AA
:10BEA000010118EE100AA8F80E1004F06DFBE4E78B
:10BEB0007B68012B25D1BAF1FF3F97D1D8F820003C
:10BEC000B8F826309BB2AB42FAD00029445D27DD9A
:10BED00000264FF0FF3A31B2584604F06BFBDBF816
:10BEE0000010B1F902100136A04208BFAA46B142C3
:10BEF000F1DC98F82400013595FBF0F400FB1455B3
:10BF0000D9E77B68022B7FF471AFBAF1FF3F7FF472
:10BF10006DAF3FE7014618EE100A04F0C1FAACE736
:10BF200098F82430013595FBF3F403FB1455C7E76B
:10BF30007B68012B04D07B68022B3FF42BAFAEE76C
:10BF4000DBF80030D8F82000B3F90210B8E700BFE2
:10BF50002DE9F0471E46224B03600025214B8360EC
:10BF600004468580C5600830884617469DF82090B5
:10BF7000BDF824A0FDF758FF1B4B23603833A360A6
:10BF8000C4E9048704F1180004F0FEFA01364FF00A
:10BF9000FF3309F10109E361E58404F11001424630
:10BFA000A4F80CA084F8246084F830902562E5623F
:10BFB00025856586A5862046FFF7D2FC3A4604F122
:10BFC00014012046FFF7CCFC084B1A6832B1E38914
:10BFD00043F480432046E381BDE8F0871C60F6E728
:10BFE00040CC040000CB04004CCC04005CB8002022
:10BFF00010B50446002937D001291BD0022917D1DA
:10C00000C3895B073AD5E28C238D92B2934219D152
:10C010000221A089FEF73EFAE38C94F824209BB21B
:10C020000133B3FBF2F102FB1133E361FEF7B0FB26
:10C03000238D07E0E3895A070FD5E28C238D92B256
:10C040009342F7D0216A94F82420C85C0133B3FBF3
:10C05000F2F102FB1133238510BD2046FFF710FEDD
:10C060000028EAD0238DEDE7C38959070BD5E28C70
:10C07000238D92B29342E5D1054810BDFFF700FE33
:10C080000028C0D0D4E7FFF7FBFD0028EFD0CFE7B2
:10C090000CFCFFFF38B50C1E06DB0368DB680546A9
:10C0A000984700B9AC6338BD6FF47A7038BD00BFF3
:10C0B000828E438E92B29A4206D990F83010828EC8
:10C0C0000B4490B2181A7047808E80B2181A7047CD
:10C0D0000A4B10B503F10802403304460260836046
:10C0E000183004F0D5F9064AA260002304F10800D4
:10C0F000E381FDF707FF204610BD00BF44CC0400DC
:10C1000000CB040008B5C06803681B6B984700208B
:10C1100008BD00BF08B5C06803689B6A9847002047
:10C1200008BD00BFF0B5054683B014461F4607F0B2
:10C130009BFCEE68697C336801919A6CDD6B30463C
:10C1400090470A2C77F1000338BF0A24021901999D
:10C150003046A84703B0BDE8F04007F077BC00BF09
:10C1600070B5044607F080FCE06803689B6C984754
:10C17000D4E9083162686060821A9B182362A36860
:10C180001A4441F10001B2F57A7F6162A26012D3D4
:10C19000D4E90631013341F10001581CA2F57A724D
:10C1A0000D4641F10001B2F57A7F1E460346F4D2F6
:10C1B000C4E90665A260BDE8704007F047BC00BF57
:10C1C00010B50446FFF7CCFFD4E9060110BD00BF4F
:10C1D0002DE9F04F466B83B0002EBDF83410BDF84A
:10C1E00030B09DF838A001913DDDC46A0746904605
:10C1F0009946002103E0B14204F1180433D0258AA6
:10C200000131002DF7D13846FFF7AAFF3B6A7A6A61
:10C2100018EB030349EB0202BAF1000F28D1514693
:10C220005046C4E90232019B63820F9B6361C4E9FB
:10C230000010A4F810B007F017FC3B6B3BB1D3E93A
:10C240000203A168E268814272EB030305D23C63FA
:10C2500042464B463846FFF765FF07F0F7FB0020E4
:10C2600003B0BDE8F08F6FF47B7003B0BDE8F08FD2
:10C2700041464846D5E700BFF0B4456BC36A00218C
:10C280008D4201631DDD0A461C8A013254B139B169
:10C290009E688F68CC68BE42DE6876EB040401D2EB
:10C2A00003631946AA4203F11803EDD149B1036AA9
:10C2B0008A68D21A0A2AB8BF0A22F0BCD317FFF73D
:10C2C00031BFF0BC704700BF2DE9F04F06468BB080
:10C2D00069B1C468017C23680591DD6B9B6C2046C5
:10C2E0009847364A059903461A442046A8473046DF
:10C2F000FFF736FF726BF46A002A45DD0025A94678
:10C30000012718E0D4E900BA5BEA0A08628A41D141
:10C31000306B0023A042238243D0CDE900EC02978A
:10C3200006A803F0EBFC726B09F101090135AA4282
:10C3300004F1180425DD218A0029F7D0D6F820E081
:10C34000A368D6F824C0E0689E457CEB000AD9D2E9
:10C350006369DB07EAD5FEF79BFB60B1D6E90830DD
:10C36000174A13EB020ED4E9021240F1000C71459A
:10C3700072EB0C0217D3726B0135AA4204F1180458
:10C38000D9DCB9F1000FB6D130460BB0BDE8F04FA3
:10C39000FFF772BF13EB0B0340EB0A00C4E9023056
:10C3A000BBE73363B9E7CDE900300297052240F2DD
:10C3B000FF3106A803F0A2FCDDE700BF80969800DD
:10C3C000A0860100084B1B6801465BB1187C014147
:10C3D00011F0010103D001211846FFF775BF18467F
:10C3E000FFF772BF704700BF64B80020416BC36A9B
:10C3F00001EB410103EBC1018B424FF0000024D25D
:10C400001A8AF2B15A69D2071BD5C8B130B49C68F8
:10C410008568C268AC42DC6874EB02020AD3183348
:10C4200099420BD91A8A002AF9D05A69D407F6D54D
:10C430000028ECD1184618339942F3D830BC704725
:10C44000184618339942DBD870477047F8B505464F
:10C450000C4607F009FBE86803689B6C98476A681C
:10C460002B6A6860821A9B182B62AB681A446B6A4D
:10C47000AA6043F10003B2F57A7F06466B6212D3DD
:10C48000AB69E969013341F1000C591CA2F57A72DC
:10C4900060464CF1000CB2F57A7F1F460B46F4D291
:10C4A000C5E90670AA60E86803681B6B984707F047
:10C4B000CDFA0023C4E90063D5E90801F8BD00BF47
:10C4C0002DE9F843DDE908680546174607F0CCFA80
:10C4D00056EA080335D02B6A9B192B626B6A48EB2E
:10C4E00003036B624FF47A720023304641460EF02C
:10C4F00047FCAB690446E418EB69AC610A46304678
:10C5000043EB02064146EE614FF47A7200230EF0CF
:10C5100037FCA8688318B3F57A7FAB6010D3601C32
:10C5200046F10001421CA3F57A730C4641F100016B
:10C53000B3F57A7F06461046F4D2C5E90664AB60CF
:10C540006F602846FFF70CFE6B6BD5E9080703EB1D
:10C55000430E00232B63EB6A0A3003EBCE0E47F148
:10C560000007734515D333E0D3E902128142BA4183
:10C5700001D2C3E902072A6B3AB196689968D2687A
:10C58000DC68B14274EB020200D22B6318339E4583
:10C590001ED91A8A002AF9D0D3E9004654EA0602C5
:10C5A000E2D09A68D968A21846EB0101824271EB89
:10C5B000070CE0D212EB040C904662468C4641EB2D
:10C5C0000601824271EB0709F4D3C3E9028CD2E77A
:10C5D000E86803689B6C9847EB680A4A196802444C
:10C5E000CE6B297C04461846B0472B6B33B1E86804
:10C5F000697C036804F10A02DB6B9847BDE8F843E5
:10C6000007F024BA80969800704700BF064B10B51B
:10C610001C682CB12046FFF7A3FDD4E9060110BD2C
:10C620000020002110BD00BF64B80020064B10B5EB
:10C630001C682CB12046FFF793FDD4E9080110BD1A
:10C640000020002110BD00BF64B8002010B5094CC7
:10C65000246884B064B10193069B03930B460121C7
:10C660000092029102462046FFF7B2FD04B010BDD1
:10C670000148FBE764B8002016FCFFFF70B50E4DC3
:10C680002C68B4B12046FFF76BFD0C4B266A42F2D2
:10C69000107098472C682046FFF762FD236A08490E
:10C6A000053B9B1B42F210720020B2FBF3F30B60C0
:10C6B00070BD044870BD00BF64B800204D2000204C
:10C6C00060B8002016FCFFFF70B516461E4A0260D7
:10C6D0001E4A43740A230446C160436310600D463A
:10C6E00006740121F020FEF799FB00230022C4E923
:10C6F0000B030023C4E90623C4E908232B6814496B
:10C70000DA698A421AD1134AEA603146124ADB6B6F
:10C7100028469847E06803685B6A9847E0680368C2
:10C720000022A2609B6C9847E36860601A68184614
:10C73000936A9847FFF7A2FF204670BD2846054937
:10C740009047E5682B68E0E7A8CC040064B80020B7
:10C7500001400300C5C3030080969800F8B5114E50
:10C760003468E4B1104B0546186890B92046FFF7CD
:10C77000F7FCD4E908072D1847F100073468204674
:10C78000FFF7EEFCD4E90823AA42BB41F6D3002010
:10C79000F8BD05FB00F0054B98470020F8BD0448A4
:10C7A000F8BD00BF64B8002060B800204D20002014
:10C7B00016FCFFFF4FF47A7303FB00F0FFF7CEBFC8
:10C7C000064B1B68014613B11846FFF73FBE002217
:10C7D0000023C0E9002319461046704764B80020C2
:10C7E00010B5084C246882B04CB1CDE90023024654
:10C7F0000B462046FFF764FE002002B010BD024841
:10C80000FBE700BF64B8002016FCFFFF084B1B6865
:10C810005BB110B504461846FFF7E8FD20B1D0E93A
:10C820000223C4E90023012010BD1846704700BF51
:10C8300064B80020C3880D4A23F4005310B50446A1
:10C840000260C3802C3003F0BBFA04F1240003F033
:10C850001FFE04F11C0003F01BFE054A22600023AA
:10C860002046E380FDF74EFB204610BDB8CC040007
:10C8700000CB0400C3880F4A23F4005310B50446CC
:10C880000260C3802C3003F09BFA04F1240003F013
:10C89000FFFD04F11C0003F0FBFD074A22600023AA
:10C8A000E3802046FDF72EFB20460EF002FC2046DA
:10C8B00010BD00BFB8CC040000CB0400F8B50025C3
:10C8C000144B0360044645600F461646FDF7ACFA6C
:10C8D000114B2360A76004F10C0003F051F904F13F
:10C8E0001C0003F051FE04F1240003F04DFE04F19E
:10C8F0002C0003F0ABFA4FF4405384F82250256328
:10C90000A680E3802575E58225832584258520463C
:10C91000F8BD00BF00CB0400B8CC04002DE9F04105
:10C920000446806884B00121103003F041FC94F982
:10C930002230042B06DCE269B4F92010B2F902209F
:10C940008A421CDC01335DB2A06884F8225003687F
:10C95000DB6998470130854202D004B0BDE8F08120
:10C96000E269B4F92030002184F82210B2F90220E3
:10C970009A4232DD0133238404B0BDE8F08104F132
:10C980001C0003F017FE04F10C050146284603F0D5
:10C9900009F9064680B394F92230A068C3F1040374
:10C9A00001279F400368DB6998470138FFB2013EC9
:10C9B00000255FFA80F816F8013F1F4205D10135C6
:10C9C000052DF8D194F92230BCE7A0682AB2FF23E4
:10C9D0004146103003F0F4FAF1E701231A462175BD
:10C9E0006846A18803F064F901231A4640F2FE313B
:10C9F000684603F05DF9B0E72021284603F0D2F83D
:10CA00000646C8E730B5436AB0F92810B3F90230DA
:10CA100085688B4285B0044605F1100510DC2021A5
:10CA200000231A46284603F07DFB626AB4F92830D9
:10CA3000B2F902209A4208DB0133238505B030BDEC
:10CA4000243003F0B7FD0146EAE701230020A18866
:10CA500020751A46684603F02BF901231A4640F266
:10CA6000FE31684603F024F905B030BD10B5044628
:10CA7000806886B0103003F099FAA068B4F93020CD
:10CA80000023009304F12C01103003F0B5FA10B923
:10CA900094F8333053B994F932303BB1218E0122EE
:10CAA0000B44238684F8332006B010BD01230021F7
:10CAB0001A46217502A8A18803F0FAF801231A4644
:10CAC00040F2FE3102A803F0F3F806B010BD00BF3B
:10CAD00030B504468068B4F93050036887B0DB692C
:10CAE0009847E36A94F932105B88CB1A1844854260
:10CAF00002DC94F833307BBBB4F93020002A12DC1E
:10CB0000A068002304F12C010093103003F074FAA4
:10CB100094F9321079B1228E0123114484F8333014
:10CB2000218607B030BDA0684942103003F040FBB9
:10CB3000B4F93020E4E701231A46217502A8A18840
:10CB400003F0B6F8012340F2FE311A4602A803F0C2
:10CB5000AFF894F93210DEE7237D062B10D00123C5
:10CB60000020A18820751A4602A803F0A1F801232D
:10CB70001A4640F2FE3102A803F09AF807B030BD21
:10CB8000A068103003F012FAE9E700BF037DFBB1A3
:10CB900010B5038BC28A04339BB29A4284B0044618
:10CBA000038313D8037D0022022B028327D0237D29
:10CBB000032B2BD0237D042B24D0237D052B08D0E1
:10CBC000237D062B05D0237D072B08D004B010BD94
:10CBD00070472046FFF77CFF237D072BF6D101230A
:10CBE00000211A4621756846A18803F061F80123E7
:10CBF0001A4640F2FE31684603F05AF8E6E7FFF7BE
:10CC00008DFED4E72046FFF731FFD6E72046FFF739
:10CC1000F9FECFE7FFF7BABF10B5037D84B0044635
:10CC200033B9A068103004B0BDE8104003F0BEB9BD
:10CC3000012300211A4601758188684603F038F8FF
:10CC400001231A4640F2FF31684603F031F8E8E765
:10CC500038B5141E16DB037D054613B1037D012B89
:10CC60000ED1A868002310301A4603F05BFA2CB1ED
:10CC700000200723EC8228832B7538BD204638BD61
:10CC8000024838BD6FF47A7038BD00BF12FCFFFF58
:10CC900070B582B0079D002D1BDB0446007D10B1EE
:10CCA000207D012813D1069EA068F6B21BB212B2F5
:10CCB0001030009603F0A0F915B9284602B070BDF7
:10CCC00000200723E5822083237502B070BD02484F
:10CCD000F4E76FF47A70F1E712FCFFFF2DE9F043FF
:10CCE00085B00D9E002E58DB9846037D04460F4606
:10CCF000914623B90AE0FDF77DFD257D35B194F815
:10CD000014C001218C4540F2FF30F4D1237D002B6B
:10CD100041D1394603A803F0BFF8237D13B1237D29
:10CD2000012B26D10C99A068C9B200910FFA88F3A3
:10CD30000FFA89F2103003A903F05EF996B10022D0
:10CD40000723E6822283237503A803F039F8012123
:10CD50000720FDF74FFD124B984210D0002005B080
:10CD6000BDE8F08303A803F02BF8304605B0BDE81A
:10CD7000F08303A803F024F8002EEFD0E7E7237D2B
:10CD80002BB9EBE706F078FE237D002BE6D0237D60
:10CD9000012BF7D1E2E70348E8E76FF47A70E5E7A3
:10CDA00016FCFFFF11FCFFFF70B5161E15DD037D9D
:10CDB000044613B1037D012B0DD1002584F82250C8
:10CDC000258404F11C0003F0E5FB0223E6822583A1
:10CDD0002375284670BD024870BD6FF47A7070BD2F
:10CDE00012FCFFFF70B5161E82B041DD037D0446C4
:10CDF0000D4623B909E0FDF7FDFC237D2BB1237D12
:10CE000001218B4240F2FF30F5D1237D73BB2946CF
:10CE100001A803F0AFFB237D13B1237D012B0CD1BF
:10CE2000002584F82250258401A904F11C0003F098
:10CE3000B1FB0223E6822583237501A803F028FBBA
:10CE400001210720FDF7D6FC0B4B984202D00020B1
:10CE500002B070BD237D2BB9F9E706F00DFE237DEE
:10CE6000002BF4D0237D012BF7D1F0E70348EFE747
:10CE70006FF47A70ECE700BF16FCFFFF11FCFFFFB8
:10CE800010B5054B03F10802383304460260C36055
:10CE9000FEF7BAF8204610BDD4CC040010B5074BFD
:10CEA00003F10802383304460260C360FEF7ACF8B1
:10CEB00020460EF0FEF8204610BD00BFD4CC040082
:10CEC000C388DB045ED530B5036889B05B6A04466D
:10CED0009847237E20B30B2B28D80133DBB2082BD5
:10CEE000237623D8012B2AD9E28802F00305012DED
:10CEF00023D1FFF78BFB6369C01A40F2DC5361F169
:10CF00000001984271F1000317D3E388A18843F030
:10CF10000203E38005222B4604A802F0C9FE0CE0C0
:10CF20006BB1013BDBB2082B2376DBD9E288D1075A
:10CF300029D502F00305012DDBD009B030BDE28810
:10CF4000D307F6D522F00302E280A1880123022252
:10CF5000684602F0ADFE657E012DC5D1FFF756FB98
:10CF60006369C01A61F10001B0F57A7F71F10003C5
:10CF700028BF0422A1882B4638BF032204A802F050
:10CF800097FEB1E77047012342EA0300A188E080E1
:10CF90001A4604A802F08CFE238901332381FFF78F
:10CFA00035FB237E60619DE738B5C36900F10C0550
:10CFB0000446D868A8421CD020B1026819461368FC
:10CFC0009847E369A27E18680E49DD60012ADA8875
:10CFD000456C16BF22F4807242F4807292B28D4288
:10CFE000DA800AD1E08840F40050E08000F00100CF
:10CFF00038BDE08800F0010038BD94F820101846D4
:10D00000A847EFE7DD5F030038B5044600F10C05E3
:10D0100028460121FEF7A2FCE0690A4A03685B6822
:10D0200093420CD16FF47D70A47E241AB4FA84F478
:10D03000284600216409FEF791FC204638BD984738
:10D04000F2E700BF0950030038B5C388027C23F41F
:10D0500000530025C380CD6072B10368094A9B6903
:10D06000934204460AD1084B03603033C360FDF796
:10D07000CBFF20460EF01DF8002038BD9847002059
:10D0800038BD00BF9DCE0300DCCC040030F8063C68
:10D09000027910B523F40053002420F8063CCC603C
:10D0A00092B150F80C3C0B4A9B699342A0F10C04DE
:10D0B0000CD1094B40F80C3C303303602046FDF79F
:10D0C000A3FF20460DF0F5FF002010BD2046984735
:10D0D000002010BD9DCE0300DCCC04002DE9F04102
:10D0E000044684B051B1C388002223F00303C380F7
:10D0F00002810276002004B0BDE8F081C369DB88BC
:10D100009B05F7D503681C4A5B6A93422FD100F157
:10D110000C0630460D460121FEF720FCE069174A57
:10D1200003685B68934207D130462946FEF716FC38
:10D13000002004B0BDE8F081984794F81A800746B3
:10D1400029463046FEF70AFCB845D3D1E088A188CD
:10D150000123184303251A46E0802576684602F02D
:10D16000A7FD01232381FFF751FA6061C2E79847C9
:10D170000028BFD0EAE700BF09D003000950030030
:10D180002DE9F84304460F4616461D469DF82080BB
:10D190009DF82490FDF722FF0B4BE76103F1080295
:10D1A0003833E360002384F82090A680657684F805
:10D1B0001A8020462260238263612376FFF7F4FE03
:10D1C0002046BDE8F88300BFD4CC04004176704708
:10D1D000F0B5044640682268036885B000256E46B5
:10D1E0001F690095022301953146B847174B009AF5
:10D1F0009A4202D1019805B0F0BDA068CDE9003592
:10D20000E8B14FF4807200210DF0BBFF96E80300F7
:10D2100002AA82E80300134603CBA26810605160A3
:10D22000D4E9001003689B699847D4E901020368B8
:10D2300021685C694023A047019805B0F0BD4FF418
:10D240008070FDF78BFDA060DBE700BFA10D0C0037
:10D25000F8B50023171E8360044641600B680D4635
:10D2600008460FDB1B6898472A68034692682846E1
:10D270001D46904700FB075020602046FFF7A8FF9F
:10D280002046F8BD5B6898472B6806469B68284691
:10D29000984700FB176020602046FFF799FF204663
:10D2A000F8BD00BF2DE9F04780468946FFF790FFA3
:10D2B000074638B33020D8F800400DF000FF302288
:10D2C000002106460DF05DFF002F04F1080416DD75
:10D2D000002502E00135AF4218D0D8F804000168FB
:10D2E0002246D1F810A00C233146D047314648469B
:10D2F0000DF079FF30340028ECD1AF4206D0304633
:10D30000BDE8F08706463046BDE8F08730460DF0B0
:10D31000D0FE0026F3E700BF2DE9F04F0446A7B08A
:10D3200008460D4692461E460DF067FF00F10108C3
:10D33000B8F1100F00F2FC80202E00F2F98029468F
:10D340002046FFF7AFFF074688B1324651461030FE
:10D350000DF0DFFE81463846B9F1000F05D10DF022
:10D36000A8FE484627B0BDE8F08F0DF0A2FE424669
:10D37000294602A80DF0DDFE3246514606A80DF002
:10D38000D8FE20462668FFF723FF302200900021B8
:10D390000EA80DF0F6FEA0680836002800F0BF8049
:10D3A0004FF4807200210DF0ECFE009B002B40F347
:10D3B000BC80002701974FF002081AAD0DF19809C3
:10D3C000606802680EA9D2F810A00C233246D0473C
:10D3D00002A90EA80DF007FF002844D0A3680DF1A4
:10D3E000380E03EB880ABEE80F00AC46ACE80F002D
:10D3F000BEE80F00ACE80F009EE80F008CE80F00BD
:10D40000AB46DC46BCE80F00CC450AF1100A0BF134
:10D41000100B4AF8100C4AF80C1C4AF8082C4AF871
:10D42000043CEED1009B0137BB4206F1300608F107
:10D430000C08C5D103EB4307019ABF000237002A4D
:10D4400041D0D4E9001003689B699847D4E90102F0
:10D45000036821685C694023A0474FF000094846F3
:10D4600027B0BDE8F08F354B1A93009B1B932B46DA
:10D4700003CBA36818605960A3680DF1080A03EB99
:10D48000880CBAE80F00AE46AEE80F00BAE80F000D
:10D49000AEE80F009AE80F008EE80F00AB46DE46BC
:10D4A000BEE80F00CE450CF1100C0BF1100B4CF840
:10D4B000100C4CF80C1C4CF8082C4CF8043CEED129
:10D4C00001230193AEE7052B35D0BB0000981B4A22
:10D4D0001A9201301B902A4603CAA7683860796007
:10D4E000A76802AE1F440FCEAC460FC50FCE0FC5C6
:10D4F00096E80F0085E80F000DF1980E65460FCDF8
:10D50000754507F110070CF1100C47F8100C47F89F
:10D510000C1C47F8082C47F8043CEFD191E74FF476
:10D520008070FDF71BFCA0603AE708231AADCDE739
:10D530006FF47A7915E76FF47B7912E7A10D0C008F
:10D5400003681B6B184700BF01892DE9F0414FF4B8
:10D550007A76044606FB01F12148FDF7F9FC214BE0
:10D56000A17AA3FB00239B0923811F48FDF7F0FC50
:10D57000656CA0722B68B4F84C805F6AE38813F482
:10D58000807320D1414628462022B84728BB606CD2
:10D59000016810234D6AB4F84C102222A847E0B964
:10D5A000656CA17A2B6810485E6AB4F84C40FDF7B0
:10D5B000B7FC60F07F00C3B2232221462846B04763
:10D5C00058B9BDE8F0812189054806FB01F1FDF756
:10D5D000A7FC40F00700C3B2D4E70448F1E700BF5E
:10D5E00018CD0400D34D621010CD04000EFCFFFFD7
:10D5F00010B5034B03600446FDF75CFF204610BDE9
:10D6000090CD040010B5054B03600446FDF752FFB2
:10D6100020460DF04EFD204610BD00BF90CD040009
:10D6200008B5C288034659B1D10507D5016822F46F
:10D63000824242F40072C96AC2808847002008BD55
:10D640009105FBD522F4007242F48042DA8000207A
:10D6500008BD00BFF0B5C388DA0585B005462ED4F5
:10D66000026843F48243D26AC38090470126324F56
:10D67000A86C0268C488526884F48074BA424FF07F
:10D680000003C4F3002415D19C424FF027020DD1B2
:10D69000686C95F84C1003681B6B984710F00804F1
:10D6A0000FD1002EE4D1204605B0F0BD002EDFD111
:10D6B0003446F8E79047B0FA80F35B09E4E70026C8
:10D6C000D5E7686C012106220368CDE90021A82274
:10D6D000DC6AB5F84C1002ABA047044648BBBDF964
:10D6E0000830BDF90A20BDF90C10A87A002BB8BF8C
:10D6F0001F33002AB8BF1F3252110029ADF80A208B
:10D7000010FB02F24FEA6313B8BF1F315242ADF86B
:10D710000830491110FB03F3AA612A68ADF80C1018
:10D720005B4210FB01F1526B2846C5E90731904777
:10D73000B9E7024CB7E700BF095003000EFCFFFF3A
:10D74000F8B504460E4615461946BDF81C20BDF82E
:10D750001870FDF799FC064B23600023C4E911659E
:10D76000E380A4F84C702046FFF7EEFE2046F8BD9B
:10D7700090CD040008B503680F221B6BC9B298470F
:10D78000A0F13300B0FA80F0400908BD03689B6A3D
:10D79000184700BF018938B54FF47A75044605FB78
:10D7A00001F11548FDF7D4FB144BA3FB00239B09A3
:10D7B00099B205FB01F123810F48FDF7B1FBC3B21C
:10D7C000A06CE2880168D2054D6AB4F8501058BFC9
:10D7D00043F003036022A84758B9A06CE3880268AD
:10D7E000B4F85010546AC3F300236222A04700B972
:10D7F00038BD034838BD00BFC8CD0400D34D62100A
:10D800000EFCFFFF10B5034B03600446FDF708FF55
:10D81000204610BDF8CD040010B5054B036004464A
:10D82000FDF7FEFE20460DF044FC204610BD00BF73
:10D83000F8CD040008B5C288034659B1D10507D513
:10D84000016822F4824242F40072C969C2808847AA
:10D85000002008BD9105FBD522F4007242F48042FD
:10D86000DA80002008BD00BFF0B5C388DA0585B0B6
:10D8700005462ED4026843F48243D269C3809047A0
:10D880000126294FE86C0268C488526884F48074C9
:10D89000BA424FF00003C4F3002415D19C424FF06C
:10D8A00067020DD1A86C95F8501003681B6B984760
:10D8B00010F008040FD1002EE4D1204605B0F0BDD1
:10D8C000002EDFD13446F8E79047B0FA80F35B09C9
:10D8D000E4E70026D5E7A86C012106220368CDE91C
:10D8E0000021E822DC6AB5F8501002ABA0470446DC
:10D8F000C0B9BDF80A20BDF90C3028684FF66A712E
:10D9000012FB01F26A6303EB8303BDF80820C3EB4B
:10D91000031312FB01F15B00C26AEB63A9632846A3
:10D920009047CAE7014CC8E7095003000EFCFFFF0F
:10D93000F8B504460E4615461946BDF81C20BDF83C
:10D940001870FDF711FE054B2360C4E91265A4F8B9
:10D9500050702046FFF71EFF2046F8BDF8CD0400AA
:10D9600082B08DE80C00014802B0704716FCFFFF42
:10D97000002070470029806905DD08B904E010B176
:10D980000139406AFBD17047704700BF82B010B5C3
:10D990008C4684B049688646DCF800000DF1080C1E
:10D9A000ACE8030006A981E80C00039BDA070EEB44
:10D9B000630C12D55A10029B5EF80220D45808ABB3
:10D9C00093E803008DE8030006AB0CCB6046A0474C
:10D9D00004B0BDE8104002B07047029CEFE700BF02
:10D9E000002975D0F0B5846985B007460D464CB95D
:10D9F00066E0A3889B0708D52A6823689A4217D057
:10DA0000646A04B3AB889A07F3D422682B689A42FD
:10DA1000F6D1A268AB689A42F2D1EA68E3689A420A
:10DA2000EED1B4F90420A388002A4CDB2A4827E071
:10DA3000A968A06802F044FE0028E1D0EA68E36823
:10DA40009A42DDD1EDE7D7F818C0BCF1000F37D00E
:10DA50002A886046634600E00B461988914211D23D
:10DA6000596A18460029F7D163451CD0596A696282
:10DA70005D62012340F2FD31684602F019F9002091
:10DA800005B0F0BD1C46034609E0608869888842FD
:10DA9000EAD2666A2346002EE6D0318834468A42AE
:10DAA000F3D06345E2D119888A4203D2C5F824C075
:10DAB000BD61DEE7DAD1588869888842D6D9F5E7B2
:10DAC0002A88BD61D5E7C3F30E030348A380D7E7D7
:10DAD0006FF47A70704700BF16FCFFFF00294CD02E
:10DAE0002DE9F041846984B00646002C42D0DFF86D
:10DAF00090800D46002705E0A268AB689A420DD0E1
:10DB0000646A2CB3AA88A38853409907F8D4920773
:10DB1000F2D5A968A06802F0D3FD00B32B8813B139
:10DB200022889A42ECD16B88EBB9B3680BB12046DE
:10DB30009847A388228843EA0803A3804FF47F71A3
:10DB40000123684602F0B4F8646A0137002CD9D189
:10DB5000002FC8BF20460DDD04B0BDE8F081AB88C2
:10DB60009B07CDD4C8E762889A42C9D1B368002B1D
:10DB7000DDD1DEE76FF47A70EEE76FF47A7070470C
:10DB80000080FFFF2DE9F04183885F0782B00646E1
:10DB900003D59D062ED4DC0639D443F00403B380AC
:10DBA00006F1100506F1180816E0F468B76895E864
:10DBB0000F000094B847B388DA0618D5346AB4B1B8
:10DBC00094E80F00276985E80F00204637620DF0C2
:10DBD00070FAFCF7DDFDB38898070ED4D907E4D4BA
:10DBE00095E80F00B468A047B388DA06E6D423F0BE
:10DBF0000403B38002B0BDE8F08198E8030095E823
:10DC00000C008DE80300B06802F03EFDD3E700F1A0
:10DC1000180393E8030006F110030CCB8DE8030012
:10DC20003046FDF733F9E5E730B51C4B8DB003F115
:10DC30000802283304460260C36006A802F086F892
:10DC40000F23182002930DF03AFA154902460025D9
:10DC500042F80C4BCDE90015C56055606A46034695
:10DC6000CDE9040503CA0F4A5A61586099602046FD
:10DC700002A91223ADF80C30CDE90A55FFF72EFFAB
:10DC800002A8FDF7F7F8084BE36004F10C00658289
:10DC9000FCF738F920460DB030BD00BF40CE04007F
:10DCA00019DF03008DD9030000CB0400A0F10C00A4
:10DCB000FFF7BABF10B50446FFF7B6FF20460DF0D8
:10DCC000F8F9204610BD00BF10B5A0F10C042046A5
:10DCD000FFF7AAFF20460DF0ECF9204610BD00BF6B
:10DCE00070B5254B254A0446002582B02260C4E960
:10DCF00002530C302561FCF797F8214B2360203349
:10DD0000E360C4E906552562E58428200DF0D7F9C3
:10DD10000646103002F01AF81A4B336018200DF046
:10DD2000CEF9194A00920246019542F80C4BC560A3
:10DD300055606A460346C6E9020503CA996013495D
:10DD40005860C222596120463146C6E90855B28062
:10DD5000FFF746FE48B90E4B1A6812B1204602B0D2
:10DD600070BD20461C6002B070BD3046FDF782F8E1
:10DD700030460DF09EF9EEE700CB040030CE0400F3
:10DD800048CE04000F00020019DF03008DD9030004
:10DD900070B800202DE9F04184691CB300260746C5
:10DDA0003546B4F90430A288002B06DB2546646AA8
:10DDB000002CF6D13046BDE8F0815307F6D4D4F8F4
:10DDC000248065B1C5F824802046FDF753F820462D
:10DDD00044460DF06EF90136002CE2D1EAE7C7F8AF
:10DDE0001880F1E726463046BDE8F0812DE9F04184
:10DDF0008469002C46D0DFF894800D461646012732
:10DE00000CE0A38803F0C003A3F1C003B3FA83F3CB
:10DE10005B09B34215D00027646A3CB32388298884
:10DE2000994201D0002BF7D163886A889A4201D0C9
:10DE3000002BF1D1FCF726FB0028E2D10123B342ED
:10DE4000E9D1B4F90430B4F804E0002BE3DB95E841
:10DE50000F0004F1100C1EF0400F8CE80F0008D0EA
:10DE60002046FFF78FFE646A002CD7D13846BDE804
:10DE7000F081FCF707FB0028F2D021464046FCF772
:10DE8000BBFDC9E701273846BDE8F08185DB03000B
:10DE9000F0B5012287B0076A04460D46FFF7A6FFDA
:10DEA00010B9E38C092B01D907B0F0BD95E80F003C
:10DEB00002AE86E80F0018200DF001F906AB05460A
:10DEC00013E903008DE80300284696E80C0001F0F2
:10DED00063FF05F0C9FD67B13B692B613D612B69AB
:10DEE0005BB1E38C0133E38407B0BDE8F04005F09B
:10DEF000ADBDE3692B61E561F2E72562F1E700BFA3
:10DF000082B008B502A9C1E90023FFF7C1FFBDE84F
:10DF10000840002002B0704782B038B504A981E8FB
:10DF20000C000446FFF736FF0FE0E38C013BE3846F
:10DF300005F08CFD294600222046FFF757FF2846B2
:10DF40000DF0B7F8FCF72EFB70B105F08DFDE5691B
:10DF50002DB12B69E361002BE7D12362E5E7BDE832
:10DF6000384002B005F072BDBDE8384002B07047DD
:10DF7000024B1888421C1A80704700BF1E210020E7
:10DF8000C08800F00300A0F10300B0FA80F040095F
:10DF9000704700BF82B010B58C4684B04968864691
:10DFA000DCF800000DF1080CACE8030006A981E8DC
:10DFB0000C00039BDA070EEB630C12D55A10029B80
:10DFC0005EF80220D45808AB93E803008DE8030004
:10DFD00006AB0CCB6046A04704B0BDE8104002B0D1
:10DFE0007047029CEFE700BF10B5034B0360044687
:10DFF000FDF70AF8204610BD8CCE040010B5054B85
:10E0000003600446FDF700F820460DF052F8204664
:10E0100010BD00BF8CCE04002DE9F04F83B0DDE9C8
:10E020000CABBDF83870002B41D080460E469146AF
:10E030001D46BAF1000F3DD00F2E01D1C02F36D1B1
:10E0400028200DF03CF80446103001F07FFE182027
:10E050002680A4F802900DF032F8CDE900AB47F02D
:10E060000207A7806B4607460246A06003CB47F82D
:10E070000C5B0023D8F80060D360E3607B609160A4
:10E08000506075680D495161C4E908330C4B9D42DD
:10E0900008D12046FCF7EEFE204603B0BDE8F04F65
:10E0A0000DF007B821464046A8470028F1D103B03B
:10E0B000BDE8F08F1BF0010FBED1F8E795DF03003C
:10E0C0000940030082B070B588B00CA981E80C004B
:10E0D0004289BDF83050BDF83230954204460AD02E
:10E0E000022B44D0052B2FD0012B20D008B0BDE847
:10E0F000704002B07047022B86896CD0052B5ED031
:10E10000012BF3D1C388B54243F00103C38018BF8C
:10E1100003F002030ED0002BE8D001231A46A18899
:10E1200004A801F0C5FD238901332381DEE7868938
:10E13000B54203D1E38843F00203E380E38803F0B0
:10E140000103002BD2D0E8E78689B54203D1E388EA
:10E1500043F00803E380E38803F00403002BC5D0F9
:10E16000A1880123052204A801F0A2FDBEE71646FE
:10E17000E388D90751D4954232D0A1898D4208460F
:10E180006CD0A37B012BB1D101230322294604A823
:10E1900001F08EFD6289A08995422ED1E18821F09F
:10E1A00001039BB28542E3802BD021F00501E18081
:10E1B00095429BD1E38823F01003E38096E7C38860
:10E1C000B54243F00403C38018BF03F00803BED078
:10E1D000002B8BD0C4E7AE42CAD0E3889B071CD487
:10E1E000E188CB064DD4A37B012B4CD101F0040375
:10E1F000002BC9D001230422C8E785427FF476AF03
:10E20000E38823F002019542E18031D023F00A0334
:10E210009BB223F02003E38068E70123A188022258
:10E22000684601F045FD63899D422FD0A289AA422C
:10E2300041D0A1880123032204A801F039FD62899D
:10E24000B24203D1E38843F01003E380A089B042D7
:10E25000A2D1E38843F02003E3809DE79E06CFD45C
:10E26000A07B012801D0084696E703F00803BFE72A
:10E2700023F006018542E1809AD123F01E039BB270
:10E28000C7E7A0898BE7A189084685E7E28802F005
:10E2900004010029CDD0B34211D0A389B342C8D123
:10E2A00002F00802002AC4D0A1880123042204A895
:10E2B00001F0FEFCC3E7E28802F00801E9E702F0A2
:10E2C0000402EFE72DE9F0430446DFF8749089B0CB
:10E2D00098460E461546FCF781FE184B2360D9F888
:10E2E0000030A4F8048000276681A581A77303B3DA
:10E2F000DFF850800597CDF8108004AA92E803005B
:10E300008DE803003146C02618463A462346029659
:10E31000FFF782FECDE9068708AB029613E90300FA
:10E320003A468DE803002346D9F800002946FFF756
:10E3300073FE204609B0BDE8F08300BF8CCE040018
:10E3400070B80020C5E0030081737047C3889A0647
:10E3500010B5044608D4406A03682146DB69984733
:10E36000E38843F02003E380DB0606D4D4E90A30D7
:10E370009842B4BF0020012010BD002010BD00BF96
:10E3800010B50446406A074B026803F108013833B0
:10E39000126A2160E360214690472046FEF770FD37
:10E3A000204610BDACCE040010B50446406A094BAF
:10E3B000026803F108013833126AE36021602146E4
:10E3C00090472046FEF75CFD20460CF072FE20468A
:10E3D00010BD00BFACCE0400F0B5002683B01D46D2
:10E3E000174601230A89CDE900660446FEF7C8FEF8
:10E3F0000B4B23603033C4E90A566762E360204662
:10E40000FFF7A4FFB54207DAE3884FF4FA72C4E9D4
:10E410000A6243F01003E380204603B0F0BD00BF62
:10E42000B4CE040038B5044600F10C05284601219D
:10E43000FDF794FAE0690A4A03685B68934207D1E2
:10E4400028466FF47D740021FDF788FA204638BD18
:10E450009847002104462846FDF780FA204638BD3B
:10E460000950030070B5044600F10C0630460D4615
:10E470000121FDF773FAE069094A03681B689342BA
:10E4800005D130460021BDE87040FDF767BA294646
:10E49000984730460021BDE87040FDF75FBA00BFE5
:10E4A000D55F0300C288D30630B511D41E4A62235B
:10E4B00001FB03F382FB03544900DB17C3EB641336
:10E4C00082FB0142C917C1EB62111944C16230BD20
:10E4D000836A33B38B42B8BF0B46134D622404FBEF
:10E4E00003F385FB03EC4900DB17C46AC3EB6C1331
:10E4F00085FB01ECC917C1EB6C11013C1944C462E6
:10E500008162002CE3D101EB810385FB0345DB171E
:10E51000C3EB65130231194422F010028162C280FC
:10E5200030BD0B46D9E700BF1F85EB5110B504463F
:10E53000FEF78AFD606A036821461B6A9847E388F4
:10E5400023F020030020E38010BD00BF38B504464F
:10E55000A0F10C052846FEF777FDA069036829465F
:10E560001B6A984734F8063C23F02003002024F867
:10E57000063C38BD30B4456B002D16DD8446021DC7
:10E58000002302E001339D420FD052F8044F8C4229
:10E59000F8D16A1C02335CF82220013DCCF83450DB
:10E5A000002030BC4CF8232070476FF47A7030BCE8
:10E5B000704700BF82B010B58C4684B0496886466B
:10E5C000DCF800000DF1080CACE8030006A981E8B6
:10E5D0000C00039BDA070EEB630C12D55A10029B5A
:10E5E0005EF80220D45808AB93E803008DE80300DE
:10E5F00006AB0CCB6046A04704B0BDE8104002B0AB
:10E600007047029CEFE700BF38B5456B0A2D1CD060
:10E61000002D844608460EDD0CF10402002301E0C3
:10E620009D4208D052F8044F844203F10103F7D110
:10E630006FF47A7038BDAB1C01354CF82300CCF870
:10E640003450FFF7EFFE002038BD6FF47B7038BD0B
:10E6500082B02DE9F04708A981E80C00426B002A3E
:10E66000804619DD314F051D0024012603E0A2423A
:10E6700083F8306010DD55F8043FD8690168896C73
:10E68000B94204F10104F2D08847D8F834202B684D
:10E69000A24283F83060EEDC0120FCF799FCD8F848
:10E6A0003000DFF88CA003681B68534536D1002783
:10E6B000D8F83420B946002A26DD002408F10405E4
:10E6C000264602E00134A24219DD55F8040F90F805
:10E6D0003030002BF6D0FFF7A5FE0128286802D0C5
:10E6E000836ABB4204DC80F830903946FFF7DAFEDB
:10E6F000D8F834200134A24206F10106E5DC1744C3
:10E7000016B1B7F57A7FD6DDD8F8300003681B68FC
:10E71000534506D1BDE8F04702B070470121984744
:10E72000C5E7BDE8F047002102B018475D7103005E
:10E73000D55F0300F0B5204B1D68204B03608DB002
:10E7400004465DB306A8A788012601F0FFFA182049
:10E75000ADF80870ADF80A600CF0B1FC014600227B
:10E7600041F80C4BCDE90402C260CDE90A224A60AF
:10E77000242200920196EC460346BCE80300104AAE
:10E78000996058605A612B680E4A9B681221934227
:10E79000ADF80C100CD102A8FCF76CFB0A4A226001
:10E7A00000232046E380FBF7ADFB20460DB0F0BD13
:10E7B000614628469847EEE770B80020F0CE040086
:10E7C000B5E503001140030000CB040010B504467A
:10E7D000FFF7B0FF20460CF06CFC204610BD00BFD8
:10E7E00070B5074B00250446C0E900350E46FBF71F
:10E7F0001BFB044B23602563A6806563204670BD28
:10E8000000CB0400F0CE040000207047704700BF2A
:10E81000704700BF002070470048704716FCFFFF9C
:10E82000002070474160704740687047004870475B
:10E8300016FCFFFF704700BFC1607047C06800381A
:10E8400018BF0120704700BF0023C360704700BF9E
:10E85000006903681B691847006903685B6918470A
:10E86000006903689B691847036941601A68184684
:10E87000D3691847C06810B103681B68184701487E
:10E88000704700BF12FCFFFFC06882B08DE80C002B
:10E8900018B1036802B01B68184702B0704700BF88
:10E8A000C160704710B5044601F01EFD204610BD42
:10E8B00010B504460CF0FDFB204610BD10B5064B0C
:10E8C00003F108024033044602608360183001F00F
:10E8D00039FD204610BD00BF44CF040010B5074BE2
:10E8E00003F108024033044602608360183001F0EF
:10E8F00029FD20460CF0DDFB204610BD44CF04006E
:10E9000082B010B58C4684B049688646DCF80000B9
:10E910000DF1080CACE8030006A981E80C00039B8C
:10E92000DA070EEB630C12D55A10029B5EF8022038
:10E93000D45808AB93E803008DE8030006AB0CCB7A
:10E940006046A04704B0BDE8104002B07047029C8A
:10E95000EFE700BF4B7F10B504462BB109690B6888
:10E960001B689847204610BD0B77183101F0E0FC7A
:10E97000204610BD30B5457F85B004463DB1C06826
:10E98000E8B103681B6805B0BDE83040184701696D
:10E990000B6868461B689847694604F1180001F047
:10E9A000D9FC684601F0CEFC0123A28A2377684691
:10E9B00040F2FF3101F07CF9284605B030BD014836
:10E9C000FBE700BF12FCFFFFA0F10800FFF7D2BF7A
:10E9D000406810B103681B6818470148704700BFC2
:10E9E00012FCFFFF38B50C4B0A680446002503F102
:10E9F0000800403352682060A36021610846E5604A
:10EA000004F1080190472069656003682946DB69C5
:10EA10009847204638BD00BF88CF040038B5134B57
:10EA20000A680446002503F108004033526820605C
:10EA3000A36021610846E56004F108019047206960
:10EA400003682946DB6965609847094B03F10802B2
:10EA50004033A36004F11800226001F045FC4FF43C
:10EA60008073A582A383204638BD00BF88CF0400F1
:10EA700044CF0400417741B92DE9F041858A82B045
:10EA800004461DB102B0BDE8F0817047FFF770FA8F
:10EA9000204BA082D3F800800746B8F1000FF1D0D8
:10EAA00028200CF00CFB0646103001F04FF940F224
:10EAB000FF331820338077800CF001FB164A009258
:10EAC0000246019542F80C4BC56055606A46034604
:10EAD000C6E9020503CA58609960D8F800200F49BA
:10EAE00052680F4858618A424FF01203C6E9085530
:10EAF000B38008D13046FCF7BDF9304602B0BDE81E
:10EB0000F0410CF0D6BA3146404690470028B9D0C3
:10EB1000F0E700BF70B8002089E803000940030057
:10EB200001E9030010B50549054A81600023044648
:10EB30000260C380FBF7E6F9204610BD08D0040050
:10EB400000CB040010B50749074A81600023044642
:10EB50000260C380FBF7D6F920460CF0AAFA2046E3
:10EB600010BD00BF08D0040000CB040090F8443072
:10EB7000012B08D9C388DB0610B5044602D590F8EE
:10EB800045300BB110BD70474830FCF78DF80028B8
:10EB9000F8D10F4B1868FDF713FBD4E91632C01AF1
:10EBA00061EB0201322871F10003EBD3E068E388E6
:10EBB000026823F01003D269E38001219047E388C3
:10EBC000022223F0200384F84420E38010BD00BF1C
:10EBD00064B800202DE9F04FC1682DED0A8B0B6859
:10EBE0008FB081461B6805A89847D9F80C00059A94
:10EBF000036804321B690092984730F0040307460B
:10EC00000BD0082800F0E5814FF48073C9F8183064
:10EC10000123DFEDCB8A1A4606E08023C9F81830BD
:10EC20000223F7EE008A1A46059B5B88B3FBF2F3DA
:10EC30000193002B00F0D5810023DFEDC29A9FEDF8
:10EC4000C29A9FEDC2BADFEDC2AADFEDC2BA9FED54
:10EC5000C2AA02931646D9F81850019B9D4200F3B0
:10EC6000FF80009C25440023A542CDE90A33CDE96D
:10EC70000C3340F2C281CDF80C90DFF8E482DDF86D
:10EC800008B0B9469A461F4601E09DF82C7058F826
:10EC9000293020469847002818BF4FF0010B002F5D
:10ECA00000F022815045C0F21F819DF83430002BC6
:10ECB00000F00D810C9B9842C0F209813444A542BA
:10ECC000E3D8009CCDF808B00023274647F6FE7B2A
:10ECD0001C460DE00C9A904200F0DB80A04200DD63
:10ECE00004B258453744B8BF0FFA80FBBD4214D96F
:10ECF00058F82920384690475045EBD19DF82C20F4
:10ED0000002AE7D000220EAB03EBC20237444FF0DB
:10ED10000003BD4202F80C3CEAD80BF12802A242E3
:10ED20004F462346DDF80C9000F3E680A3EB0B047E
:10ED300004EBD47444F34F0308EE103A6FF027024B
:10ED4000A2EB0B034FF0000A009CCDF80C90D346C9
:10ED5000B9461F46204658F829309847344438446D
:10ED600020EAE070A5420BF1010B00FB00AAF1D8EC
:10ED70009AFBFBF107EE901AF8EEE77A4F46F5EEB4
:10ED8000407AF1EE10FADDF80C9000F12F81B1EE2F
:10ED9000E7CAB8EEC88A99ED097A28EE288AC8EE43
:10EDA000297A67EE877AC7EE897A17EE900A0AF019
:10EDB00089F907EE100AF3EE047A67EE277A99EDE7
:10EDC0000A7AF4EEC77AF1EE10FA40F1AD8089EDDF
:10EDD000077AB9F80630D9F8182043F02001A9F8CD
:10EDE00006100199891A019100991144009199071F
:10EDF00009D499ED077AD9ED047AB4EEE77AF1EE09
:10EE000010FA00F3AF805A0709D499ED077AD9EDCB
:10EE1000057AB4EEE77AF1EE10FA00F1B38099F8D2
:10EE20003C30002B74D0D9ED107AF4EECC7AF1EEB0
:10EE300010FA01D589ED10CADFED487AB4EEE7CAC1
:10EE4000F1EE10FA2CDDD9F8383000210133C9E990
:10EE50000D13012289F83C20019B002B7FF4FBAEAF
:10EE600009F148042046FBF71FFF0028029B40F3EE
:10EE7000A180002B40F0A280B9F80630DB0600F13B
:10EE8000A18005A801F05EFA0FB0BDEC0A8BBDE8C9
:10EE9000F08F9DF83420002A3FF420AF012232E7A2
:10EEA000D9F83830023B0B2B06D8D9ED107AF4EEA6
:10EEB000EB7AF1EE10FA75DAD9F8343089ED10AA50
:10EEC00000220133C9E90D3289F83C20C4E701234F
:10EED0000EAA02EBC3034FF0010243F8100CDDF859
:10EEE00028A003F80C2CE9E64FF001038DF834302C
:10EEF000CDF830A00023EBE70BF1010212B2A2EB38
:10EF00000B0202EBD27242F34F0308EE103A15E700
:10EF1000B4EEEACAF1EE10FAC2DDD9F83430132BA0
:10EF2000BEDD89ED10CA8EE7F0EEE76AF4EE4B6ABB
:10EF3000F1EE10FA88BFF0EE477AC9ED077A48E79C
:10EF40000000804300FEFF46ACC5A737FFFF7F7F70
:10EF50000000484300009643000000000000C84243
:10EF6000542000200123B9F80410022206A800F062
:10EF70009FFEB9F8063023F0040343F00203A9F81A
:10EF800006304CE701231A46B9F8041006A800F031
:10EF90008FFEB9F8063023F0020343F00403A9F80A
:10EFA00006303CE7B9F804100123082206A800F057
:10EFB0007FFE81E7002B7FF464AF5DE72046FBF71F
:10EFC00039FE5EE70D4B1868FDF7FAF8C9E916013E
:10EFD00057E74023C9F818300423DFED098A1A46A1
:10EFE00022E609F14800FBF75FFE45E717EE900ABD
:10EFF0000AF098F80CEE100ACBE6FFDE64B80020A9
:10F000000000000008B590F84430012B0CD9C388EB
:10F01000DB0603D5FFF7DEFD002008BD90F8453084
:10F02000002BF7D1002008BD013380F844300020C8
:10F0300008BD00BF08B590F83C30012B0ED930F860
:10F04000023CDB0604D50838FFF7C4FD002008BDEC
:10F0500090F83D30002BF6D1002008BD013380F838
:10F060003C30002008BD00BF2DE9F843002598463C
:10F07000204B4560036004460E461746BDF82890B5
:10F08000FAF7D2FE1C49E66001F1080330312A4646
:10F090002360A16004F148002946FBF70FFDE388D7
:10F0A000DDED097AA4F8445043F4005343F0110312
:10F0B000E3803368C4ED0A7A5A68DDED087AA4F873
:10F0C00004900023E36123640123236384F82C303C
:10F0D00080233046C4F814802761C4ED097A656343
:10F0E000A56384F83C5004F10801A36190472046D1
:10F0F000BDE8F88300CB0400D8CF040070B54F4EB4
:10F10000044630680D46FDF75BF8E388C4E9160154
:10F11000D80608D4E06843F01003E38003680221B6
:10F12000DB699847E388990621D594ED077ADFEDEE
:10F13000447ADFED446A77EE677A6A1C67EEA67A56
:10F1400008BF236BF5EEC07A18BF2B46F1EE10FA1C
:10F150004CD4DFED3D6AF4EEE67AF1EE10FA51DDC3
:10F16000022B08D0B5EE407AF1EE10FA03D104F18B
:10F170004800FBF7ADFC3068FDF722F894ED077A04
:10F18000DFED2F7ADFED2F6A77EE677A6B1C67EE83
:10F19000A67A08BF256BF5EEC07AF1EE10FAC4E945
:10F1A000160126D4DFED286AF4EE667AF1EE10FA45
:10F1B000C8BFF0EE667A022D1FD0F2EE026AF4EEBE
:10F1C000E67AF1EE10FA0EDBB3EE056AF4EEC67ADB
:10F1D000F1EE10FA07D877EEE67A9FED1C7AF7EE9B
:10F1E000086AA7EEA67A17EE100A70BD022BB9D1F5
:10F1F000BDE7022DDFED167ADFD1B0EE677A17EEAC
:10F20000100A70BD022B16D0F2EE026AF4EEE67A16
:10F21000F1EE10FAA6DBB3EE056AF4EEC67AF1EE73
:10F2200010FA9FD877EEE67A9FED087AF7EE086A33
:10F23000A7EEA67A96E7B0EE677A93E764B8002067
:10F24000000050420000AA4000007F430000184226
:10F250000000000090F8452001324FF0FF3180F8A7
:10F260004520FFF74BBF00BF90F84530013B80F8C9
:10F270004530704781627047806A003818BF0120AE
:10F28000704700BF8068704781600020704700BFF2
:10F29000F0B5CB680D6A9D42A8BF1D4683B00C46F1
:10F2A000012201F110070646294601A801F022F8C3
:10F2B00001A9384601F04EF801A801F043F8206991
:10F2C000A1692A4604300BF034FF236AA2695B1B54
:10F2D0002A44002B2362A26125D1636A002BC4BF9C
:10F2E00003F1FF33636293B1E36962692362002B28
:10F2F000A26104DDA06A03681B689847236A33B1E2
:10F300003946304601F014F8304603B0F0BD636A68
:10F31000002BF5D194F82C30002BF1D004F1300003
:10F32000FBF750FCECE7E5DCEAE700BF38B5044644
:10F330000C4B40F8103B04F1300500F0D5FF0022E3
:10F3400001212846FBF7BAFB002101224FF480730C
:10F350002846C4E902232464A162FBF7B9FB2046D6
:10F3600038BD00BF14D0040010B50446806A88B1CF
:10F37000002A0FDD73B1C4E9051101684FF0000CDC
:10F38000096884F82CC06362C4E90722884794F8AE
:10F390002C3003B910BD04F13000BDE81040FBF77C
:10F3A00097BB00BF0078704790F90000704700BF1E
:10F3B00000887047B0F90000704700BF0068000A7D
:10F3C000704700BF00680012704700BF00687047B8
:10F3D0000068704701707047018070470180704776
:10F3E0000A120B14017042708370704701607047FD
:10F3F000016070474069704708299ABF4161002049
:10F400006FF47A70704700BF2DE9F04F2DED028B3D
:10F41000D1ED087A87B08946FDEEE77A0390CDED0D
:10F42000027A00F061FFD9F8100002681269904773
:10F43000D9F81470824617B9C9F814000746D9F8EC
:10F44000101001370A6807EBD7777B10126800931A
:10F4500004A89047D9F8142004990AF1010808EB90
:10F46000D87801324FEA680802EBD272B8EB620F2B
:10F470004B8893FBF8F700F08B80009B07FB03F3AE
:10F480001946012205A808EE103A00F033FF039850
:10F4900005A900F05FFF05A800F054FF039B049C42
:10F4A0001D68002F04F1040405F104057ADD4B46C4
:10F4B0000026DFF8FCB00196B9461F465BF82A200B
:10F4C0002046904797F828200136444422B1019BFA
:10F4D00003440193029BC01A07EE900A97ED077A46
:10F4E0007B6A7A69F8EEE77A284667EE877AFDEE5E
:10F4F000E77A17EE901A1943009B1D442B4B53F8E3
:10F5000022209047B145D9D13B464F46994699F8BC
:10F510002820FAB1DDED017A99F82920B8EEE77AD2
:10F5200007EE907AF8EEE77AC7EE276A3AB1F6EE80
:10F53000007A66EEA76A99ED087AE7EE276AD9F8AD
:10F5400018100122C9ED086A89F8292089B9012219
:10F5500089F82A20039C18EE101A204600F08CFF30
:10F5600004A800F0EFFE204607B0BDEC028BBDE81A
:10F57000F08FFDEEE67A029B17EE902AD21A002A4F
:10F58000B8BF52429142E5DD012289F82A20E1E725
:10F59000039804A900F0DEFE009B07FB03F308EECE
:10F5A000103A7BE700230193B1E700BF78200020E9
:10F5B00054200020017070472DE9F0410446DDE938
:10F5C000068517461E46FFF70DFA144B23603833A5
:10F5D000A360214604F12C00FFF720FA0023B8F1C4
:10F5E000080F4FF0000298BFC4F814802262E76150
:10F5F00084F82860636284F82930A5613EB1B5FAC9
:10F6000085F35B0984F82A302046BDE8F0810123A8
:10F6100084F82A302046BDE8F08100BF40D00400C5
:10F620002C30FFF7A7B900BF2430FFF7A3B900BF04
:10F6300010B5074B03F108024033044602608360B3
:10F640002C30FFF73BF92046FFF7F4F8204610BDB9
:10F6500038D00400094B10B503F1080240330446CA
:10F66000026083602C30FFF729F92046FFF7E2F8AB
:10F6700020460BF01EFD204610BD00BF38D0040010
:10F680004369586903681B69184700BF4369586993
:10F6900003685B69184700BF03460022C3E90612EE
:10F6A00008461A62704700BF2DE9F041074600F195
:10F6B000140400F13C06002554F8043F18464BB1F1
:10F6C0001B681B6A9847A84204DD206803681B6A10
:10F6D00098470546B442EFD1786903682946DB694B
:10F6E000BDE8F041184700BF00F1140300F13C02EF
:10F6F00053F8040F78B110B4C4688C4208D0934218
:10F700000DD053F8040F0028F9D0C4688C42F6D10C
:10F710005DF8044B70479342EAD100207047002007
:10F720005DF8044B704700BF436910B50446586943
:10F7300003689B699847D4ED067A07EE100AF8EE45
:10F74000E77AC7EE277A17EE900A10BD016470477A
:10F7500070B50C460546FFF767F8A04200D170BDB2
:10F7600021462846FFF75EF8686903682146DB6892
:10F77000BDE87040184700BF10B5054B03F1080203
:10F780004433044602608360FFF754F8204610BDFE
:10F79000CCD0040010B5074B03F1080244330446F3
:10F7A00002608360FFF746F820460BF082FC20469B
:10F7B00010BD00BFCCD00400094B10B503F1080206
:10F7C00034330446C0E900230C3000F0BBFD054A89
:10F7D00062600023201D6381FAF794FB204610BD70
:10F7E0007CD0040000CB0400F0B583B001F10C071D
:10F7F000044601A80D4600F077FD01A9384600F047
:10F80000B9FD064601A800F09DFD5EB169690B686F
:10F8100001A81B68984701A9384600F09BFD01A884
:10F8200000F090FD3946204600F082FD204603B0EE
:10F83000F0BD00BF70B5036C82B004462BB11B78DD
:10F8400003F0FF000BB902B070BD04F1140504F120
:10F850003C0655F8043F184613B11B68DB6A98470D
:10F86000AE42F6D101A800F03FFD01A904F10C0061
:10F8700000F070FD01A800F065FD0148E3E700BF5E
:10F8800012FCFFFF0B4B10B503F1080234330446A2
:10F89000C0E900230C3000F055FD074A62600023E8
:10F8A0006381201DFAF72EFB20460BF002FC204658
:10F8B00010BD00BF7CD0040000CB040038B50C4B59
:10F8C00003F108023433044640F8042C40F8083BA6
:10F8D00000F038FD074A22600023251FE380204600
:10F8E000FAF710FB28460BF0E4FB284638BD00BFB2
:10F8F0007CD0040000CB040038B500F114020D46A2
:10F90000002352F8044FAC4204D001330A2BF8D143
:10F91000002038BD026906330024013A40F8234034
:10F92000026185B12B680B4A9B6A93420DD10A4B49
:10F930002B603C33AB602846FEF77CFF28460BF07B
:10F94000B8FB012038BD012038BD2846984701206A
:10F9500038BD00BF95F70300D4D0040038B50B4B79
:10F96000054603F108023433044640F8042C45F8F8
:10F970000439083000F0E6FC054A226000232046E6
:10F98000E380FAF7BFFA284638BD00BF7CD00400F8
:10F9900000CB0400F8B5074600F11403002453F827
:10F9A000045F2DB101340A2CF9D100263046F8BD90
:10F9B00024200BF084FB064608200BF080FB0C4B48
:10F9C0004560014603603046FFF70CF8094B3A6981
:10F9D00033603C330634B36001231A4447F8246093
:10F9E000C6E9063535627761F5603A613046F8BDA3
:10F9F00020CF0400D4D004002DE9F04F8B692DED09
:10FA0000028B012B08EE100A83B0914659D04B6946
:10FA1000586903681B690C46984700F10108D9F83A
:10FA20000030A1695E8808EBD8784FEA680807467D
:10FA300096FBF8F6012296FBF1F101A801FB088183
:10FA400000F058FC06FB08F6019D002E05F10405A8
:10FA500041DDDFF88CA004364FF0040BD9F800002C
:10FA60005AF8273058449847D4E907310844A16927
:10FA700001338B42C4E907300BF1010B0ADB90FB29
:10FA8000F1F1164B284653F8273098470023C4E974
:10FA9000073345445E45E1D101990431691A01A853
:10FAA00000F0EAFC01A918EE100A00F041FC01A8E0
:10FAB00000F048FC18EE100A03B0BDEC028BBDE864
:10FAC000F08F114600F034FC18EE100A03B0BDECC4
:10FAD000028BBDE8F08F0021E1E700BF7820002015
:10FAE0005420002030B50D4649690B6885B00446A6
:10FAF0001B6902A8984702A903A800F019FC4FF05F
:10FB0000FF33294603AA009320460023FFF774FF22
:10FB100003A800F017FC02A800F014FC204605B072
:10FB200030BD00BFF8B50446124B03600026124BEF
:10FB300043600430A6600D461746FAF775F90F4B7F
:10FB400003F1080234336360226004F10C0000F01A
:10FB5000CBFB28223146656127812661266404F1AA
:10FB600018000BF00EFB2B6828465B68214698476F
:10FB70002046F8BDD4CF040000CB04007CD00400A4
:10FB8000024A11687E22C0E9001270479C200020C2
:10FB9000034A034692E8030083E8030018467047CF
:10FBA00068B80020A1F120035E2B07D80068052368
:10FBB0006FF09F0213FB012108447047002070473B
:10FBC000034A044B11687E22C3E90012704700BF4C
:10FBD0009C20002068B8002001704270436070478C
:10FBE00082B010B401AC84E80C0001AA03468C4634
:10FBF00007CA9DF8104083E80700A4B19CF80100F3
:10FC0000B0B9DCF80420022A1AD0032A34D0012A21
:10FC10002CD0012C1ED0022C05D1D3E9011249426F
:10FC20005242C3E901125DF8044B184602B0704716
:10FC300052424942C3E90112DCF80420022AE4D10D
:10FC4000D3E90012012CC1F10001C2F10002C3E9A5
:10FC50000012E0D1D3E900109A685DF8044B5242DB
:10FC6000C3E900019A60184602B07047D3E9002149
:10FC70005242C3E90012CCE7D3E900125242C3E971
:10FC80000021C6E782B010B582B004AC84E80C0055
:10FC9000069B0A78CDE9003204AB0CCB0446FFF793
:10FCA0009FFF204602B0BDE8104002B0704700BF81
:10FCB00070B5018082B0428004461D46FCF7B6FC58
:10FCC000C4E9020115B9204602B070BD094B1D6898
:10FCD000002DF8D02A68084B16689E42F3D004F134
:10FCE000080393E803008DE80300284694E80C001D
:10FCF000B047E8E770B8002061D9030070B582B062
:10FD00009DED067B9DF82030018080ED027B04464E
:10FD1000428013B9204602B070BD0A4B1D68002D09
:10FD2000F8D02A68084B16689E42F3D000F1080309
:10FD300093E803008DE80300284694E80C00B047E0
:10FD4000E8E700BF70B8002061D9030010B50023B8
:10FD500003600446FCF76AFCC4E90201204610BDBA
:10FD600030B50B4B1C6883B024B12168094A0D687B
:10FD7000954201D103B030BD00F10802034692E87C
:10FD800003008DE8030020460CCBA84703B030BD2C
:10FD900070B8002061D9030082B038B5002504A9ED
:10FDA0000560044681E80C00FCF740FC04AB0FCB77
:10FDB000256184E80F002046BDE8384002B0704756
:10FDC00010B50446006800F033FC204610BD00BFAB
:10FDD0002DE9F04716460622804601FB06200F4615
:10FDE0001D46FAF7BBFFC8F8000000F049FCD8F840
:10FDF00000401FFA87FA1FFA86F9A4F802A0A4F8B7
:10FE00000490DDB1002F17DDB145A8BFB146BA455A
:10FE1000A8BFBA460634B9F1000F0DD00026294616
:10FE2000204652460BF085F9D8F8003001365B8841
:10FE3000B1453D441C44F2D1BDE8F08709FB0AF20C
:10FE40002946A01DBDE8F0470BF09BB9014B0360AC
:10FE5000704700BFF0D2040070B50D1E044615DBDC
:10FE6000002A164612DB062005FB0200FAF776FF91
:10FE7000206000F005FC206805FB06F245808680C6
:10FE8000002106300BF07DF9204670BD014B236048
:10FE9000204670BDF0D2040010B50B680446184629
:10FEA000236000F0A9FB204610BD00BF2DE9F04102
:10FEB000064684B000296BD00A780D46002A6DD022
:10FEC0004FF0000C0B4667466446604607E00A2A7E
:10FED00052D008B10134002013F8012F42B1A2F131
:10FEE00030010929F3D813F8012F0120002AF6D197
:10FEF0000FFA8CF3002B48DB38B2002845DB0622D2
:10FF000003FB00201FFA8CF4BAB2904602FB04F403
:10FF10001FFA8CF7FAF722FF306000F0B1FB30686F
:10FF200022464780A0F80480002106300BF029F912
:10FF300037682B780637DBB101AC22464FF000085A
:10FF400004E002F8013B15F8013F8BB1A3F1300149
:10FF50000929F6D9A24282F80080F4D920460BF094
:10FF6000D4F807F8010B15F8013F2246002BEDD11C
:10FF7000304604B0BDE8F08100B10134A445B8BFFB
:10FF8000A446002401372046A6E7074F3760D0E794
:10FF9000054B0360304604B0BDE8F081144690463E
:10FFA00017460620B6E700BFF0D204000068438879
:10FFB00082880021063003FB02F20BF0E2B800BF9A
:10FFC0000068B0F802C0614512DA00B5B0F804E08C
:10FFD00072450ADA002908DB002A06DB08440CFB1C
:10FFE0000202002093715DF804FB6FF47A70FAE767
:10FFF0006FF47A70704700BF2DE9F04707468846D6
:020000024000BC
:100000003C689DF8200061888A424EDAA588AB42A0
:100010004BDAD8F800C0BCF8026002EB060ABAF16D
:10002000000F42DDBCF8049003EB090EBEF1000F97
:100030003BDD002A3CDBA1EB020AB245A8BFB24679
:10004000002B59DBED1AA945A8BFA9460CF10605FE
:1000500022EAE272A61D0BB101FB03221644A0B3F3
:10006000B9F1000F21DD002108460AF1FF3EBAF187
:10007000000F10DD6B1EB44605EB0E0213F8014FA6
:1000800014B18CF80040013093420CF1010CF5D111
:100090003C68D8F800C0BCF8023001311D446388C8
:1000A00089451E44E3D1BDE8F0870020BDE8F08714
:1000B0008A45A8BF8A46002B2CDBED1AA945A8BFAC
:1000C000A9460CF10605AD1AC2E7B9F1000FEDDD46
:1000D00004462946304652460BF02BF8D8F800303B
:1000E0005B881D443B6801345B88A1451E44F0D108
:1000F0000AFB09F0BDE8F087AE45A8BFAE46F14661
:100100000CF10605002106FB13131D4422EAE272DE
:10011000A61DA3E7AE45A8BFAE46F1460CF1060505
:100120005142F0E72DE9F043054683B06846164694
:100130001C460F46FFF72CFD2B685A88964234DA8E
:100140009B889C4231DA1F2F2FD9019B9F422CDCC8
:1001500039466846FFF726FD102700F10508B4462A
:1001600000212B68B3F802E0F44510DA9A88944233
:10017000634447FA01F20ADA90F800900EFB043368
:1001800019EA020F14BF4FF0FF3200229A710131B9
:1001900005290CF1010CE4D10130404504F10104C2
:1001A000DDD1002003B0BDE8F0836FF47A70F9E789
:1001B00003682DE9F0410E1E5F8827DDBE4203F182
:1001C000060419DA9B88A3B18046BF1B0025A1193C
:1001D00020463A460AF0ADFF3246E01900210AF007
:1001E000D0FFD8F800305A889B8801359D421444CE
:1001F000EDDB0020BDE8F0819A88002107FB02F2C8
:1002000020460AF0BEFF0020BDE8F0816FF47A704E
:10021000F0E700BF2DE9F84F00AFD1F80080FE6A8B
:10022000B8F802501C46BB6A02EB030BAB45814693
:1002300004EB06033EDABBF1000FD8BFAB46B8F8BB
:100240000460B34202DA002BC8BF1E460BFB06F364
:10025000073323F0070305FB0422ADEB030D08F180
:100260000605A6421544EA46C8BF6B460CDD294682
:1002700018465A460AF05DFF0134B8F802200346DA
:10028000A64215443344F2D10FFA8BF100290ADB60
:1002900032B2002A07DB48465346FFF799FD48462D
:1002A000BD46BDE8F88F044BC9F800304846BD464E
:1002B000BDE8F88FAB46C2E7F0D2040010B5064C9B
:1002C0000648206000F098F92046054A0549BDE837
:1002D00010400AF0E9BE00BF74B80020F0D204005C
:1002E00040200020C1FD0300014B0360704700BFA8
:1002F000F8D2040070B50D1E04460CDD281D16460C
:10030000FAF72CFD206000F0BBF92068012E458033
:1003100005D0204670BD054B0360204670BD2A46BF
:10032000002104300AF02DFF204670BDF8D20400F1
:1003300010B50B6804461846236000F05DF92046AE
:1003400010BD00BF10B50446006800F071F92046EA
:1003500010BD00BF38B50B6804460068984206D04F
:100360000D4600F065F92868206000F045F9204648
:1003700038BD00BF0068096888420ED008B54A88B9
:1003800043889A4201D0002008BD043104300AF0AD
:10039000C0FEB0FA80F0400908BD0120704700BFE0
:1003A000B2F1000C19DB0068428808B51FFA8CFE18
:1003B00096450FD833EA230328BF1346A2EB0C025D
:1003C0009A4200F10400A8BF1A4660440AF0D9FE20
:1003D000002008BD6FF47A7008BD6FF47A70704722
:1003E000002B70B50E46154602DA03685B889B1A2F
:1003F000002D21DB00684288591991421CDCA9427A
:100400001ADBCBB136F0004116D05942B14214DAB2
:10041000B34212DD00F1040C002E65441FDB9C1B6F
:10042000A919224628460AF092FE324628190021D0
:10043000BDE870400AF0A5BE70BDA9B28A42FBD3E8
:1004400033EA230328BF1346521B04309A42284440
:10045000A8BF1A46BDE8704000210AF092BE2946A6
:100460009A197442A81B0AF072FE224628460021FF
:10047000BDE870400AF085BE002906DB03685A8893
:100480008A4202DB5980002070476FF47A7070470F
:1004900010B50446006800F0CBF8204610BD00BF40
:1004A00030B50B4685B0044601A91846F9F7E2FBC2
:1004B00001A80AF0A2FE05460530FAF74FFC2060BD
:1004C00000F0DEF820682A46458001A904300AF0D1
:1004D00030FE20680544002320462B7105B030BD56
:1004E00070B5044611B10B780D461BB90D4B236056
:1004F000204670BD08460AF080FE06460530FAF731
:100500002DFC206000F0BCF8206832464680294669
:1005100004300AF00EFE20683044002303712046A8
:1005200070BD00BFFCD20400F8B5054649B10B7898
:100530000C4633B1084616460AF05FFEB7B2874252
:1005400003D90B4B2B602846F8BD701DFAF706FC4B
:10055000286000F095F8286832464780214604302C
:100560000AF0E7FD2A683244002313712846F8BDDB
:10057000FCD2040010B50B6804461846236000F056
:100580003BF8204610BD00BF014B0360704700BF21
:10059000FCD2040038B50B6804460068984206D0C7
:1005A0000D4600F045F82868206000F025F8204648
:1005B00038BD00BF002907DB0368B3F902208A4277
:1005C00002DD1944087970470020704710B5064CC9
:1005D0000648206000F010F82046054A0549BDE8AD
:1005E00010400AF061BD00BF78B80020FCD20400C2
:1005F000402000209104040003884FF6FF729BB254
:10060000934214D0012B10B5044601D0DB0702D46D
:100610001E20F9F769F9BFF35B8FD4E85F3F02331F
:10062000C4E8523F002AF8D1BFF35B8F10BD70477A
:1006300003884FF6FF729BB2934218D0012B10B57E
:10064000044610D0DB070ED5BFF35B8FD4E85F3FC5
:100650009A1EC4E8512F0029F8D1BFF35B8F9BB2DB
:10066000032B05D010BD1E20F9F73EF9ECE77047CB
:100670002046BDE8104000F001B800BFFAF7ACBB5F
:1006800003230380704700BF82B030B583B006A952
:1006900081E80C0008AB8646844693E803005EF8C8
:1006A000045B8DE8030006AB0CCBDCF8144071460C
:1006B0002846A04703B0BDE8304002B0704700BFF5
:1006C00008B502680B689A4201D0002008BD1022CC
:1006D000043104300AF01DFDB0FA80F0400908BD75
:1006E000042070470429024808BF0020704700BF5B
:1006F00016FCFFFF8268054B106993FBF0F007EED4
:10070000900AF8EEE77A17EE900A704740420F0021
:10071000837D43F020038375704700BF807DC0F365
:100720004010704710B50C310446FFF701FE20461B
:1007300010BD00BF807D00F01000704730B5837D94
:1007400013F0100483B002D1204603B030BD84689A
:10075000054601A8FFF7C8FD03F086F9E37D7F3366
:1007600004EB830101A8FFF7F5FD03F06FF9002307
:10077000EC7D1D481A4602F151010901415801B1B1
:100780000133944202F101022AD0082AF3D1174B17
:10079000019A101D48F68804C15AA142034414D09E
:1007A00052881044AA68927D984298BFA3EB420CED
:1007B00008D9520001E0984204D9995AA1429C46B6
:1007C0001344F8D1BCF900302B822C8A01A824B242
:1007D000FFF7B8FD24EAE474A4B2204603B030BDAC
:1007E000013B5B00D4E700BF007000402EF8FFFF24
:1007F000072914D8032A12D810B4C37D01761B012F
:1008000003F1804342EA012403F5E043427644F4D5
:1008100080540020C3F818455DF8044B70476FF40E
:100820007A7070478176704710B504468069036816
:1008300000219B6B9847A06903684FF47A51DB6CE9
:100840009847A07D216901280346B8BF012303EB27
:100850008303B1FBF3F3B3F5807FA8BF4FF480733C
:100860005B104BD000225B1002F10102FBD107EEBE
:10087000901AF8EE677AB3EE007A012867EE877A6D
:100880002DD9082A4FF00103A8BF082203FA02F26B
:1008900007EE102AF8EEC76A194B87EEA67A0021F8
:1008A000C3F8F415C4F80422A06903680021DB6BC7
:1008B000FDEEC77A17EE902A9847A369114A5B6943
:1008C000114801210224C3F80012C2F8084503F5BB
:1008D000A074C2F81845C2F81C05D96010BD0123E8
:1008E00003FA02F106EE901A0549F8EEE66AC1F83D
:1008F000F42587EEA67AC4F80432D5E71A46B6E79F
:100900000070004000F00140047000402DE9F04FFD
:1009100087B000250193D64B4560036004460392DF
:100920000E46F9F781FAD34BDFF86083A66103F135
:100930000801303304F13806A360C4F81C8021603C
:10094000A58104F11C01646204F128000291FFF703
:10095000CBFC029984F832503046FEF75FF8A36A68
:1009600084F8335002275B88E38530464FF40076E5
:100970002686A7862946A58584F83650FEF77AF89C
:1009800004F1740904F15801C4F85880246604F194
:1009900064000291FFF7A8FC029984F86E50484663
:1009A000FEF73CF8636E48464FF0010984F86F90FB
:1009B0005B88A4F86A30A4F86C60A4F870702946CB
:1009C000A4F8685084F87250FEF754F804F1B00BA4
:1009D00004F19401C4F89480C4F89C4004F1A00090
:1009E0000291FFF781FC029984F8AA505846FEF75D
:1009F00015F8D4F8A03084F8AB705B88A4F8A63062
:100A00005846A4F8A860A4F8AC702946A4F8A450ED
:100A100084F8AE50FEF72EF804F1EC0B04F1D0018F
:100A2000C4F8D080C4F8D84004F1DC000291FFF78C
:100A30005BFC029984F8E6505846FDF7EFFFD4F8C6
:100A4000DC3058464FF0030B84F8E7B05B88A4F81D
:100A5000E230A4F8E460A4F8E8702946A4F8E05075
:100A600084F8EA50FEF706F804F5947A04F58671E6
:100A7000C4F80C81C4F8144104F58C700291FFF79E
:100A800033FC029984F822515046FDF7C7FFD4F891
:100A90001831042184F823115B88A4F81E315046D4
:100AA000A4F82061A4F824712946A4F81C5184F804
:100AB0002651FDF7DFFF04F5B27A04F5A471C4F8FE
:100AC0004881C4F8504104F5AA700291FFF70CFC6C
:100AD000029984F85E515046FDF7A0FFD4F85431D6
:100AE000052184F85F115B88A4F85A315046A4F8B8
:100AF0005C61A4F860712946A4F8585184F86251E9
:100B0000FDF7B8FF04F5D07A04F5C271C4F884810A
:100B1000C4F88C4104F5C8700291FFF7E5FB029917
:100B200084F89A515046FDF779FFD4F890310621A8
:100B300084F89B115B88A4F896315046A4F898611C
:100B4000A4F89C712946A4F8945184F89E51FDF7AD
:100B500091FF04F5E071C4F8C081C4F8C84104F500
:100B6000EE7804F5E6700291FFF7BEFB029984F877
:100B7000D6514046FDF752FFD4F8CC31072184F816
:100B8000D7115B88A4F8D23129464046A4F8D87121
:100B9000A4F8D46104F5FE78A4F8D05184F8DA51B1
:100BA000FDF768FFA7194046FFF79EFB3846FFF7A1
:100BB0009BFB019B039AA3802261A68231462A46B1
:100BC000C4F80492A57584F8085205A8FFF792FBB3
:100BD0004FF0FF332A4605A88821FFF7E1FB05A95E
:100BE0004046FFF7B7FB05A8FFF7ACFBA18A224EF2
:100BF0002A4605A8FFF77EFB4FF0FF332A4605A8DB
:100C00008821FFF7CDFB05A93846FFF7A3FB05A810
:100C1000FFF798FB194BE57580271C60C6F88070BC
:100C2000BFF34F8FBFF36F8F154A164B1649C3F8AA
:100C300000552320C3F8F0B5C3F80403C2F80895A3
:100C40002046C2F81015C2F81435FFF7EDFD86F8FE
:100C50000753A069C6F88071036837605B6A9847DC
:100C6000A06903681B6B9847204607B0BDE8F08F6A
:100C700000CB040078D3040000E100E07CB8002041
:100C800000F00140007000400471004050D30400A7
:100C9000F0B5584D85B0D5F840260092D5F84426D9
:100CA0000192D5F8482602920023C5F8FC3F0122A4
:100CB000D5F8FC1FC5F8FC2F0099C5F8401601991E
:100CC000C5F844160299C5F848160321C5F8003541
:100CD000C5F8F01523210446C5F80413844683752E
:100CE0001E46184617E05FFA8EF0A075BCF8341067
:100CF0009CF8337049BA41F4805105EB071789B26B
:100D0000C7F81815C3F800250132092AC3F804658D
:100D10000CF13C0C1ED0531EC3EB031304EB8301F8
:100D2000130191F8327003F18043110117F010079D
:100D300000F1010E03F5E04301F18041D3D101F54B
:100D4000E0410132092AC1F800750CF13C0CC1F8F0
:100D50000475E0D108B905B0F0BD264E0125204646
:100D6000C6F80055FFF760FDE77DA18A00227F37B6
:100D700003A8FFF7BFFA04EB87074FF0FF33002209
:100D8000882103A8FFF70CFB03A93846FFF7E2FA16
:100D900003A8FFF7D7FAE27DA37DD4F8041204EB91
:100DA000820203FB01F1D2F8FC2103F1004304327B
:100DB000013BC6F82C2602EB4302A38AA94093FB11
:100DC000F1F001FB10315B1A03EBD3732B41C6F832
:100DD0003036094B35600321C3F8041548F6880105
:100DE00084F8085213889BB28B42FBD0012005B0D7
:100DF000F0BD00BF0070004000F0014010B5F1B13F
:100E000090F8083203F0FF0173B11D4B1D4A032413
:100E1000C3F80845D2F80034DB07FBD40123936004
:100E200090F80832002BFBD1174B184A1970136841
:100E30001749C3F3C0130B7083B9002010BD144BC6
:100E40001B78A3B9104B1B78002BF6D090F8083212
:100E5000002BF2D1FFF71CFF002010BD8023C2F849
:100E60008030BFF34F8FBFF36F8F002010BD074B53
:100E700080221A60044B1B78002BDED0E6E700BF0F
:100E800000F001400070004084BD002000E100E05F
:100E900083BD002007EE901AB7EE007AF4EEC77A11
:100EA000F1EE10FA10B5044606D49FED1F7AF4EE69
:100EB000C77AF1EE10FA10DD23681C4A9B69934251
:100EC0002BD1A3681A481B6990FBF3F007EE900A38
:100ED000F8EEE77A17EE900A10BDC7EE276A806831
:100EE00090F80832FDEEE66ADBB1124B0322C3F83C
:100EF0000825114AD2F80034DB07FBD401239360A4
:100F000090F80832002BFBD190F80832C0ED046A4B
:100F1000002BD1D1FFF7BCFECEE72046BDE8104044
:100F20001847C0ED046AC7E700247449F5060400B9
:100F300040420F0000F001400070004031B38B7D53
:100F4000DA0601D50020704790F8083210B573B169
:100F5000104B114A0324C3F80845D2F80034DB07CC
:100F6000FBD40123936090F80832002BFBD18B7DDA
:100F700043F010038B7590F8083203F0FF041BB99F
:100F8000FFF786FE204610BD002010BD6FF47A707A
:100F9000704700BF00F0014000700040F8B50D46FA
:100FA0000446097D14481746F9F7F0FF50B1297D32
:100FB0001148F9F7B5FF461E2FB93701B81B04EBEE
:100FC00080001C30F8BDC6EB061104EB81011C311A
:100FD0002046FFF7B3FF2B68084ADB6D93424FEAC8
:100FE000061702D100232373E8E72846002204F104
:100FF00008019847E2E700BF00D304007D710300B9
:1010000071B38B7DDA0621D590F8082202F0FF0338
:1010100002B3154B154A10B50324C3F80845D2F89E
:101020000034DB07FBD40123936090F80832002BD7
:10103000FBD18B7D03F0EF038B7590F8083203F042
:10104000FF042BB9FFF724FE204610BD0020704797
:10105000002010BD8A7D184602F0EF038B757047A3
:101060006FF47A70704700BF00F0014000700040DC
:1010700010B5837D0229044603F010030DD0012929
:1010800000D910BD002BFCD080682146FFF7B8FFC7
:10109000A37D03F0EF03A37510BD002BF1D1806891
:1010A0002146FFF74BFFA37D43F01003A37510BD4E
:1010B00038B50C460546097D0F48F9F767FF90B132
:1010C000217D0D48F9F72CFF431EC3EB03139C0051
:1010D00004F11C0129442846FFF792FF2B1993F8CD
:1010E0003220D206FBD42B7B1BB12B6828469B6990
:1010F0009847002038BD00BF00D30400A0F10800CD
:10110000FFF7D6BF2DE9F04F9946837D85B013F0E8
:10111000100F0E9F837E054656D0002B55D10E68CA
:101120007388B2EB530F4FEA630450DA043606EBD0
:10113000440406EB4206A046023CA21B521092FB5E
:10114000F9F309FB1322002AF5D1B4F900302B8200
:10115000AB7D9B063BD5B9F1010F4ED0B5F912001E
:10116000EB68011DB04519445B8830D914464FEA3D
:101170004909924605F10C0B07E0B5F912209A4295
:1011800019D0B04523D9B5F91200984204F10104F1
:1011900020D0B6F90020BC4292444E44EDD19AFBD7
:1011A000F4F221F8022B6A8A023212B200249A4227
:1011B0006A82A246E5D105F11C00CDE90013FDF7D6
:1011C000D9FBDDE90013DCE70BB1013BAB7605B0E1
:1011D000BDE8F08F0122B5F9141003A8FFF78AF8D3
:1011E00003A95846FFF7B6F803A8FFF7ABF8E9687C
:1011F00000236B824B880431CBE705F10C00FFF72D
:10120000A9F8EB685B886B8205F11C0005B0BDE8AE
:10121000F04FFDF7AFBB00BF2DE9F043434BD3F8D0
:10122000042185B006461AB9D3F81431002B44D0F6
:1012300096F81790DFF8F48009F1010303F0010339
:10124000F375D8F8341609F17F0906EB89094900CE
:1012500048460024FFF710F906F11C05274603E075
:10126000082C05F13C051DD004F151031B0101348C
:1012700058F80330002BF3D0494603A8FFF758F87D
:10128000D6F80412B37D00913A46284603A9FFF729
:1012900039FF03A8FFF756F8082C07F1010705F1FD
:1012A0003C05E1D1214BD3F8042112B10022C3F84F
:1012B00004211E4BD3F8142132B91C4CD4F8003150
:1012C00063B905B0BDE8F0830022184CC3F81421BF
:1012D00086F80822D4F80031002BF2D0F57DB18ACF
:1012E000013505F00105002205F17F0703A8FFF78E
:1012F00001F806EB87074FF0FF330022882103A88F
:10130000FFF74EF806EB850603A93846FFF722F8EB
:1013100003A8FFF717F8D6F8FC3100220433C4F80D
:101320002C36C4F8002105B0BDE8F0830070004001
:10133000024B186808B1FFF76FBF70477CB80020F8
:10134000F8B5134B036003F128020546826000F5EF
:101350000070FEF7F7FF05F5FE70FEF7F3FF0D4F87
:1013600005F5EE742E1F44F81C7C2046FDF7A6FA06
:10137000A4F110003C3CFEF7E5FFB442F3D1064A6D
:101380002A6000232846EB80F8F7BCFD2846F8BD0C
:1013900080D3040050D3040000CB0400F8B5154BF3
:1013A000036003F128020546826000F50070FEF735
:1013B000C9FF05F5FE70FEF7C5FF0F4F05F5EE748A
:1013C0002E1F44F81C7C2046FDF778FAA4F110008B
:1013D0003C3CFEF7B7FFB442F3D1084A2A60002331
:1013E000EB802846F8F78EFD284609F062FE284675
:1013F000F8BD00BF80D3040050D3040000CB04002C
:10140000174B99421ED9174B994298BF4FF08062F3
:101410001AD9154A4369914210B44FF0C8604FF091
:10142000000408BF4FF0C462C3F80045C3F82405A8
:1014300008BFC3F82425062200205DF8044BC3F83A
:10144000002570474FF0CC7243690021C3F80015A6
:10145000C3F824250622C3F800250020704700BFEA
:101460008FD003007F1A0600801A0600704700BF65
:1014700010B5044609F01DFE204610BDF0B585B03C
:101480001E468DF80F209DF82C3002680093176AD5
:1014900001230DF10F0204460D46B84738B9236801
:1014A00000909F6A0A9B324629462046B84705B0FD
:1014B000F0BD00BFC3688B4210B504460ED003696F
:1014C0008B420BD023793BB12368094A9B6B934233
:1014D00020460AD109F0EDFD002010BD236800224E
:1014E000DB6B114620469847ECE79847002010BD7B
:1014F00071140400C368002B3CD070B50446006929
:10150000002836D0036801211B689847E06803680B
:1015100001211B6898470420F9F75CFD0025E0686D
:10152000036802219B689847014600BB2069036855
:101530001B6898470420F9F74DFD206903680121D5
:101540001B68984701350420F9F744FD092DE6D1C1
:10155000E068036800211B6898470420F9F73AFD0A
:10156000E0680368BDE870401B6801211847002D42
:10157000EED170BD704700BF38B50B460446154626
:1015800000F10C011A46FAF7EBF92A4604F11001B2
:101590002046FAF7E5F96269E3680025C2F80055CC
:1015A000F3B12369E3B101212046FAF7D7F9062107
:1015B000E06801F00DFA0621206901F009FA2046E1
:1015C000FFF798FFE068036802219B68984720694D
:1015D000036802219B68984729462046FAF7BEF91E
:1015E0000A20F9F7F7FCD4E90423B2B1157DE268CB
:1015F00082B1107DC3F808554FF0CC710622C3F8B4
:101600000C05C3F824150A20C3F80025F9F7E2FCFD
:10161000002038BD4FF0FF30ECE74FF0FF35E6E734
:10162000F8B504461D460E461746FAF789F9114BE0
:1016300023600023C4E9023323615DB1284602F030
:101640007BFA606160B13A4631462046FFF794FF6D
:101650002046F8BD012002F08DFA60610028F2D129
:101660005A20F8F741F93A4631462046FFF784FF01
:101670002046F8BDB4D304002DE9F04143698EB291
:1016800082B09C590546002C5AD1364F4FF00108C4
:101690000BE0D3F8482592B9632C51DC0A20F9F706
:1016A00099FC6B699A59002A4AD1D3F8242132BB9C
:1016B000BC4224DCD3F850210134002AE9D1632C48
:1016C000ECDDD3F8602152B1D3F80022D10506D564
:1016D000D3F848211AB9C3F81C801446DEE7D3F8C2
:1016E0006021002ADAD0D3F800229205D6D5D3F8AB
:1016F0000421002AD2D1C3F814801446CEE7D3F8CF
:10170000C414C3F8C4140022C3F82421D3F824213C
:10171000019201220199144C1A625A6101E0013CC4
:1017200018D00A20F9F756FC6B69D3F80431002B66
:10173000F5D00E4CA86838B9204602B0BDE8F0815B
:10174000A86800240028F7D0F9F744FC204602B02E
:10175000BDE8F0812B682A69DB6BE968034C2846F9
:101760009847E7E740420F00A08601000EFCFFFF0C
:1017700070B44469C1F34701C4F888150021C4F866
:10178000041189B0D4F804510695069DC4F82411BB
:10179000D4F824510595059DC4F86011D4F8605122
:1017A0000495049DC4F85C11D4F85C510395039D25
:1017B000C4F85011D4F850510295029DC4F84C1150
:1017C000D4F84C519DF830600195019DC4F8442532
:1017D000C4F8483576B14FF480720123C4F8002272
:1017E000A360D4F848210ABB4FF4A47109B070BCBF
:1017F000FFF742BF4FF400720123C4F80022A36038
:10180000D4F8482162B12362C4F84861D4F8483161
:101810000793079B4FF4827109B070BCFFF72CBF90
:101820004FF4827109B070BCFFF726BF2362C4F881
:101830004811D4F848310793079BD5E770B5446940
:10184000C1F34701C4F888150021C4F8041188B019
:101850000546D4F8040106900698C4F82411D4F87B
:10186000240105900598C4F86011D4F86001049033
:101870000498C4F85C11D4F85C0103900398C4F890
:101880005011D4F8500102900298C4F84C11D4F8C9
:101890004C019DF8306001900198C4F83425C4F8DB
:1018A000383586B94FF480520123C4F800222360F2
:1018B000D4F84821DAB94FF48271284608B0BDE85F
:1018C0007040FFF7D9BE01232360D4F8482132B11C
:1018D0002362C4F84811D4F848310793079B4FF4AA
:1018E000AE712846FFF7C8FE48B108B070BD23624C
:1018F000C4F84861D4F848310793079BDBE76B696C
:1019000001224FF4A4712846DA6108B0BDE87040A6
:10191000FFF7B2BE0D4B10B503F1080103F134021D
:1019200040330446C0E9022301603030FEF70AFD6F
:1019300004F12C00FEF706FD054A22600023204634
:10194000E380F8F7DFFA204610BD00BFF4D30400AF
:1019500000CB040038B5446991F814C000234FF05F
:10196000FF3504EB83020133D2F86015614508BFEF
:10197000C2F86055042BF4D1037C13B103689B6952
:101980009847002038BD00BFA0F10C00FFF7E2BF70
:101990000E4B03F1080103F13402403310B5044645
:1019A0000160C0E902233030FEF7CCFC04F12C00CA
:1019B000FEF7C8FC064A22600023E3802046F8F7C1
:1019C000A1FA204609F075FB204610BDF4D30400AF
:1019D00000CB04002DE9F0412DED028B002408EE30
:1019E000103A5B4B0360446005460F461646BDF84F
:1019F0002080F8F719FA574B2B6003F12C0238338B
:101A0000AA60EB606F612C8205F12C00FEF76CFC84
:101A100005F13000FEF768FC9FED4F7A4F4B686987
:101A20006E63C7EE087A4FF08022C3E90022C3E953
:101A300002224B4BAB61A5F804802C85EC61234658
:101A4000C0F80045B0EE677ABEEECE7A17EE101AF7
:101A5000B1F5004F78DB013341FA03F4B4F5004FE0
:101A6000F9DA072B15DC04FA03F10029B8BF0F31AE
:101A7000091107EE901ADFED386AC0F80C35F8EE60
:101A8000E77AC0F8084586EEA77AC5ED097A85EDB4
:101A9000087A00230222C0F804353249C0F8102524
:101AA000C0F84835C0F82835C0F84C35C0F82C359A
:101AB00040F201136B830123C0F814353024042352
:101AC0008842C0F80032C0F8044321D02649884239
:101AD0002DD0264A90420ED03268012352682B76D0
:101AE00005F10801C0F8003530469047BDEC028B87
:101AF0002846BDE8F0811E4A1E4C95601E4A91683A
:101B0000A2F54062C1F8C840C2F884315360E3E7EF
:101B1000194B174A99681560A3F540634FF080523E
:101B2000164CC1F8B040C3F880211A60D4E7104BBE
:101B3000134C5D60104B9968A3F54063C1F8C44035
:101B4000C3F884215A60C7E717EE104A8DE700BF3B
:101B500000CB0400FCD304000024744980B80020AA
:101B60000000010100C001400010024000200240BE
:101B700090B80020791D040000ED00E0CD1D0400A8
:101B8000211E04004369D3F80805704707EE901A38
:101B9000FEEECE7A844617EE901AB1F5004F22DBA6
:101BA0000023013341FA03F2B2F5004FF9DA072BB3
:101BB0001DDC02FA03F10029B8BF0F31091107EE4D
:101BC000901ADFED0C6ADCF81400F8EEE77AC0F842
:101BD0000C3586EEA77AC0F808250020CCED097AEE
:101BE0008CED087A704717EE902A0023E3E76FF434
:101BF0007A70704700247449406A70474369002036
:101C0000C3F81015704700BF43698176C27649B1A9
:101C1000012004213022C3F81405C3F80012C3F8D0
:101C2000042370473022C3F81415C3F80012C3F818
:101C30000823704770B590F9293082B00446002B14
:101C40003BD1C0690D46A8B9A37E002B41D0637E6D
:101C5000002B3ED0E37E002B3BD16169234A01EB90
:101C600045110823C1F82025C1F82435012384F843
:101C7000293020E0616B0B6805F10B061B6801A899
:101C800004EB8606984701A93046FEF763FB01A8DE
:101C9000FEF758FB04EB85036169DB6AE26958884B
:101CA00001EB451140100433013AC1F82035C1F869
:101CB00024050120E26102B070BD42690123536036
:101CC000D2F80431002BFBD0E36900256576258529
:101CD00013B9002002B070BD2268013BD269E361F4
:101CE00020469047284602B070BD00BF80B8002053
:101CF00038B5C369817E01330446C36119B1637E7F
:101D000063B1002038BDFFF795FFC8B163690122B8
:101D10009A60A37E002BF2D1002038BD012594F8F3
:101D2000281065762046FFF785FF94F828302B446D
:101D30002B4084F828303BB9636901229A60E0E7C0
:101D4000E37E002BE5D0E1E7E36913B90023637676
:101D5000D7E729462046FFF76DFF94F82830013376
:101D600003F0010384F82830002BEFD1E4E700BF33
:101D7000A0F10800FFF7BCBF38B5134B9C6834B125
:101D80006369D3F8102172B9D3F8143103B938BD9F
:101D9000002584F8285001212046FFF74BFF636996
:101DA000C3F8145138BD012384F82830002120469F
:101DB000FFF740FF63690022C3F81021D3F8143104
:101DC000002BE4D0E4E700BF90B8002038B5134BF7
:101DD0001C6834B16369D3F8102172B9D3F8143197
:101DE00003B938BD002584F8285001212046FFF7AB
:101DF00021FF6369C3F8145138BD012384F82830EA
:101E000000212046FFF716FF63690022C3F8102166
:101E1000D3F81431002BE4D0E4E700BF90B80020E1
:101E200038B5134B5C6834B16369D3F8102172B9CB
:101E3000D3F8143103B938BD002584F828500121A6
:101E40002046FFF7F7FE6369C3F8145138BD01233C
:101E500084F8283000212046FFF7ECFE6369002259
:101E6000C3F81021D3F81431002BE4D0E4E700BF0D
:101E700090B80020426900230376C2F8003570470D
:101E8000032A37DC70B50C4602F5AC754169237D39
:101E900051F825209A42064618D0236817491A6E31
:101EA0008A421BD11A6816498A421ED1DB6D154A37
:101EB0007169207D41F82500934209D100233374D4
:101EC000E38843F008030020E38070BD002070BD6C
:101ED000002206F10C0120469847F1E72046904782
:101EE000236807491A688A42E0D0002120469047BB
:101EF0002368DBE76FF47A70704700BF81710300DD
:101F0000D55F03007D71030070B505680F4C2A6A28
:101F1000A24218D144698446087D00234FF0FF3661
:101F200004EB83020133D2F86015814208BFC2F886
:101F30006065042BF4D19CF8103013B1AB69604696
:101F40009847002070BDBDE8704010475519040047
:101F5000C3688B420AD070B505460C46164613B1CD
:101F600003681B6E98472671EC6070BD704700BF18
:101F700090F804C01CF0020F29D0002924DB002AAD
:101F800022DD002B20DDB4294FF47A7CA8BFB421D8
:101F900030B50CFB01F10F4D046802EBD27E8908CD
:101FA000A5FB0151A3EB6E030CFB03F3890802FBB5
:101FB0000131094A246BCB1782FB0121C3EBA1112C
:101FC0002346BDE8304018476FF47A7070470348E5
:101FD000704700BF176CC116D34D621016FCFFFF8F
:101FE000C08800F00500003818BF0120704700BF0E
:101FF000037D0B49202B38BF4FF0A0410122D1F8BF
:10200000141503F01F0302FA03F30B4206D1C08834
:1020100000F00A00003818BF0120704710467047D2
:1020200000030050C08810F0030018BF0120704763
:10203000C08800F00C00003818BF0120704700BFB6
:1020400003684FF47A729B6B02FB01F1184700BFE3
:10205000027D0F4B202A38BF4FF0A04302F01F0231
:1020600003EB82030129D3F80027417122F00C020F
:1020700007D0022908BF42F00C02C3F80027002055
:10208000704742F00402C3F800270020704700BFE9
:1020900000030050D0F8103521EA0301C0F81815EC
:1020A000704700BFD0F810351940C0F818157047B8
:1020B00038B5037D202B0446184838BF4FF0A040A8
:1020C00003F01F0301229A40D0F8143513421BD1AC
:1020D0000D46D9B9C0F80C251146FFF7E3FF217D65
:1020E0000E4B202938BF4FF0A043D3F814351342CC
:1020F00012D0236820461B6E9847236829461B6828
:1021000020469847002038BD002038BDC0F808257B
:102110001146FFF7BFFFE2E7014838BD000300505A
:1021200012FCFFFF38B5C3889B0704460D4604D553
:10213000C068A8B3F9F710FC90BB236820461B6E5B
:102140009847FDB9227D274B1F2A02F01F014FF04F
:10215000010098BF4FF0A0438840C3F80C051F2A28
:10216000204BE28898BF4FF0A04303EB810342F07D
:102170000202D3F8001741F00101C3F80017002054
:10218000E28038BD227D174B1F2A02F01F014FF05D
:10219000010098BF4FF0A0438840C3F80805DEE770
:1021A0007DB1237D0F4A202B4FF0010138BF4FF046
:1021B000A04203F01F0301FA03F3C2F80835002020
:1021C00038BD237D074A202B4FF0010138BF4FF067
:1021D000A04203F01F0301FA03F3C2F80C350020FC
:1021E00038BD00BF0003005038B503799A071FD5EA
:1021F000C3885B07044617D50E4B1868C0B101228F
:102200002146FEF7CBFE054690B1E06810B1F9F724
:10221000A3FB18B9E38843F00403E3802846FEF7E4
:102220008DFAC0F30F1038BD03681B6E9847E3E7C3
:10223000014838BD60B9002016FCFFFFC3881B07AA
:1022400039D570B51D4D1E4C28682DED028B08EE5A
:10225000101AFFF797FCF8EE487A08EE900A17EE8E
:10226000901A2868FFF792FCF8EEE88A04F1080655
:102270002388286807EE903AB8EE678AFFF782FC59
:1022800007EE900AF8EEE77A67EE887A87EEA87A8A
:10229000BCEEC77A17EE103A24F8023BB442E7D1FD
:1022A000084B0749186808220123FDF75DF8BDECCB
:1022B000028B002070BD0448704700BF64B9002045
:1022C00068B9002070B9002016FCFFFF08B5C3886C
:1022D0001B0701D4064808BD064B1868FFF78CFCA5
:1022E00007EE900AFCEEE77A17EE900A08BD00BFF1
:1022F00016FCFFFF64B900200368244A9B6A9342DE
:1023000010B5044630D1C3885B052CD4E068B0B169
:10231000F9F722FB98B9E068E388026843F4806328
:102320001268E38021469047194BE2681B6803B1AD
:102330000C339A421CD0227D0023E36000E0227D12
:10234000144B202A38BF4FF0A04302F01F0203EBCA
:102350008203E288D3F8001702F4306221F440319E
:10236000C3F80017E28010BD98470028CED010BDFA
:10237000094B227D181D4FF0FF0C13F9011B9142F0
:1023800008BF03F801CC9842F7D1D5E70D710300DF
:1023900064B9002000030050A020002002680F490B
:1023A000D26B8A4208B513D1C3881B0701D40C48ED
:1023B00008BD0C4B1868FFF71FFC07EE900AFCEEF7
:1023C000E77A094B17EE900AA3FB0030800908BD9D
:1023D0009047054BA3FB0030800908BDCD220400C7
:1023E0003689410064B90020D34D621070B505688C
:1023F000154E6B6CB34204461FD10A46017D134B48
:102400004271202938BF4FF0A04301F01F0103EBB8
:102410008103012AD3F8001721F00C010AD0022A07
:1024200008BF41F00C01C3F8001720466B68BDE8F7
:102430007040184741F00401F5E7984725682046A9
:102440006B68BDE87040184751200400000300503D
:1024500038B5C388DB07044606D5C06800283FD0DE
:10246000F9F77AFA00283BD1236820461B6E98477B
:10247000227D294B2068202A38BF4FF0A04302F06C
:102480001F0103EB8103456CD3F80017234821F0AB
:102490000301C3F80017E188854241F00101E180A2
:1024A00002F01F0C617930D1D3F80007012920F028
:1024B0000C0027D0022908BF40F00C00C3F8000729
:1024C00015491F2A8CBF0A464FF0A0420123D2F8BB
:1024D000102503FA0CF3134214BF0120002038BD6D
:1024E000237D0D4A202B38BF4FF0A04203F01F037D
:1024F000D2F81015012202FA03F30B4214BF104662
:10250000002038BD40F00400D8E72046A847227DCF
:1025100002F01F0CD4E700BF00030050512004005C
:1025200038B515464FF48072C280018100220E49F1
:1025300003712F2D4FF00103C0E9032204460575F6
:10254000016043710CD80949094B41F825404FF00F
:102550000042C3F80423074B402220461A6038BDCE
:102560003220F7F7C1F9EEE740D404009CB8002010
:102570000060004000E100E00379DB074FD52DE962
:10258000F041C388DA0682B004460D463CD4236885
:1025900020461B6E9847012D236842D05B68204679
:1025A000984723682420D3F85C8008F088FD002336
:1025B000CDE900332146012322890746FAF7E0FDE1
:1025C0002F4B984507F10C064CD1E3689E4207D08B
:1025D0001BB1236820461B6E984701233B74E660BD
:1025E000E38823F400639BB243F01103012DE380E1
:1025F00011D0002E42D056F80C3CDB69A6F10C003D
:1026000002B0BDE8F0411847C3F3C0238B42BED1EE
:10261000012DC668EDD1002EEDD13368FFDE1948DB
:1026200070473420D3F85C8008F049FD164B2146F2
:102630001A6840F6AC530746FBF7CEFE104B9845A0
:1026400007F10C0614D1E3689E4207D01BB1236842
:1026500020461B6E984701233B74E660E38843F4F1
:102660000063C1E7314601222046C047E668B7E76C
:1026700031462A462046C047E668EFE73368FFDE6A
:10268000511F040016FCFFFF5CB90020C188C1F394
:10269000C021FFF771BF00BF10B5C388590684B0D1
:1026A000044614D49A060AD41B0606D5236923B11E
:1026B000012004B0BDE81040184704B010BD01234C
:1026C000218902226846FDF7F3FAE388ECE70189E5
:1026D000002305226846FDF7EBFAE3684BB1D96A9F
:1026E000029ADA626846521A0023CDE90223FDF706
:1026F00037FBE388D6E700BF10B5C388590684B01E
:10270000044614D49A060AD41B0606D5236923B1BD
:10271000002004B0BDE81040184704B010BD0123EC
:10272000218903226846FDF7C3FAE388ECE70189B3
:10273000002304226846FDF7BBFAE3684BB1D96A6F
:10274000029ADA626846521A0023CDE90223FDF7A5
:1027500007FBE388D6E700BF2DE9F04BD0F8204512
:1027600084B006466CB3DFF890800D4601274FF029
:102770001F0BB4FA84FCABEB0C03591907FA03F2F4
:1027800058F8219024EA0204B9F1000F17D0B9F8E3
:10279000062012F0E00F06EB83030ED0D3F80027DB
:1027A00082F48032C3F80027D3F80037DA034846B2
:1027B0001CD5FFF771FFB9F80620930508D4002C4B
:1027C000D5D14FF0FF33C6F8203504B0BDE8F08B0B
:1027D000F8F75EF90028F2D00123052240F2FF311C
:1027E0006846FDF765FA002CC1D1EAE7FFF784FFE0
:1027F000B9F80620E1E700BF9CB8002008B5094BF6
:10280000D3F87C2102B908BD0021C3F87C114FF038
:10281000A040FFF7A1FFBDE8084003482021FFF7D3
:102820009BBF00BF0060004000030050C38813F04E
:10283000E00F70B504460D4621D103685B689847E8
:10284000227D3A49202A02F01F0338BF4FF0A041F1
:1028500001EB830302F01F02D3F8006726F4403631
:10286000C3F8006788BBD3F8000740F40030C3F812
:102870000007012303FA02F2E388C1F820255A0673
:102880000ED423F0E0039BB2022DE38018D0032D79
:1028900022D0012D17D143F08003E380002070BDCA
:1028A000032D37D0E068036821461B689847E3880A
:1028B00023F0E00300229BB2022DE260E380E8D126
:1028C00043F02003E380002070BDD3F8000740F4FC
:1028D0004030C3F80007CCE743F04003E3803020EA
:1028E00008F0EDFB2146054606F002FAF9F79EFED8
:1028F00023680F4ADE6DE862964212D1E268954283
:10290000E1D012B11B6E2046984701232B71E56080
:10291000002070BD23F0E00343F04003E38000207B
:1029200070BD012229462046B047CCE70003005085
:10293000511F0400032910B50C460BDC00291ADCDA
:1029400016D1C28812F0F00219D003681B6E9847A6
:10295000204610BD04290BD102680B49D26A8A4275
:102960000FD1C188C1F3C021FFF706FE002010BDC2
:102970006FF47A7010BDFFF759FF002010BD1046AC
:1029800010BD9047002010BD8D26040038B50368A7
:1029900004465B680D469847E3885B0609D42368C4
:1029A0000A4A5B6D93424FF00301204607D1FFF7BF
:1029B0003DFFE0682946BDE8384006F0B3B99847C6
:1029C000E0682946BDE8384006F0ACB93529040076
:1029D000072913D8027D0B4B202A38BF4FF0A043A4
:1029E00002F01F0203EB82030020D3F8002722F439
:1029F000E06242EA0121C3F8001770476FF47A7071
:102A0000704700BF00030050007D0B4B002914BF2E
:102A10004FF440710021202838BF4FF0A04300F050
:102A20001F0003EB80030020D3F8002722F4E062AC
:102A30000A43C3F80027704700030050027D0B4B88
:102A4000202A38BF4FF0A04302F01F0203EB82039D
:102A5000D3F8000720F44030C3F80007D3F800276C
:102A600042EA0141C3F80017704700BF000300505D
:102A7000F0B5164C236883B02BB1154D2E688EB17E
:102A8000002003B0F0BD442008F019FB0546FCF718
:102A90004DFC284625600E4D0321FCF7F5FB2E6802
:102AA000002EEDD1382008F00AFB132307462268D8
:102AB00000930849084BFEF78DFF38460122314646
:102AC0002F60FFF7A1F8002003B0F0BD70B900201F
:102AD00064B9002000C001400000484203799B0710
:102AE00063D5B1F5806F2DE9F0410E465FD2C38802
:102AF0001A07054641D52F4F297D3A464FF0FF343E
:102B0000002312F9010B884208BF1C460133042B35
:102B1000F7D1631C35D0DFF8B480E86840B3F8F72C
:102B20001BFF28B3D8F80000FFF72CF807EE906AD7
:102B30009FED216A2149224BB8EEE77AF7EE007A41
:102B4000E7EE467AF0EE676A07EE900AF8EEE77A6B
:102B5000186867EEA67A0123FDEEE77A17EE902A51
:102B600021F814200822FCF7FFFB0020BDE8F081CB
:102B7000EB8843F00803EB80D4E703681B6E9847AB
:102B8000B9E72846FFF774FF0E4BDFF840801C784A
:102B9000D8F80000013404F003041C7022462B7D99
:102BA0003B552946FFF76CF9B7E7074870476FF4C4
:102BB0007A70DBE7A02000200000803A68B900208E
:102BC00070B900202121002016FCFFFF64B900200D
:102BD00070B5184D2DED028B044608EE101AFFF764
:102BE00047FF2868FFF708F8DFED137A07EE100AB1
:102BF000B4EE677AF1EE10FA15D1DFED107A9FEDA1
:102C00000E7A2368B8EE488A204628EE278ADB68C9
:102C1000C8EE077ABDEC028BBDE87040FDEEE77AA6
:102C200017EE901A184717EE901A2868FEF7AEFFB5
:102C3000E3E700BF64B9002000409C4600008044E8
:102C400021B9436E4FF40472C3F808230020704783
:102C5000B1F5614F34D00DD847F61223994229D0EF
:102C6000B1F5164F13D14FF41D03426E0020C2F888
:102C700024357047B1F5612F1FD0134B994211D104
:102C8000426E4FF080530020C2F824357047426EE8
:102C90000E4BB1F5165F18BF4FF0EB730020C2F872
:102CA00024357047B1F5613F14BF4FF0EB734FF01F
:102CB0006C73DAE74FF40003D7E74FF07063D4E7A3
:102CC0004FF46B03D1E700BF40420F0000502700D4
:102CD00070B504460E4615462046F9F7E9F9002876
:102CE000FADC94F83C3003F0FF00002BF4D1636E63
:102CF000317D2A7DC3F80C15C3F8142570BD00BFC3
:102D000010B584B004468DF8071002E094F83C300A
:102D10001BB100F095FE0028F8D000F091FE636E24
:102D200060B10022C3F82021D3F820110391039948
:102D3000C3F85821D3F858210292029A01220DF1CA
:102D4000070184F83C20C3F84415C3F848259A606D
:102D500000F076FE98B1636E00E091B9D3F82021BF
:102D6000D3F85811002AF8D059B90122DA60D3F803
:102D70005821002AFBD00020002384F83C3004B006
:102D800010BD0148F8E700BF09FCFFFF0021F9F77B
:102D90002FB900BF90F83C3003B1704710B584B034
:102DA0000446F9F785F9B8B1A28EA38E94F83010D5
:102DB0009BB20133B3FBF1F001FB103392B22068F8
:102DC000E16A9BB2A386895C836920469847A38EFB
:102DD000628E9BB29A4201D004B010BD0123022240
:102DE00040F2FF316846FCF763FFF5E710B5A9B97B
:102DF000C3895A07044617D5636E04F144012022A3
:102E0000C3F834150020C3F838254FF404710122AB
:102E10002064C3F804131A60002010BD0129FBD1FF
:102E2000FFF7B8FF002010BDF8F72AFFE3895B0722
:102E3000E2D4002010BD00BF10B5224B224A044648
:102E4000406E236003F13C01A16082B0C0F808230A
:102E500000F0E2FE00280DDB43091C49012220336B
:102E600000F01F0002FA00F041F82300BFF34F8F7B
:102E7000BFF36F8F636ED3F80022012122F020028E
:102E80000020C3F800225960C3F85801D3F8582134
:102E90000192019AD960D3F85821002AFBD04FF053
:102EA000FF320021C3F800151846C3F80C25C3F8FB
:102EB000142500F083FE2046F9F70AF9204602B0F7
:102EC00010BD00BFB4D404001403420000E100E0D0
:102ED000A0F10800FFF7B0BF10B50446FFF7ACFF44
:102EE000204608F0E6F8204610BD00BF10B5A0F15E
:102EF00008042046FFF7A0FF204608F0DAF8204635
:102F000010BD00BF70B50446406E0E4600F084FE52
:102F1000054646B3E18911F0200124D12368384ADF
:102F20009B68934268D1636E4FF40472C3F8082320
:102F30002046F9F7BDF80028FADC94F83C30002B65
:102F4000F6D1002D47DB6B092E490122203305F015
:102F50001F0502FA05F541F82350BFF34F8FBFF369
:102F60006F8F002070BD002D0DDB6B099B0003F1FE
:102F7000604303F5614305F01F05012202FA05F5E0
:102F8000C3F880511D6023681F4D5B68AB422BD195
:102F9000E3895A0721D5636E04F144022021C3F866
:102FA0003425C3F838154FF4047200212164C3F8A6
:102FB000042301221A602046F9F77AF8002806DD7A
:102FC00023685B68AB4213D12046FFF7E3FEA16B99
:102FD0002046F9F75FF8002070BD2046F8F750FE54
:102FE000E3895B07E7D5D6E7002120469847E2E76B
:102FF000012120469847EAE72046984798E700BF16
:10300000412C040000E100E0ED2D0400A0F10800D7
:10301000FFF778BFF0B50C268DB01D461423CDE91F
:103020000036044616460F46F8F792FF4A4A2260D9
:1030300000233C3284F83C30A26063662364002D98
:103040007ED0284600F078FD0390606600287DD091
:103050004FF0EB73C0F824350023C0F86C352046E0
:10306000F9F726F80028FADC94F83C3003F0FF0565
:10307000002BF4D1606E3A7D337DC0F80C25C0F88A
:103080001435C0F80851D0F808310B930B9BC0F8E9
:103090001051D0F810310A930A9BC0F82051D0F893
:1030A00020310993099BC0F82451D0F824310893AA
:1030B000089BC0F84451D0F844310793079BC0F8EF
:1030C0005851D0F858310693069BC0F84C51D0F8AF
:1030D0004C310593059BD0F80032204D204943F038
:1030E0002003C0F800322246C0F8045300F0C8FDA7
:1030F000606E00F091FD00281BDB430900F1604287
:1031000002F561429B0003F16043202182F8001325
:1031100003F5614300F01F00012202FA00F0C3F83A
:1031200080011860636E08222046C3F800250DB0A8
:10313000F0BD0C4B00F00F00034420221A76F1E79B
:10314000102000F017FD6066002881D15A20F6F7A4
:10315000CBFB606E7CE700BFB4D4040014034A00CC
:10316000B1310400FCEC00E030B5436ED3F83C55BF
:10317000026CAA4283B0044606DA0022C3F8082192
:10318000D3F808310193019B236C9D420BDD236C26
:103190005A1C2344226493F844102046F8F7EAFCB2
:1031A000236CAB42F3DB0023236403B030BD00BFCC
:1031B00070B5456ED5F8083188B00446B3B1002625
:1031C00010E0C5F80861D5F808310193019B236C24
:1031D0005A1C2344226493F84410F8F7CBFCD5F82A
:1031E00008311BB1236C1F2B2046EADDD5F81031C6
:1031F000002B3AD1D5F84C3173B10023C5F84C31CE
:10320000D5F84C31626E0393202104F144030398F6
:10321000C2F83435C2F83815D5F8243153B100233B
:10322000C5F82431D5F824310493049BD5F88034B3
:10323000C5F88034D5F8443133B10023C5F84431A2
:10324000D5F844310593059BD5F82031C3B9D5F89D
:10325000583143B10023C5F85831D5F858210792A9
:10326000079A84F83C3008B070BD0023C5F81031CF
:10327000D5F8103102932046029BFFF775FFB9E79E
:103280000023C5F82031D5F820210692069A84F84B
:103290003C302046F8F70CFF002802DC0123EB60ED
:1032A000D5E72046F8F7BEFCD1E700BF10B5034BC9
:1032B00003600446FBF73EFA204610BD14D5040017
:1032C00010B5054B03600446FBF734FA204607F0BF
:1032D000F0FE204610BD00BF14D5040010B5044612
:1032E000D4E90E2352694FF47A50002BD2F84415DA
:1032F000C2F8440522DA1A4A0021C2F81015626B9E
:10330000013393FBF2F102FB1133E36300F0ACFBFA
:10331000D4E90E2352690121002BD1600ADB02336C
:103320000F4A54F82330DB691B7D1B0243F0011365
:10333000C2F81035BDE8104000F088BB023354F8E5
:103340002300FBF7AFF8E36B054A0021C2F8101524
:10335000002BD4D1626B012AD2D14FF0FF33D4E7D6
:103360000060004082B08DE80C00436B13B102B0E6
:10337000FFF7B4BF02B0704770B5104C236886B039
:1033800073B102AD2846FCF7E1FC24680C4B2268BF
:10339000566A9E4206D1636B13B12046FFF79EFF2B
:1033A00006B070BD06AB13E903008DE803002046AC
:1033B00095E80C00B04706B070BD00BF74B900209E
:1033C0006533040070B50D4611460446FBF708FA54
:1033D0001C4A2B681C499B6B14600026C4E90E56DE
:1033E0002160284631469847A06B184D03684FF47A
:1033F0007A51DB6C9847A06B03684FF47A52DB6B11
:1034000031469847A06B124B42690168C3F82055BA
:103410004432C3F824250422C3F80425CB690D4A9D
:10342000934209D10C4BC3604B6A9847A06B036869
:103430009B6A9847204670BD07499847A06B016872
:10344000F2E700BF74B9002014D504000061004009
:1034500000F00140014003007933040038B50D4607
:103460000446FBF7D1F800212846FAF7FBFF636B0F
:10347000012B03D1A06B03685B6B9847002038BD1C
:1034800038B50D460446FBF775F800212846FAF7D3
:10349000E9FF636B13B9024AC2F81035002038BD4A
:1034A00000600040007A704790F91030002B11DB6B
:1034B0005A0910B460320A4C03F01F03012101FACB
:1034C00003F344F8223043695DF8044B01220020E5
:1034D0001A607047436901221A600020704700BFDC
:1034E00000E100E090F91030002B08DB5809054995
:1034F00003F01F03012202FA03F341F820300020F9
:10350000704700BF00E100E090F91030002B0DDBA8
:103510005A0907480121203203F01F0301FA03F37F
:1035200040F82230BFF34F8FBFF36F8F00207047FA
:1035300000E100E0012904D0022902D009B10020F5
:10354000704743690020C3F804157047437A013B74
:1035500099420FDC10B44FF48033446901F5A87030
:1035600003FA01F144F820200020C4F804135DF8A8
:10357000044B70476FF47A70704700BF437A013B89
:10358000994212DC10B4446904EB8100D0F8403554
:103590001A444FF4803303FA01F1C0F840250020AB
:1035A000C4F804135DF8044B70476FF47A707047E9
:1035B000437A013B994208DC42694FF4803303FAB5
:1035C00001F1C2F80813002070476FF47A70704759
:1035D000032907D8DFE801F0171009024369032225
:1035E000C3F8082501720020704743690222C3F81E
:1035F000082501720020704743690022C3F808259E
:1036000001720020704743690122C3F80825017246
:103610000020704710B5044A026000230446C380AE
:10362000F6F770FC204610BD00CB040010B5064A2A
:10363000026000230446C380F6F764FC204607F0CE
:1036400038FD204610BD00BF00CB040090F91030BB
:10365000002B09DB03F1604303F561434901C9B263
:1036600083F8001300207047044A03F00F031A4444
:103670004901C9B211760020704700BFFCEC00E0A0
:10368000B1F57A5F13D800234FF47A5C2CFA03F279
:10369000914204D342690020C2F8103570470133CB
:1036A000092BF3D142690020C2F8103570476FF43E
:1036B0007A7070470368104A1B6B934210B504463A
:1036C00017D190F91030002B0DDB5A090B4801215E
:1036D000203203F01F0301FA03F340F82230BFF356
:1036E0004F8FBFF36F8F636901225A6000201A6108
:1036F00010BD9847F7E700BF0935040000E100E07E
:1037000090F91020002A70B5044636DB53099B005F
:1037100003F1604301682148096B03F5614302F03E
:103720001F021D68814225FA02F505F0010521D12D
:10373000012101FA02F2C3F88020BFF34F8FBFF3DB
:103740006F8F63690122DA64D3F84C657DB1236819
:1037500013499B6A8B421CD194F91030002B06DB75
:10376000590903F01F039A400E4B43F821203046BD
:1037700070BD002520468847E3E70268074B116BC0
:103780009942F6D143690122DA64D3F84C65304698
:1037900070BD20469847304670BD00BF0935040013
:1037A000E534040000E100E090F91020002A38B56B
:1037B000044635DB53099B0003F1604301681F4851
:1037C000096B03F5614302F01F021D68814225FA6F
:1037D00002F505F001052AD1012101FA02F2C3F830
:1037E0008020BFF34F8FBFF36F8F62690123D360D7
:1037F000D368002BFCD18DB12368114A9B6A934298
:1038000018D194F91030002B08DB58090D4903F04A
:103810001F03012202FA03F341F82030002038BDD3
:103820000268064B116B99424FF00005DDD020462F
:103830008847DAE720469847002038BD093504005C
:10384000E534040000E100E010B5034629B390F927
:10385000101000291FDB4A09920002F1604202F5B4
:10386000614201F01F01146824FA01FC1CF0010FF1
:1038700011D0C488036844F001041B6BC480164C4B
:10388000A34226D1012303FA01F1C2F88010BFF34D
:103890004F8FBFF36F8F002010BDC288D107FAD5BC
:1038A00019680E4C896A22F00102A142DA800ED119
:1038B00093F91030002BEEDB58090949012203F07F
:1038C0001F0302FA03F341F82030002010BD88479F
:1038D000E1E79847DFE700BF09350400E53404005D
:1038E00000E100E00F4B70B553F82050CDB100233C
:1038F0006C6918464FF0010E1E4604EB83020EFA67
:1039000003FCD2F84011013321B14CEA0000C2F8A7
:103910004061C0B2042BF0D1EB6813B1BDE8704038
:10392000184770BD78B900200020FFF7DBBF00BF4B
:103930000120FFF7D7BF00BF0220FFF7D3BF00BFB2
:103940000320FFF7CFBF00BF0420FFF7CBBF00BFAE
:10395000F8B5344B03600027476004460E46154611
:10396000F6F762FA304A3149E76003239642637200
:1039700066612574216049D002F58052964235D0A7
:1039800002F58032964243D1294A002D42F8234065
:1039900032DB6809274B0121203005F01F0501FAB1
:1039A00005F543F82050BFF34F8FBFF36F8F94F9A5
:1039B00010506669002D7160316120DB2B4440227C
:1039C00083F8002301234FF47A52092B22FA03F1E2
:1039D00003F1010002D0B1F57A7F20D80322C6F8A6
:1039E00010352046C6F808252272F8BD104A022379
:1039F000002D42F82340CCDA0123736033610E4B73
:103A000005F00F052B4440221A76DBE70123BBE7C4
:103A10000A4B9E4218BF3B46B6D10423B4E7034687
:103A2000D3E700BF00CB04000090004044D5040061
:103A300078B9002000E100E0FCEC00E000B00140BB
:103A4000014B93F90000704785BD0020054A1378AB
:103A5000013B5BB2002B01DD137070470023137034
:103A600062B6704785BD002072B6024A13780133F2
:103A70001370704785BD002020BF70474FF0805302
:103A8000596E186E704700BFBFF34F8F0549064B44
:103A9000CA6802F4E0621343CB60BFF34F8F00BFEC
:103AA000FDE700BF00ED00E00400FA05704700BF2D
:103AB00008B50B4B0122C3F84025022100229300D8
:103AC00003F1A0430132202AC3F80017C3F8001AFB
:103AD000F5D1FFF7EBFFBDE80840D8F71DBF00BFE9
:103AE00000E0014000487047000002204020F7F746
:103AF00035B900BF8163704741637047C163704748
:103B0000C06B7047EFF30880704700BF406B704791
:103B1000C0E900128360704710B5054B054C4FF4A7
:103B20008072A168184607F004FBA06010BD00BFBA
:103B30000022002000ED00E030B50C4D0C4A2C684E
:103B4000864605234FF0010C0CFA03F1214203F1E4
:103B5000FF3302D1D06B704505D0591CA2F10C0285
:103B6000F2D1002030BD2143296030BD90B9002042
:103B70009CD50400F0B40F4D0F4E2C68324605233F
:103B80004FF0010C0CFA03F1214202D1576C38427C
:103B900007D1013B591CA2F10C02F3D10020F0BC6B
:103BA000704703EB4303214356F823002960F0BC20
:103BB000704700BF90B900209CD50400144B984278
:103BC00015D003F5E04398421AD0A3F53433984258
:103BD00018D003F50433984216D0B0F1402F15D019
:103BE000A3F50033984208BF002001D0704705209C
:103BF000084901220B68824023EA02030B607047E8
:103C00000420F5E70320F3E70220F1E70120EFE7C6
:103C10000080024090B9002008B5174B984218D098
:103C2000B0F1402F1ED003F5003398421CD0A3F50D
:103C3000043398421AD003F53433984218D0A3F5D0
:103C4000E043984216D05A20F5F74EFE4FF0FF3071
:103C500008BD0023094A03EB430302EB830393F9F6
:103C6000040008BD0123F5E70223F3E70323F1E78E
:103C70000423EFE70523EDE7003000409CD5040066
:103C800038B5184B98420D46144620D0B0F1402F5D
:103C90001FD003F5003398421DD0A3F5043398429A
:103CA0001BD003F53433984219D0A3F5E043984272
:103CB00008BF052304D05A20F5F716FE4FF0FF3356
:103CC00009490A4A41F8235042F8234038BD0023ED
:103CD000F6E70123F4E70223F2E70323F0E70423E6
:103CE000EEE700BF0030004094B90020ACB90020DE
:103CF000024A034B10681B68184700BFACB900208C
:103D000094B90020024A034B50685B68184700BF13
:103D1000ACB9002094B90020024A034B90689B681C
:103D2000184700BFACB9002094B90020024A034BE9
:103D3000D068DB68184700BFACB9002094B90020F8
:103D4000024A034B10691B69184700BFACB9002039
:103D500094B90020024A034B50695B69184700BFC1
:103D6000ACB9002094B90020002815D00060416053
:103D70008260C360046145618661C7614446046234
:103D80004C464462544684625C46C46264460463A2
:103D90006E46466374468463002906D0C46B043CB7
:103DA000043925680D60B442F9D1946BA646566B70
:103DB000B546002B06D0D46B043C043B1D6825603F
:103DC000B442F9D1146BA446D46AA346946AA246BD
:103DD000546AA146146AA046D76996695569146960
:103DE000D3685168106892687047006041608260D3
:103DF000C360046145618661C761444604624C4604
:103E00004462544684625C46C462644604636E46FF
:103E1000466374468463C46B043C043925680D60B2
:103E2000B442F9D1C7698669456904697047006081
:103E300041608260C360046145618661C761444638
:103E400004624C464462544684625C46C4626446E2
:103E500004636C4644637446846304697047846BEE
:103E6000A646446BA546046BA446C46AA346846A6E
:103E7000A246446AA146046AA046C76986694569A4
:103E80000469C36882680068416870470649074A48
:103E9000074B9B1A03DD043BC858D050FBDC00F0F5
:103EA00041F8FFF705FE0000E0DB040040200020A1
:103EB00000220020FEE7FEE7FEE7FEE7FEE7FEE762
:103EC000FEE7FEE7FEE7FEE7BFF34F8F0549064B2F
:103ED000CA6802F4E0621343CB60BFF34F8F00BFA8
:103EE000FDE700BF00ED00E00400FA054FF080524E
:103EF000D2F83031591C05D00D2BD2F834010BD03B
:103F0000002070474FF07043D3F8E80F93F8E03F7C
:103F10000D2BC0F30310F3D101288CBF002001202A
:103F2000704700BF08B5FFF7E1FF40B14FF0804395
:103F30000022C3F80C21C3F81021C3F83825FFF77D
:103F4000D5FF002846D04FF08052594BD2F80414C8
:103F5000C3F82015D2F80814C3F82415D2F80C14AD
:103F6000C3F82815D2F81014C3F82C15D2F814147D
:103F7000C3F83015D2F81814C3F83415D2F81C144D
:103F8000C3F84015D2F82014C3F84415D2F824140D
:103F9000C3F84815D2F82814C3F84C15D2F82C14DD
:103FA000C3F85015D2F83014C3F85415D2F83414AD
:103FB000C3F86015D2F83814C3F86415D2F83C146D
:103FC000C3F86815D2F84014C3F86C15D2F844242D
:103FD000C3F87025FFF78AFF48B14FF08043D3F84C
:103FE0000024D10744BF6FF00102C3F80024314A16
:103FF000D2F8883043F47003C2F88830BFF34F8F93
:10400000BFF36F8F4FF01023D3F80C22D20731D4B7
:10401000D3F80022002A07DBD3F80432002B03DB9D
:10402000254B264A1A6008BD254A0123C2F80435EB
:10403000D2F80034002BFBD04FF010231221204A7D
:10404000C3F80012D2F80034002BFBD04FF010233D
:1040500012211B4AC3F80412D2F80034002BFBD003
:1040600000231749C2F80435D1F80034002BFBD0E7
:10407000FFF72AFF124A0123C2F80435D2F80034B0
:10408000002BFBD04FF010210D4AD1F80C3223F059
:104090000103C1F80C32D2F80034002BFBD000230E
:1040A0000749C2F80435D1F80034002BFBD0DFE714
:1040B00000C0004000ED00E0A82000200090D003E8
:1040C00000E00140037F0BB10020704730B504468B
:1040D00083B0A2611A480D4600F070F8194B1A68B7
:1040E0005B688018184AD2E9001243F10003884245
:1040F00073EB020203D210F1807043F10003281821
:10410000226943F10003C4E9020302B125610F48AB
:1041100001A900F097F8034648B100250B481D702F
:104120005C6001A900F0C0F820B903B030BD0420E4
:1041300003B030BD024800F045F8284603B030BD5A
:10414000AC2000205836002060360020C4B9002082
:1041500030B5044683B000250C48257701A900F04E
:1041600071F880B103460122027001A907485C6022
:1041700000F09AF808B903B030BD054800F022F805
:10418000284603B030BD042003B030BDC4B90020C0
:10419000AC200020014800F00DB800BFAC2000208A
:1041A000014800F003B800BFAC20002003680122E2
:1041B0001A607047036801225A6070470368D3F899
:1041C0000405704790F90430002B09DB5A090548B3
:1041D00003F01F030121403201FA03F340F82230BB
:1041E000704700BF00E100E0024A034B10681B6803
:1041F000184700BFD4B90020DCB90020D2B1136841
:10420000DB43D9B1014410B40D4C013801F1FF3C3E
:1042100010F8011F08224B405908DB074CBF81EA08
:1042200004030B46013AF7D16045F1D1D8435DF85C
:10423000044B70474FF0FF330029E3D1D843704758
:104240002083B8ED10B483B050E8013F1FFA83FC1F
:10425000C489A4448489A44528BFACEB040C048918
:10426000A44502BFBFF32F8F002207E0CCEA030C66
:1042700040E801C4002CE7D14FF001028DF8032083
:104280000193019C9DF803200C6032B1006810FA84
:1042900084F003B05DF8044B704702F0FF0318464A
:1042A00003B05DF8044B70470A884B889A4201D0EE
:1042B0000020704750E8012FC2EA024240E8012383
:1042C000002BF7D10120704710B483B050E8023FB3
:1042D0001FFAA3FCC488A44502BFBFF32F8F00229E
:1042E0000EE0C489A4448489A44528BFACEB040C27
:1042F000C3EA0C4C40E802C4002CE7D14FF00102A5
:104300008DF803200193019C9DF803200C6032B1CD
:10431000006800EB144003B05DF8044B704702F0F6
:10432000FF03184603B05DF8044B70470A884B88BA
:104330009A4201D00020704750E8022FC2EA224280
:1043400040E80223002BF7D10120704733DF70478C
:10435000F8B5264E04460121304603F007FBBFF3B3
:104360005F8FD8B9042C3AD0214B1A7832BB214F39
:1043700001223C701A70204D6B682BB90FE000F0E1
:104380004BF86B683C7853B11B682046984703464E
:104390002846002BF3D1BFF35F8F3360F8BD023C9A
:1043A000012C0FD902F082F9E0B94FF080430122CD
:1043B000C3F80025BFF34F8F20BFFDE7BFF35F8F2A
:1043C0003060F8BDBFF34F8F0C490D4BCA6802F443
:1043D000E0621343CB60BFF34F8F00BFFDE7054F93
:1043E0003C78C8E7FFF7B2FFDFE700BFE8B900207D
:1043F00087BD002086BD0020E0B9002000ED00E070
:104400000400FA05D1E900329342C0E9001304BF69
:1044100000234360704700BF436843B10268D2E99C
:1044200001210B449342436004BF00234360704763
:1044300010B4019C6388834212D38B4210D840F29F
:10444000F3118A42A08894BF931A531A834207D863
:104450000A44824234BF002001205DF8044B7047BB
:1044600000205DF8044B704710B50B46497A82B0C6
:10447000024691B9104C93F808C0D4E90110BCF180
:10448000000F18BF01465868FFF71CFE88B1A369EA
:104490007BB102B0BDE810401847074949690020C8
:1044A000187231B101238DF80430ADF8062001A84F
:1044B000884702B010BD00BFECB9002070B503887A
:1044C000122B82B050D015D8102B2AD0112B0FD11F
:1044D000394C828823889A420AD16068FFF738FEF7
:1044E00018B1364B9B6903B198474FF6FF73238091
:1044F00002B070BD502BFBD1304CC288E3899A4288
:10450000F6D1038A022BF3D12B4D83882E889E424D
:10451000EED1123000F032FA002844D0294630465D
:1045200033E0C37B012BE3D1234C22884FF6FF738A
:104530009A422FD18588224B1030009003CB002265
:10454000C4F80E10C4F80A00238A2272A189E289F5
:1045500060892580FFF76CFF184B6072DB89002BA8
:10456000C6D12146284610E0134C838825889D42F9
:10457000BED10830A189238A0090E2896089FFF7C3
:1045800057FF034621462846637202B0BDE87040DB
:10459000FFF76ABF094B9B69002BA9D0042002B02A
:1045A000BDE8704018476868FFF7D2FD00289FD02B
:1045B000A369002BF3D19BE708BA0020ECB90020D7
:1045C0001CBA002070B582B006460191019D6DB104
:1045D00000242546214601A803F074F918B106EB22
:1045E000450301359C800134142CF3D130463560ED
:1045F00002B070BD2DE9F04F0388B0F80480103B85
:104600008DB007460A2B31D8DFE803F0064730307B
:1046100030303030304E3300364EB368DB430093D9
:104620007168684603F0C4F9009901A8FFF7CAFF52
:10463000DDF804A0BAF1000F12D00DF106097C36A6
:104640004FF0000B39F8025F2B4C2046294604340A
:1046500003F02CF9A642F8D10BF1010BD345F1D1AF
:10466000B8F1130F29D9042002F064FA0DB0BDE8A7
:10467000F08F037A21483F2B4FEA131441462CD97F
:1046800003F0FAF81E48414603F0F6F81D4841468B
:104690000DB0BDE8F04F03F0EFB81B4841460DB038
:1046A000BDE8F04F03F002B9037A002BDED1437A64
:1046B00012481B074146F2D5EAE71348414603F08A
:1046C000DBF80D48414603F0D7F8FB7B012BCDD03A
:1046D0000E48414603F0D0F8C8E703F0E7F8032C92
:1046E000D0D00748414603F0E1F8022CCED005486F
:1046F0004146D4E724BA002028BA00203CBA002062
:1047000038BA002034BA00202CBA002030BA002079
:104710001328014601D900207047014803F0D2B8A0
:1047200028BA00201328014601D90020704701480B
:1047300003F0C8B828BA0020132801D90020704718
:1047400010B504462146074803F0BCF808B900201C
:1047500010BD2146044803F0B5F8002814BF02201C
:10476000012010BD28BA00202CBA0020132801D93E
:104770000020704710B504462146064803F0A2F811
:1047800008B9002010BD21460348BDE8104003F0E1
:1047900099B800BF28BA002034BA0020132801D9E4
:1047A0000020704710B504462146064803F08AF8F9
:1047B00008B9002010BD21460348BDE8104003F0B1
:1047C00081B800BF28BA002038BA0020132801D9C8
:1047D0000020704710B504462146064803F072F8E1
:1047E00008B9002010BD21460348BDE8104003F081
:1047F00069B800BF28BA00203CBA002030B5094B88
:1048000083B09B68019300252C46214601A8013402
:1048100003F058F800B10135142CF6D1284603B046
:1048200030BD00BF24BA002030B50C4AD36883B035
:10483000DB4300939168684603F0BAF80025009BBB
:1048400001932C46214601A8013403F03BF800B146
:104850000135142CF6D1284603B030BD24BA00200F
:1048600070B50C4E044630460D4603F02BF808B1E7
:10487000132C01D9002070BD2146301D03F022F811
:104880000028F7D0E81D214606EB8000BDE8704007
:1048900003F018B824BA0020F8B50F4F0446384684
:1048A0000D46164603F00EF808B1132C00D9F8BDDA
:1048B0002146381D03F006F80028F8D0E91D07EB63
:1048C000810021461EB1BDE8F84002F0D5BFBDE829
:1048D000F84002F0EBBF00BF24BA0020F0B50F4B48
:1048E00083B09B6801930746A0B1019D7DB100256F
:1048F0000E462C46214601A802F0E4FF034631464D
:10490000A0B201340BB1B8470135142CF2D12846BE
:1049100003B0F0BD0546284603B0F0BD24BA002020
:10492000F0B5154E83B004460F4601463046154695
:1049300002F0C8FF18B90026304603B0F0BD0634B7
:1049400006EB840463680193002FF4D0019B002BD5
:10495000F1D000263446214601A802F0B3FF0346F9
:104960002946A0B201340BB1B8470136142CF2D15C
:10497000304603B0F0BD00BF24BA0020008800F02C
:10498000010070470088C0F34000704790DF704717
:10499000A5DF7047B5DF70478288002A3CD130B56B
:1049A0000388242B85B00C4611D80F2B30D9103B2F
:1049B000142B2DD8DFE803F073942C2C2C2C2C2CEA
:1049C0002C2C2C2C2C2C2C2C2C2C2C9B5F003A2BA4
:1049D00036D0552B1CD1C388C988A272172B38BF7B
:1049E00017238B4228BF0B4623811046FFF7D2FFC7
:1049F000E37A6BB922695AB12189ADF80C1040F6FF
:104A00007720ADF80800ADF80A3002A9204690479B
:104A1000A37A53B905B030BD70471128237B4AD122
:104A2000627B01219A42A17248D3E1880020FFF7FE
:104A3000AFFF0028EED14FF48073638105B030BD25
:104A40004389C98825698B4228BF0B46172B38BF7D
:104A50001723238165B1E17A51B140F67721ADF892
:104A60000810ADF80A20ADF80C3002A92046A8477E
:104A700000236381CEE70B69027A4A73002BC7D00B
:104A800000214DF67A208DF80D10ADF80800ADF834
:104A90000A108DF80C2002A920469847B8E7C27B7F
:104AA0000B790B73012A0CBF2188C988228908BFA2
:104AB000E1808A4232D3627B9A42A9D200209BB223
:104AC0006A4602A9ADF80830ADF80A30ADF80C001E
:104AD000ADF80E000090ADF80400FFF757FF97E720
:104AE000172341F61B32CB808B608A8192E7037AD1
:104AF0000A7B93424FF0000028BF134602A96A4682
:104B0000ADF80830ADF80A30ADF80C00ADF80E0085
:104B10000090ADF80400FFF739FF79E70020FFF7B8
:104B200037FF00287FF479AF0122237BE272C2E7CE
:104B30002DE9F041DFF89C8000238AB04FF6FF702A
:104B4000CDE9003388F8003000F022FC4FF6FF7604
:104B5000B04220D0044648F2096707E000F0C4FBE9
:104B6000204600F015FCB042044614D0A4F5804560
:104B7000ADB26A4602A9284602F054FE0346BB4283
:104B80002046EBD0284602F0D3FD48F2076290425F
:104B9000034618D013B90AB0BDE8F0810022CDE970
:104BA0000522CDE9082207214FF6FF7205A88DF8EE
:104BB0001410ADF818400793ADF8162000F09CF9DA
:104BC0000AB0BDE8F081012388F800300AB0BDE8E2
:104BD000F08100BF88BD0020F0B5FF2887B007D85E
:104BE00001290C4617461E4606D00B1F052B03D97C
:104BF0000725284607B0F0BD0023A0F58040A4F5A6
:104C00008041CDE9013380B289B201AB03AA02F041
:104C1000CDFDF8B901A903A802F026FD0546C8B9E3
:104C2000019BBC705B883B808EB1366878680299C6
:104C30009C00A64228BF2646324606F07AFAB442C5
:104C40000CD803A802F03EFD284607B0F0BD029B39
:104C50007B60F6E70525284607B0F0BD0C25C8E7C0
:104C6000024B0022C3E90022704700BFA0BA002017
:104C700070B5012886B004460E46154602D0031FC3
:104C8000052B1CD8A4F580400E4A80B203A902F07F
:104C9000A9FD20B901A903A802F0E6FC10B100208B
:104CA00006B070BD019AAC70938852882A8003F5D3
:104CB0008043029A6A6003A8338002F003FD01205A
:104CC00006B070BDA0BA002030B5FF2889B006D864
:104CD0008B78012B154606D01A1F052A03D9072405
:104CE000204609B030BDA3F580430A884C689BB2CA
:104CF000A0F58040ADF80A3019460023CDE9034203
:104D0000CDE9003380B26B4605AAADF8080002F089
:104D10004DFDF0B902A905A802F002FD48F20663B4
:104D200004469C421ED007D804BB002DD8D029468B
:104D300005A802F097FDD3E748F207639C4219D01B
:104D400048F20D639C4214BF03241124204609B08D
:104D500030BD02A905A802F0DFFC48F20663044654
:104D60009C42E0D18624204609B030BD0324204671
:104D700009B030BD1124204609B030BD4FF6FF7098
:104D800000F07EBAFF2806D808B500F099FAFFF7C0
:104D9000CFFE002008BD0720704700BF00F0B8BA62
:104DA00000F0C0BA00F0F4BA10B41D4C0023224643
:104DB000B2F800C0844502F10C0208D00133042B84
:104DC000F6D14FF0000C60465DF8044B704703EBE2
:104DD000430C04EB8C0C9CF802208A4213D0013364
:104DE000032B03D9EDE70133042BEAD003EB430295
:104DF0004FEA820C34F822208242F4D1A4449CF879
:104E000002208A42EBD19CF80A209207E7D1DCF815
:104E10000420002AE3D160465DF8044B704700BFD0
:104E2000B8BA002010B582B08278417A04460023D7
:104E30002F48CDE900338DF8022000F02DFD88B316
:104E4000237AA2788DF8022003EB83039B00013ABA
:104E50000190ADF80030072A08D8DFE802F0040717
:104E6000070707042C430123ADF8003022466946AA
:104E700032F8040BFFF728FF112827D005D8A0B17E
:104E8000072818BF032002B010BD86280AD1A37AD4
:104E9000184A23F0030343F001030121A3721170A8
:104EA00002B010BD032002B010BDA37A23F00303AB
:104EB000A37202B010BD2246142332F8040BADF8E1
:104EC00000306946FFF700FF1128D7D1A37A094ABD
:104ED00023F0030343F0020301210020A3721170A9
:104EE00002B010BD838809339B08ADF80030BDE7E0
:104EF000A8BA002089BD00202DE9F047564F06468C
:104F0000C06886B03D463A4600235168884202F1A7
:104F10000C0200F096800133042BF6D10024337884
:104F2000092B00F08180132B57D0082B58D04FF05D
:104F30000008304600F0F8FA304601F06DFA3046CD
:104F400003F06CFA3046454E03F0A4F83378BBB159
:104F5000002434704FF0010904EB440305EB830394
:104F60004FEA440A9B7A9A070DD5384686F8009096
:104F7000FFF758FF98B90134042C07F10C07EBD167
:104F800006B0BDE8F087DB07F5D586F80090B8F1EC
:104F9000000FF0D03846FFF745FF0028EBD054440F
:104FA0004FF6FF7235F82430ADF806208628ADF8AC
:104FB00008304BD007238DF80430039001A800F08F
:104FC000B3FA01A801F028FA01A803F027FA01A812
:104FD00003F060F806B0BDE8F0874FF00108A8E7DD
:104FE000737A002BA3D1002C34D0227A6AB1DFF877
:104FF00070909846617A4144C9B2484600F064FC1A
:10500000237A08F101089845F4D34FF6FF73238003
:10501000A370002363609846A37A23F00303A3726E
:105020004FF47F43238184E7737A002B7FF47FAFB3
:1050300084B1A27A094E636042F00202A2729846DD
:1050400086E703EB430305EB830468E706238DF84B
:105050000430B3E7A0466CE7B8BA002089BD002051
:10506000A8BA00202DE9F84FDFF8B880054643467E
:1050700000241A88AA4203F10C030BD00134042C3B
:10508000F7D12846FFF77EFE10B1072818BF03208E
:10509000BDE8F88F04EB4403214E08EB83034FF681
:1050A000FF774FF0000999782846FFF77DFE834689
:1050B00000B3037A73B14FF0000A9BF80910514412
:1050C0003046C9B200F000FC9BF808300AF1010A32
:1050D0009A45F2D39BF80A30ABF800704FF47F4248
:1050E00023F003038BF80270CBF80490ABF8082090
:1050F0008BF80A30621C032AC3D804EB440408EB83
:10510000840302E00132042ABBD09989A94203F149
:105110000C03F7D102EB420308EB83031446C2E70A
:10512000A8BA0020B8BA00200023FFF755BD00BF81
:10513000002B41D02DE9F0411E46CB1F012B0F461D
:1051400029D8531E032B144625D88046FFF72CFE82
:10515000054698B3037AA3422BD1697AFF291DD063
:105160004FF0000824482C7200F096FB88B304EB43
:10517000840212010332C2F38D02B7707060328074
:10518000B8F1000F04D0082F02D19200063A8280B5
:105190000020BDE8F0810720BDE8F08121461648D7
:1051A00000F026FBFF280146687216D04FF0010878
:1051B000D8E70F20BDE8F0810E207047FF214FF6A1
:1051C000FF70FFF7F1FD054628B1A0F80080877059
:1051D000C3E70320E0E71120DEE7AB7AA9704FF6C2
:1051E000FF72002023F003032A804FF47F4268609F
:1051F0002A81AB721120CFE7A8BA002070B5FFF763
:10520000D3FDE0B1037A05465BB10E4E0024697A06
:1052100021443046C9B200F057FB2B7A01349C423E
:10522000F5D3AB7A4FF6FF724FF47F41002023F0A5
:105230000303AA7029812A806860AB7270BD0520C3
:1052400070BD00BFA8BA0020CB1F012B14D870B5C9
:10525000064610460C461546FFF7A0FD50B1214604
:105260003046FFF7A1FD48B184700580BDE870406D
:10527000FFF7D8BD072070BD07207047052070BD1F
:105280004FF6FF73984210B50DD0FF28044602D99F
:105290004FF6FF7010BD0948214602F0F9FA0028C8
:1052A000F6D1204610BD05484FF4807102F014FB82
:1052B00080B2B0F5807FEBD010BD00BFE8BA00200F
:1052C00008B54FF6FF73984202D0FF28014601D976
:1052D000002008BD034802F0DBFA0028F8D10120C5
:1052E00008BD00BF08BB0020FF2800D9704710B5DB
:1052F00004462146044802F0D9FA21460348BDE895
:10530000104002F0D3BA00BFE8BA002008BB00206A
:10531000FF28014601D900207047014802F0D2BAA7
:10532000E8BA0020F8B54FF6FF7398422AD0013052
:1053300084B2FF2C22D8144D03E09CB2B4F5807FD8
:105340001CD02146284602F0BDFA631C0028F4D088
:105350000E4FA7F120062146384602F0B3FA78B185
:105360000134A5B207E02946304602F0ABFAACB2F0
:1053700001350028EFD1B5F5807FF4D14FF6FF74E9
:105380002046F8BD0024D6E7E8BA002008BB00207C
:1053900038B54FF6FF73984216D0013084B2FF2C17
:1053A0000ED80A4D03E09CB2B4F5807F08D02146A8
:1053B000284602F087FA631C0028F4D0204638BD46
:1053C0004FF6FF74204638BD0024EAE708BB0020F2
:1053D00070B50024064E25462146304602F072FA8A
:1053E0000134B4F5807F0544F6D1284670BD00BF76
:1053F000E8BA0020074B1B7803B9704710B5044684
:1054000003F06CFA204601F027F82046BDE8104072
:1054100002F0DABE8BBD00202DE9F04F87B0834645
:105420004FF6FF708A4691460193FFF7B9FC0423BB
:10543000039302AB0025059304AA03AB062104469F
:1054400002950495FFF7C8FB072844D04FF6FF7775
:105450000346B8464FF0FF360AE0052B15D1FFF79B
:105460009FFC03AB04AA06210446FFF7B5FB0346E5
:105470002046002BF1D1029BAB4224BFA0461D4623
:10548000B3423CBF27461E46E9E74FF6FF739C42F6
:1054900003D0032007B0BDE8F08FA04519D0A74284
:1054A0000CBF05200020BBF1000F01D0ABF800803D
:1054B000BAF1000F01D0CAF80050B9F1000F01D0C5
:1054C000A9F80070019B002BE4D01E6007B0BDE876
:1054D000F08F0520E7E7052007B0BDE8F08F00BF9B
:1054E0000D4B70B51C7864B10C4D0D4E00231A465F
:1054F00029463046FFF790FF052805D0B0FA80F422
:105500006409084B1C7070BD00232B60054B4FF6DF
:10551000FF7232801C7070BD8BBD002028BB002044
:1055200072BD00208DBD00202DE9F043044687B0F8
:10553000808803F04BF923786080083B032B08D860
:10554000DFE803F038271702634B1A78002A40F08F
:105550008D80624F3B784BB1614E002556F8043B7D
:10556000204698473B7801359D42F7DB07B0BDE800
:10557000F083594D2B78002B35D15A4B1B78002BDB
:10558000E7D0594AA38812889A42E2D1FFF7A8FFD0
:10559000DFE7637A002BDCD154490A68002AD8D0AF
:1055A000E0688242D5D152480B600268E360013A5C
:1055B0000260CEE7637A9BB94C490A681AB1E06889
:1055C000824200F08380474B1B78002BC1D0464BB2
:1055D000A2881B889A42BCD1237A062BB9D1D5E781
:1055E000012BB6D1EFE74FF6FF70FFF7D9FB4FF66F
:1055F000FF7398420646C0D1FFF7D4FBB042BCD13E
:10560000364F00230DF104080C220193C8E9013341
:10561000C8E903338DF804203A782B70ADF8080000
:10562000ADF80600A2B12E4E1D46B14659F8043B16
:10563000204698473B7801359D42F7DB43B1002572
:1056400056F8043B404698473B7801359D42F7DBCE
:10565000244B1B78002B89D0234AA38812889A42B6
:1056600084D107B0BDE8F043FFF73ABF00250DF144
:1056700004081A4F1D70A3680195C8E90355C8F8BE
:10568000045003933B784FF6FF720D218DF8041000
:10569000ADF80820ADF80620002B3FF467AF104EA0
:1056A000B14659F8043B204698473B7801359D4266
:1056B000F7DB002B3FF45AAF002456F8043B40467A
:1056C00098473B7801349C42F7DB4FE7064AA088B5
:1056D0000B601080E3603CE78ABD00208CBD002099
:1056E0002CBB00208DBD002072BD002038BB0020E7
:1056F00028BB002078B1F8B5074F3B7853B1074E6F
:105700000546002456F8043B284698473B78013468
:105710009C42F7DBF8BD70478CBD00202CBB0020FD
:10572000F8B5074F3B7853B1064D0646002455F8AF
:10573000043B304698473B7801349C42F7DBF8BD88
:105740008CBD00202CBB0020F8B5074F3B7853B12F
:10575000064D0646002455F8043B304698473B78F2
:1057600001349C42F7DBF8BD8CBD00202CBB00202F
:10577000F8B5074F3B7853B1064D0646002455F85F
:10578000043B304698473B7801349C42F7DBF8BD38
:105790008CBD00202CBB0020074B1B783BB110B503
:1057A0000C4631B102F09EFF2080002010BD082081
:1057B00070470E2010BD00BF8BBD002010B50B4BF5
:1057C00084B01B785022019253B161B10024CDE91D
:1057D000024101AB02AA0721FFF7FEF904B010BD98
:1057E000082004B010BD0E20F8E700BF8BBD0020DC
:1057F0002DE9F04100284AD003680646002B46D028
:105800004068002843D0B368002B40D000250F46E5
:10581000FF2429460DE0FF2C08BF2C462B1B01332B
:10582000BB4235D0B3680135EDB29D4229462ED238
:10583000706802F02DF8BFF35F8F0028EBD0FF2CCB
:1058400001D1FF24EEE7AC42FBD201343268E4B26E
:1058500004E0A542F5D932680134E4B2631E5FFA70
:1058600083F8002AF5D070680028F2D0B8F1FF0F55
:10587000F2D0BFF35F8F414602F024F80028E8D051
:105880007068BFF35F8F414602F010F8E1E7FF2434
:105890002046BDE8F08100BFA0B138B503680446DA
:1058A00073B1406860B1FF290D4609D0BFF35F8F27
:1058B00002F008F820B1E168206801FB050038BD5E
:1058C000002038BD0020704748B138B50368044651
:1058D00023B1406810B1FF290D4601D138BD704792
:1058E000BFF35F8F01F0EEFF0028F7D06068BFF3D1
:1058F0005F8F2946BDE8384001F0D8BF7EDF704792
:105900007FDF704786DF704710B58C4686B0104940
:105910000024097803940494ADF80E208DF810301B
:105920002246032301948DF80CC08DF80430ADF8A5
:10593000060002940594FEF7AFFFBDF8060002F0E2
:10594000D1FEADF8080001A800F01EFD06B010BDA4
:105950002321002030B5164B0C46221E87B018BFFD
:10596000012219780546FEF797FF124BA4F10102B8
:10597000B2FA82F2197828465209FEF78DFF002309
:10598000012228460193CDE90233CDE904338DF895
:105990000420ADF806508DF80C4002F0A3FE03463B
:1059A00001A8ADF8083000F0EFFC07B030BD00BF33
:1059B000252100202421002070B51A4B88B00D4607
:1059C000197801920446FEF74BFF04F58072002817
:1059D0004FF0070190B214BF01260226FFF70EFC1C
:1059E000019B08B1052807D12A463146204608B058
:1059F000BDE87040FFF788BF0022CDE90322CDE962
:105A000006220590072220468DF80C20ADF80E40A6
:105A100002F068FEADF8100003A800F0B5FC019B91
:105A2000E2E700BF242100202DE9F04190B00E46AE
:105A300017460546FEF776FE2022044600210DEBB0
:105A4000020005F09EFB012C34D0ECB19EB128463B
:105A500002F048FE3378DB071ED503AB05F58070F6
:105A600080B201220721FFF763FB112809D000282B
:105A70005BD0032005E0852108AB00222846FFF714
:105A80003FFF10B0BDE8F08143F2020010B0BDE866
:105A9000F0813278D207E1D40021314B0B970F937C
:105AA000012CE9D108AB32462846FFF729FF10B098
:105AB000BDE8F081DFF8AC80002298F8001028469D
:105AC000FEF7EAFE7EB3284602F00CFE4FF6FF73A7
:105AD0009842BFD098F800102846FEF7C1FE002873
:105AE000B8D1CDE90300042203ABCDE9050007904E
:105AF00028468DF80C200193ADF80E5002F0F2FD0F
:105B0000019BADF81000184600F03EFC98F800101C
:105B10002846FEF7A5FE019B0028BAD13378D907A5
:105B200001D48521B9E78521BCE7014650220498BC
:105B300005F027FB04990A4A0B46284603F8344B24
:105B4000089301F118030C934B1C11310B970F9222
:105B50000D9302F0DDFD08B90146A1E7082090E7AA
:105B60003CBB00202221002038B505460C46FEF73C
:105B7000D9FD012802D043F2020038BD3CB12146D4
:105B80002846FFF7BBFE042808BF112038BD204679
:105B900038BD00BF2DE9F04F0388113B8BB00446A0
:105BA000092B23D8DFE803F03922055922222222CB
:105BB00096258088FEF7B6FD0128024600F07A811E
:105BC00034F8040F0023CDE9083304340522CDE96D
:105BD000053307948DF81420ADF8160002F082FD0D
:105BE000034605A8ADF8183000F0CEFB0BB0BDE8B9
:105BF000F08FBD4B80881978FEF732FE05460028ED
:105C0000F4D1A088FEF7B2FD0146002840F00981DA
:105C1000A088012341F20602FEE0027A8588B34B98
:105C20003D2A197841F23D0228460CBF14464FF434
:105C30008854FEF715FE0028D8D0AB4B28461978BB
:105C4000FEF70EFE002800F0E380002221462846E1
:105C50000BB0BDE8F04FFFF7AFBE00F110063046C5
:105C600002F08EFD4FF6FF7305469D420746A08861
:105C700000F09980294602F0CFFD9C4BA08819784E
:105C800001900122FEF708FE01980021FFF762FE55
:105C900003AA07212846FFF747FA002800F0AC8046
:105CA000002500231A46A0882946FFF72BFE082866
:105CB00003469BD0002840F0F080A37EDA0795D5FC
:105CC000002D93D1A0882B4641F206022946FFF70A
:105CD0001BFE8BE7057A8688002D76D1834B2A46FA
:105CE00019783046FEF7D8FD637A5B0740F1F38000
:105CF00006F580791FFA89F903AB0122072148468E
:105D0000FFF716FA8046002840F09A80304602F0ED
:105D1000E9FC4FF6FF7398420546074600F01381F1
:105D2000C24605AF48462A460721FFF78DFA0028EC
:105D300000F0F280862800F0DB804FF00008CDF8FC
:105D400014800723C7E90188C7E903880790304614
:105D50008DF81430ADF8166002F0C4FCADF81800F0
:105D6000384600F011FB637AA0888DF81D8013F08F
:105D7000040F14BF012302238DF81C3002238DF879
:105D80001430ADF8160002F0ADFC03463846ADF80D
:105D9000183000F0F9FABAF1000F3FF427AF2846A7
:105DA00002F044FD22E702F09DFC504B05461978B5
:105DB000A08801900122FEF76FFD01980021FFF7F6
:105DC000C9FDBD423FF46CAF62E7484A437A11789F
:105DD000304603F00304FEF743FD00283FF406AF0E
:105DE000414B30461978FEF73BFDA9B2002800F080
:105DF000A580224630462BE7A37ED8077FF550AF1B
:105E0000049D95F84430D90740F1E680343548E7E1
:105E100003460146224628460BB0BDE8F04FFFF787
:105E200073BD324BA08819782A46FEF735FDA0884D
:105E3000ADF8160002238DF81430ADF81C50CDE6F5
:105E4000072307903046CDE90555CDE908558DF873
:105E50001430ADF8166002F045FC05AF0346384635
:105E6000ADF8183000F090FA637AA088ADF816000B
:105E700013F0040F14BF0123022302228DF8142013
:105E80008DF81C308DF81D5002F02CFC034638466E
:105E9000ADF8183000F078FAA8E60022A088079341
:105EA0000721CDE90522CDE908228DF81410ADF8BF
:105EB000160093E6257A0D4BA0881978019005F01D
:105EC0000105C5F10205EDB2FEF7E6FC0198294691
:105ED000FFF740FD74E60223A0888DF81430ADF87A
:105EE0001600ADF81C3079E6252100202321002082
:105EF000002305930622C7E90133C7E9033330467F
:105F00008DF81420ADF8166002F0ECFB034638461D
:105F1000ADF8183000F038FA637AA08813F0040F57
:105F200014BF01220222022101238DF81410ADF8C2
:105F300016008DF81C208DF81D30A5E70A46234673
:105F40000146304668E70146049802F0ABFBB842D0
:105F50000546824633D0DFF8E0B00146304602F015
:105F60005BFC9BF800103046FEF77AFC8246002866
:105F70007FF4D6AE0423CDE90500CDE907000990F2
:105F800030468DF81430ADF8166002F0ABFB05AF6B
:105F9000ADF81800384600F0F7F99BF800103046CD
:105FA000FEF75EFC034600287FF4BCAE627AA08850
:105FB00012F0040F14BF012202220221B5E7FEF7FE
:105FC000DDFE5045054610D02946304602F024FC3F
:105FD0004FF0010A05AFA5E6314605F1460002F093
:105FE000B5FB00287FF412AF5AE60723CDE90588F8
:105FF00030468DF8143004230793CDE90888ADF8B6
:10600000166002F06FFB05AF03463846ADF8183056
:1060100000F0BAF9637AA088ADF8160013F0040F07
:1060200014BF0123022302228DF814208DF81C30A6
:106030008DF81D8028E700BF2221002031F00803E1
:1060400022D070B511298AB00C461BD00D29054607
:106050001BD00023CDE90533CDE90733099302F0C6
:1060600041FB07238DF81430ADF81650ADF8180039
:1060700005AD0FCD6E460FC62B683360684602949F
:10608000FFF738FB0AB070BD70470023CDE9053338
:10609000CDE907331646099302F024FB03238DF85C
:1060A0001430ADF81650ADF8180005AC0FCC6D46A5
:1060B0000FC523682B607EB1337803F00103C3F171
:1060C0000203DBB241F2011268468DF80830ADF8E8
:1060D0000A20FFF70FFBD5E70223F3E72DE9F04194
:1060E000244B8EB00026CDE90A661B68099309ACE3
:1060F0000546884694E8070001AF87E80700CDE928
:106100000C6609962846A66002F0ECFA05238DF885
:106110002430ADF82800ADF826500FCC0DF1100C4E
:10612000ACE80F002368CCF8003004A8CDF8188044
:106130000797FFF7DFFA104B01991A682846FFF717
:1061400073FC0E4BA0F11102B2FA82F219780446E8
:1061500052092846FEF7A0FB094B3246197828461B
:10616000FEF79AFB019A21462846FFF767FF0EB01B
:10617000BDE8F08180BB00207CBB002029210020ED
:10618000282100200021FFF7A9BF00BF2DE9F0471B
:1061900006468EB090461F460C46002950D13D4B16
:1061A0000A911B68099309AD0B91CDE90C1195E893
:1061B00007000DF1040989E807003046099402F050
:1061C00091FA4FF0050A8DF824A0ADF82800ADF83B
:1061D0002660AC46BCE80F0004AD0FC5DCF800300B
:1061E000CDF81C9004A82B60FFF784FA2A4BDDF849
:1061F00004901B789BB3494642463046FFF7B4FCF7
:10620000264B11281978054631D000223046FEF77A
:1062100043FB112D0AD80D2D15D8DFE805F0261403
:1062200014141414141426141426142643F202040D
:10623000A54218BF03244FB920460EB0BDE8F08731
:106240004FF00009D7E70324002FF5D030464A4627
:106250002946FFF7F3FE20460EB0BDE8F0879DF813
:106260000D30002BC7D15446E6E72C46E3E7012268
:106270003046FEF711FB0A4B224619783046FEF7EE
:106280000BFB084B424619783046FEF705FB00240D
:10629000D1E700BF80BB00208EBD00202821002058
:1062A000272100202621002010B50B4B82B0197841
:1062B0000446FEF7D5FA094B0246197801922046AA
:1062C000FEF7CEFA019A01460123204602B0BDE84E
:1062D0001040FFF75BBF00BF2621002027210020D0
:1062E00000294FD0F0B583B006460C46FEF724FADD
:1062F000054670B3304602F0F5F9A5F102050746F0
:106300004FF6FF70381A2378B5FA85F518BF0120CB
:106310006D0923F0090345EAC0051D432570304689
:10632000FEF724FA237860F3410323703046FEF72A
:1063300035FA237860F3820323703046FEF746FA7D
:10634000054650B12378002065F30413237003B091
:10635000F0BD43F2020003B0F0BD3046FEF706FA8E
:1063600006460028EED06A4638460721FEF7DCFED6
:106370000028E7D1019B93F8443013F0010F18BFB8
:106380003546DFE70E20704770B50378052B82B0E5
:10639000044615D0122B0DD11E4B1A68BAB1408895
:1063A000FEF7E4F90546A0B90246608801232946B4
:1063B000FFF7ECFE204602B0BDE87040FFF79AB947
:1063C0008168408802B0BDE87040FFF787BE0125B4
:1063D000EBE7237A6088C3F34006C3F30002B600FC
:1063E00046EAC206C3F3800346EA031601A9E02386
:1063F0008DF80430FFF774FF06F01C069DF804309A
:10640000F6B220B936EA030314BF012500252A4657
:106410000025CAE780BB002008B503780B2B02D803
:10642000072B02D808BD132BFCD1074B074918785E
:106430000022FEF775FA064B064918780022BDE8DF
:106440000840FEF76DBA00BF2921002085610400D5
:1064500028210020A962040008B5FFF79BFB074B29
:10646000074918780022FEF75BFA064B06491878B0
:106470000022BDE80840FEF753BA00BF29210020E2
:106480008561040028210020A962040010DF704704
:1064900011DF704710B582B00C4904466846FDF71D
:1064A000B1FF019B23B90EE0FDF7B6FF019B53B18D
:1064B000D3E900312046984703466846002BF3D1C4
:1064C000112002B010BD002002B010BDE8D50400BC
:1064D0000B4991F81623EC2352091341DB0707D52A
:1064E000084B9A6842B11A6842F480021A607047F9
:1064F00042F2020000F01EBB4FF480030B607047B5
:1065000000E100E0F0BB002070B5284D2C7884B08D
:10651000002C46D1264E012320463370FFF7BAFFE8
:1065200011283BD0234902A8FDF76CFF039B4BB118
:10653000D3E900310020984702A8FDF76DFF039BC7
:10654000002BF5D11C4B00221B68019302A88DF88B
:10655000082000F0FFFA194901A8FFF797FFB0FAE9
:1065600080F304465B099DF808002B7000F018FBCF
:10657000A4B9134B34701C70FFF7AAFF0D4902A891
:10658000FDF740FF039B4BB1D3E900310120984751
:1065900002A8FDF741FF039B002BF5D1204604B074
:1065A00070BD0824204604B070BD00BF90BD00201F
:1065B0008FBD002000D60400E4D50400997B0300C1
:1065C00091BD0020F0B52C4D2B7883B0002B44D02A
:1065D0002A4E01203070FFF75DFF112839D028497D
:1065E0006846FDF70FFF019B4BB1D3E90031022054
:1065F00098476846FDF710FF019B002BF5D1002757
:1066000068468DF8007000F0A5FAFFF741FF0446D8
:106610009DF800002F7000F0C3FADCB9194B3470FC
:106620009A68F2B11A6822F480021A601449684626
:10663000FDF7E8FE019B6BB1D3E9003103209847D9
:106640006846FDF7E9FE019B002BF5D1204603B01B
:10665000F0BD0024204603B0F0BD0824204603B05E
:10666000F0BD094B4FF48002C3F88020BFF34F8F79
:10667000BFF36F8FDAE700BF90BD00208FBD002011
:1066800000D60400F0BB002000E100E0054B1B78C1
:1066900033B1054B1B780BB1FFF794BFFFF734BF45
:1066A000082070478FBD002090BD0020014B187856
:1066B000704700BF90BD00200C4B1B7803B970479A
:1066C0000B4B9A683AB11A6822F480021A60094B9F
:1066D00001221A707047084B4FF48002C3F88020E3
:1066E000BFF34F8FBFF36F8FF1E700BF90BD002066
:1066F000F0BB002091BD002000E100E010B5084C87
:10670000237813B1074B1B7803B910BD064B4FF428
:106710008002C3F80021FFF7DBFE0023237010BDC9
:1067200091BD002090BD002000E100E0034B1B78EC
:1067300013B1034B187870470120704790BD0020BB
:1067400091BD002000B583B008496846FDF75AFEA8
:10675000019B43B1D3E9002090476846FDF75CFEFA
:10676000019B002BF6D103B05DF804FBF4D50400C7
:1067700061DF7047154B1B7833B330B5144D91B0C2
:1067800034240DF1020103A8ADF80240FFF7F0FF39
:1067900088B9294601A8FDF735FE029B002BF0D0F1
:1067A000D3E9003103A8984701A8FDF735FE029B05
:1067B000002BF5D1E5E7052801D111B030BD11B0AE
:1067C000BDE8304000F0B6B9704700BF92BD002070
:1067D0000CD604004BDF704710B5124C84B001A8F2
:1067E000FFF7F8FFA8B9214602A8FDF70BFE039BAF
:1067F000002BF4D0D3E900310198984702A8FDF7A7
:106800000BFE039B002BF5D101A8FFF7E3FF002847
:10681000E9D0052801D104B010BD04B0BDE8104096
:1068200000F088B918D60400ADDF7047AEDF7047BE
:10683000B0DF704700282ED0F0B50388512B89B007
:10684000044629D00AD8102B1CD0112B04D1334B6D
:1068500081889A8891421AD009B0F0BD532BFBD1A0
:106860002E4DC288EB889A42F6D12B7E002BF3D0B6
:1068700000F050F90028EFD06B69022009B0BDE8A4
:10688000F0401847254B82889A8009B0F0BD4FF63A
:10689000FF729A80E0E77047204D8088AB8898426D
:1068A000DAD1A379022BD7D12189EA889142D3D1B9
:1068B000A27B043A022ACFD900220492CDE9052214
:1068C00007926989029301AF02AA8DF810300397ED
:1068D000FFF7AAFF064690B140F2FD13ADF8143061
:1068E000A88804A9FFF7A4FF1128F9D0BDF8143037
:1068F000002BB1D104F1080000F08AF8ACE738466B
:10690000FEF740F80028E7D09DF81630ADF8146087
:1069100043F001038DF81630E2E700BF84BB00208E
:1069200000B5154B87B000228646CDF80B2098881D
:106930008DF80F20DA888DF8061003234FF0020C33
:10694000ADF8023020238DF80430ADF8082001ABFB
:106950000DEB0C0202A9CDE904238DF805E08DF8BA
:106960000AC0FFF763FF20B9BDF80230032B18BF40
:106970000C2007B05DF804FB84BB0020B2DF704739
:106980004FF0020C00DF704717490B68BBB14B6832
:10699000ABB170B508319847082804460ED078B9D5
:1069A000124D2B68012119830846FFF7B9FF28B162
:1069B0002B6803205B6998472B681C7670BD704775
:1069C0000A4C2368002206211A830120FFF7A8FF42
:1069D00018B1236803205B69984723680220BDE84B
:1069E00070405B69184700BFE4BB0020E0BB00209B
:1069F00008B501F063F900B108BD0448FFF7C0FF16
:106A00000028F9D1BDE8084001F066B9E4BB0020D8
:106A1000F0B5057B012D97B010D03B4E02212846E2
:106A2000FFF77EFF18B1336803205B69984733682E
:106A30005B69022017B0BDE8F0401847324E376856
:106A4000797E0446002953D1502202A804F099FB14
:106A5000B88801A9FEF7A0FE48B9BDF804004FF6BA
:106A6000FF7398424DD002A9FEF7A8FE38B1112855
:106A7000257B44D00F280CBF07210421CFE7DDF888
:106A80000900DDF80D10DDF81120DDF815301F4F7D
:106A90000FC7BDF81D30BB809DF81F30BB71DDF8FE
:106AA0001900386008230DF13C0EADF80630BEE841
:106AB0000F0007F1080CACE80F009EE807008CE817
:106AC000070032682B46908807F124010DF1060279
:106AD000FFF754FF0028CAD10D49A7F1140051F85F
:106AE000083B98470028C2D133685D7617B0F0BDE7
:106AF00006212846FFF714FF0028F7D0B7E7062144
:106B00008DE7257B07218AE7E0BB0020A4BB00209E
:106B1000E4BB002010B5064C236800205B69984751
:106B20002468FEF755FC206101F012FD002010BD25
:106B3000E0BB002000B585B00346002101AA44F265
:106B40000100CDE901110393F1F726F805B05DF8D6
:106B500004FB00BF70B4EFF3108472B60D4B9A685B
:106B6000AAB9012199600C490C4ED1F880503540EA
:106B70001D60C1F88060D1F884505D604FF0FF3334
:106B8000C1F88430027004B962B670BC704701234A
:106B90000370F8E7F0BB002000E100E0FC06FFBD59
:106BA000094B9A687AB170B910B4EFF3108172B6DC
:106BB000064A1C6814605C685460986001B962B64B
:106BC0005DF8044B70477047F0BB002000E100E027
:106BD000194B00EB800003EB80000B68426802F564
:106BE00080502BB35A88033203EB8203834217D2BF
:106BF00010B54FF6FF7E1A68013213D05A8803325F
:106C000003EB820290420DD3B3F804C0F4450BD0DD
:106C10001C884CB19C68013406D00B60012010BD6B
:106C200000207047002010BD9042FBD91346E2E7D8
:106C300002F10803DAE700BF38BC002070B54268F3
:106C400082B006460C461AB11E4BD9688A421DD244
:106C5000002525800195002005E0019B3268996898
:106C600091420DD0208801A9FFF7B2FF0028F4D18E
:106C7000238801339BB22380002BEBD002B070BD80
:106C8000114A73601389338102B070BD1B699A4247
:106C9000DED812F00303DBD10B4900890989884251
:106CA000D6D1306891688842D2D1084949688A4271
:106CB00003D901F580518A4201D31846DEE72380CB
:106CC0000120DBE75021002020BC002038BC002040
:106CD00010B4104C104A638803EB830302EB830269
:106CE000D36853B94FF0040C516884F800C00B48C6
:106CF0005DF8044B012200F0BFBE094A05200221C5
:106D000020709180054811685DF8044B0023012232
:106D100000F0B2BE20BC002038BC00205021002072
:106D200060BC00202DE9F0411C469B883BB9174F01
:106D300080460D461646387828B10123A38048F2D4
:106D4000096019E0A0882146FFF742FFB0B123682F
:106D5000B8F1000F04D09988B8F800209142F1D121
:106D60001DB119882A889142ECD19968084A128984
:106D70003281C6E900130020BDE8F081A3882060BD
:106D800001339BB2A380002BD5D0D8E738BC0020BC
:106D900020BC002030B5104C83B06088211DFFF767
:106DA00017FF20B903B0BDE83040FFF791BF0B4B90
:106DB000626899881B680A4803EB81015388033392
:106DC00000259BB24FF0030C9B00009584F800C097
:106DD00000F01EFE03B030BD20BC002060BC0020CF
:106DE000502100202DE9F04FA64FDFF8BCA2DFF8BC
:106DF000BC92DFF8BC828BB006463C68002C00F0E9
:106E0000B98023785A1E052A00F26883DFE802F071
:106E100041242403034E002E40F0D88094F804B09F
:106E2000BBF1010F00F04F82BBF1020F00F0458271
:106E3000BBF1000F00F02882CDE9076605960996A0
:106E400005AD48F20E66023B0696042B4CD8DFE8EF
:106E500003F085716545A100B4F814B0002E40F030
:106E60009D80894DA17D0BEB8B0205EB82024FEAE1
:106E70008B061089526802EB8002062900F22983F2
:106E8000DFE811F0680191017E01A20156013D0188
:106E90001801002E40F0E3812279032A00F2AD8030
:106EA000DFE812F0E4002E029D00C500002E40F045
:106EB000E28198F80B30002B00F0AA8098F800309F
:106EC00088F80B60013B062B5BD8DFE813F03B0230
:106ED000C501A601A3015A0028028E0104238DF8E2
:106EE0001430E388ADF82030684C04F1100654F8F3
:106EF000043B284603B19847A642F8D151460026E4
:106F000048463E60FDF712FA6148012100F074FD29
:106F100000287FF472AF0BB0BDE8F08F03238DF82B
:106F20001430E1882289E3680793ADF82010ADF8AA
:106F30002220D9E702238DF81430A37D2289A1886D
:106F4000ADF82020A3F10603B3FA83F3E2680792B9
:106F50005B09ADF822108DF82430C5E701238DF8C8
:106F600014302189A288E3680793ADF82010ADF8AA
:106F70002220B9E751464846FDF7A6F90446386095
:106F80003FE7002305AD0593C5E902332B6148F2C5
:106F90000E66069605238DF81430A5E7A17DE288DC
:106FA000394D022907D90BEB8B0005EB8000D11C72
:106FB0000689314401814FEA8B065E4405EB860564
:106FC000C2F57F426989FD320A446A8105AD00221B
:106FD00005924FF40646C5E902222A6133E72D4A9D
:106FE0002D4811680023237102249480012200F0AF
:106FF00043FD00288FD03C682378284905AD002246
:1070000005924A60C5E902222A6148F20D661AE734
:1070100098F80030072B00F2DB81DFE813F0EF0176
:10702000D901D9011201AC01E600E600BF01194EF9
:107030001B4A19484FF0000B84F804B0CDF800B09B
:107040000823316800F0E4FCB8F8025005EB850332
:107050000D4D05F823B005EB830533686A686B6056
:10706000B3882B8102233260B380C2E7094B0D4AFB
:10707000196809480123237100230093082300F0B5
:10708000C7FCB6E734BC002038BC002008BC002098
:107090005CBC002060BC00205021002018BC0020F7
:1070A00028D6040030D604002CBC00204CBC0020A4
:1070B00020BC0020E288214641F61D5006EB0B0C57
:1070C00005EB8C0CD41CBCF808E07444ACF8084008
:1070D0005E4405EB8605C2F57F420C466989FD32A8
:1070E0000A446A8105AD41F61D5200269042C5E969
:1070F0000066C5E902662E613FF4A5AED8E1AA4B51
:10710000AA4A5968AA4BAB481B8803930623A37568
:1071100000230093042300F07BFC40BB039B03EBA4
:10712000830305EB830501232B740BB0BDE8F08FBF
:107130009D48A36903609E49039200234360FFF7C3
:107140007DFD039A0023002800F0B9811146022238
:10715000A27503E00223A3751146002300930423C4
:107160009448E21800F054FC00283FF4D4AEA07D0F
:107170003968E2880B78022848F20D60A8D99DE7AB
:1071800023698C48002B14BF03230123A37500231C
:1071900002F10801009304F10C02042300F038FC12
:1071A0000028E4D1B7E6032B0CBF05230623A37503
:1071B0000023111D00937F48042304F1080200F00E
:1071C00027FC0028D3D1A6E6E3880120A075002083
:1071D00002F10C019B0022690090764800F018FC37
:1071E0000028C4D10BB0BDE8F08F072388F8003029
:1071F00000230093C8F804306F4B704A19686D483B
:10720000082300F005FC00283FF485AE3C6805AD7E
:10721000237868E7FFF75CFDF5E7D8F804206648B7
:10722000538884880168033300209BB201EB8401FA
:10723000009003249B005F4888F8004000F0E8FBC2
:10724000E1E75D4AD8F804305988938803330B444A
:107250009380022388F80030FFF79CFDD3E70023DA
:1072600005AD0593564A2B61C5E9023353604FF4CF
:107270000646069638E605AD002305934FF406460C
:10728000C5E902332B6184E6022305AD23710DF1BC
:107290001201E36805932846CDE90666FFF7CEFCA8
:1072A000002840F0C08048F209660023C5E9003399
:1072B000C5E902332B612378C5E5CDE9076605965C
:1072C000099605ADBFE53E4B1B78A01D002B00F0D5
:1072D000E48005AD3B4B2A463146FFF723FD394B91
:1072E000002800F0C980C3E9006648F209639842AB
:1072F0008ED1C5E90066C5E902662E612378A2E554
:10730000314D2B78022B40F0AC800023009369684C
:107310002B702E4A2748082300F07AFB69E6B8F85C
:107320000220294D9300134405EB8305002369686F
:107330000093062388F80030244A1E48082300F0F2
:1073400067FB60E798F80A3043B11F4DEB680022F5
:1073500088F80A2013B92A7C002A7DD105AD0023C4
:10736000059388F80030C5E90233A8F80230C8F860
:1073700004302B610DE6B8F80220134D0E4902EBE4
:10738000820305EB830308685C685860888818816D
:1073900002238B800C6002FA03F3C4E7012388F810
:1073A000003098F80A30CFE7FCBB002024D6040058
:1073B00074BD00205021002060BC002030D60400A5
:1073C00018BC002068BC002038BC002028D604006F
:1073D000013B062B3FF6D5AD01A252F823F000BFCA
:1073E00045730400597204001B72040015720400F6
:1073F000836F04001F730400EB7104003C4DB8F868
:1074000008202B780132B3FA83F3A8F80820002271
:107410005B09A8F8022088F80B20012288F80A30BE
:1074200088F8002090E70699324A8B88E3800B8821
:107430002381314800960423BDF8124000F0E8FA99
:10744000002838D12A4B04EB840403EB8404012385
:1074500023740BB0BDE8F08FA8F80230FFF79AFC58
:10746000D1E6264A05AD0023012105931170C5E937
:1074700002332B615360FCE600969C881D4A0699F6
:107480001D48042300F0C4FAA8B9194B04EB840486
:1074900003EB840484F810B03DE5194B0996CDE95F
:1074A0000566CDE90766C3E9006605AD48F20160EF
:1074B00023780646C7E43C6848F20D66F5E6CDE958
:1074C0000500CDE907000990237805AD48F209666B
:1074D000B9E4E288214648F20E60EFE505AD0023ED
:1074E0000593C5E902332B6148F20E630693FBE472
:1074F00038BC002024D604005021002018BC0020F5
:1075000068BC00204068FFF76DBC00BF2DE9F04F5C
:107510004F4C257883B0002D5ED00C46002972D0E8
:10752000098898464FF6FF7399424FD06388002B25
:107530004CD0666816F003065FD10746002A65D076
:10754000B2F800B0B2F80290424801A9FCF77AFE06
:107550004FF0000AC0F800A0C0F810A0C0F814A0B6
:10756000C0F804A0C0F808A0C0F80CA0C0F818A08B
:1075700080F80080636803610546A0F814B001211B
:10758000354800F02DFA23882B81B8F1030F63886A
:10759000E860AB80A5F8069024D02E48A5F80AA094
:1075A00001A9FCF781FE3FB1E9682C4A002312894A
:1075B000BB72C7E900133A812948012100F004FA9F
:1075C000044628B9FFF70EFC264601E048F20366A0
:1075D000304603B0BDE8F08F48F20166304603B094
:1075E000BDE8F08F3B68AB61042301A9A5F80AA0B0
:1075F000AB751848FCF758FED6E748F202663046ED
:1076000003B0BDE8F08F48F20466E1E7B4F80890F3
:1076100009F1030040F2FE3380B2984214D8114AB7
:1076200013783BB9518913890B4403449BB2B3F5DA
:10763000806F05D948F20666304603B0BDE8F08F8A
:1076400001445181B3467FE748F20866C0E700BFB6
:1076500018BC00204CBC002030BC002020BC002006
:107660005CBC002038BC002030B370B50D4682B041
:10767000F1B10DF106010446FFF7E0FA18B948F23E
:10768000096002B070BDBDF806000D4B666800EBE6
:10769000800003EB800001210C3000F0A1F9636849
:1076A00001220C330020C5E90063A27202B070BD54
:1076B00048F2046002B070BD48F20460704700BF39
:1076C00038BC002010B310B582B00DF1060104469D
:1076D000FFF7B4FAB0B1BDF806300E4A03EB8303EE
:1076E00002EB8303DA684AB1A27A3AB1DA68002180
:1076F000013A0846DA60A17202B010BD48F2056096
:1077000002B010BD48F2096002B010BD48F204603A
:10771000704700BF38BC002002230022FFF7F6BEEE
:1077200018B103230022FFF7F1BE48F2046070474E
:1077300070B51B4B1B7882B01BB34FF6FF7398429A
:10774000054628D001A91748FCF77CFD0024052236
:10775000012644600460C58002708460C4600461D6
:1077600044618461067101A90E48FCF79DFD0E4835
:10777000314600F029F9054640B12546284602B0B9
:1077800070BD48F20165284602B070BDFFF72AFBC4
:10779000284602B070BD48F20365284602B070BDAD
:1077A00018BC00204CBC00205CBC002010B582B08E
:1077B000ADF806000A48ADF80410047844B15AB197
:1077C00053B101A90DF10600FFF7ACFA02B010BDEC
:1077D00048F2016002B010BD48F2046002B010BD72
:1077E00018BC002000B50E4B83B01B78ADF8060026
:1077F0005BB179B172B1134600200A460DF1060162
:10780000FFF790FA03B05DF804FB48F2016003B0A3
:107810005DF804FB48F2046003B05DF804FB00BFB0
:1078200018BC002000B50E4B83B01B78ADF80600E5
:107830005BB179B172B113460DF106000A46002121
:10784000FFF770FA03B05DF804FB48F2016003B083
:107850005DF804FB48F2046003B05DF804FB00BF70
:1078600018BC002020B119B103680B6000207047DC
:1078700048F20460704700BF4B0901F01F024FF04F
:10788000010C0CFA02F100EB830000F085B800BF98
:107890004B0910B501F01F040121A14000EB83004A
:1078A00000F06EF8E04000F0010010BD01F01F0292
:1078B000012303FA02F24B0900EB8300D14300F0ED
:1078C00077B800BF4B0901F01F0150F82300C840F2
:1078D00000F00100704700BF2DE9F04F01F1FF3AC1
:1078E00083B04FEA5A130D46044601934FF0000946
:1078F0004FF0010854F8293004EB89066FEA030BB6
:107900009BFAABFBBBFA8BFBBBF1200F25D00BEB3B
:10791000491B5D454FEA49170CD81EE03368DB432D
:1079200093FAA3F3B3FA83F3202B07EB030B14D0E2
:107930005D4512D90BF01F034FEA5B1008FA03F103
:1079400004EB80009A4600F01BF820FA0AF0C30707
:10795000E4D4584603B0BDE8F08F019A4A4509F1D6
:10796000010301D09946C5E7AB46F2E7034653E869
:10797000000F0A4643E8002C9CF0000FF7D1704737
:10798000034653E8000F40EA010243E8002C9CF054
:10799000000FF6D1704700BF034653E8002F42EABC
:1079A000010043E8000C9CF0000FF6D1704700BFC7
:1079B000034653E8002F02EA010043E8000C9CF064
:1079C000000FF6D1704700BF034653E8000F00EBED
:1079D000010243E8002C9CF0000FF6D1704700BF75
:1079E000034653E8002F02EB010043E8000C9CF033
:1079F000000FF6D1704700BF034653E8002FA2EBFB
:107A0000010043E8000C9CF0000FF6D1704700BF66
:107A10002DE9F047DDF820A048B342B306684EB325
:107A20001D460BB34768D7F80490B3FBF9F809FB80
:107A30001838B8F1000F17D142EA0104A4078E46A6
:107A40000FD1C468A1420CD3046901F1FF3E754413
:107A5000A54206D8CDF820A0F468A446BDE8F047BA
:107A600060471020BDE8F0870920BDE8F0870E20B0
:107A7000BDE8F0870820F5E7D8B1F0B50668D6B1C3
:107A8000AAB1446827687C1E0C428E460DD1C4689A
:107A9000A1420AD34C1E07FB024E0469A64504D836
:107AA0003469A446BDE8F04060471020F0BD0920CD
:107AB000F0BD0E2070470820F0BD00BF29DF7047E1
:107AC00028DF704703689A6852B310B586B0002368
:107AD000CDE90233009304930379846805940191FE
:107AE0008BB1012B03D06846904706B010BDC36828
:107AF000416904911B0302208DF80000029368463F
:107B0000904706B010BDD0E90314436904930120E7
:107B10008DF80000CDE902416846904706B010BDDF
:107B2000704700BF034B187A0122B0FA80F05A74F4
:107B30004009704780BC002038B5254D2B7AFBB139
:107B4000244B1C6802232B72237923B3012B0CD006
:107B500020460321FFF7B6FF00232B726B601E49FE
:107B60001E48BDE83840FCF7E1BBD4E903031844E4
:107B7000FFF7A6FF18B31128EAD101232B7238BDF5
:107B800015491648FCF7A0FB124B04461860002864
:107B9000D8D1686038BDD4E90523D21AB2F5805F28
:107BA00028BF4FF480529208E1682069012A38BF4B
:107BB000012219441844FFF781FF0028DBD12B7CF8
:107BC000002BDCD1BDE83840022000F009B800BF2E
:107BD00080BC002098BC002094BC002070BC002019
:107BE00010B5254C237A93B1022B06D103280FD16F
:107BF000E3680133082B2AD8E360637C1BB9BDE836
:107C00001040FFF799BFBDE81040FEF73FBD10BD23
:107C10001A4B00221B68E2601A79FAB1012AECD1F2
:107C2000D3E9042101328A421A61E6D100220228F6
:107C300022720CBF11460D211846FFF743FF104971
:107C40001048FCF773FB637C002BDCD1D7E70B4BB0
:107C500000221B68E26022720D21EDE7D3E90512D4
:107C6000A1EB020CBCF5805F94BF624402F5805228
:107C700091429A61C1D1D9E780BC002098BC002014
:107C800094BC002070BC0020831E012B01D8FFF79C
:107C9000A7BF704700F0FD03012B00D07047A0F193
:107CA0000100044BB0FA80F0002240095A741874A5
:107CB000FFF742BF80BC002013DF70470023D3F8DA
:107CC000F80F421C01D0FFF7F7BF4FF0102358699F
:107CD000431CF8D1042070470148FFF7EDBF00BFF7
:107CE00000C00100A0DF7047A1DF7047ADDF704723
:107CF000B3DF7047B4DF704730B50D4B83B01A68FF
:107D0000019242F6A623012501AA69460446ADF870
:107D10000030ADF80250FFF7E5FF08B103B030BD09
:107D2000044B2A4619782046FCF7B6FD03B030BD57
:107D300038D6040093BD002070B54FF6FF738AB0AB
:107D400000249842CDE90044CDE902440494ADF802
:107D500002001CD0054600F0B9FB1128064643D0AE
:107D600017D8E0B10B2829D10F23BDF802008DF8F8
:107D7000003000F0B7FC03466846ADF80430FDF76C
:107D8000CFFC2246194B28461978FCF785FD0AB02E
:107D900070BD43F20203984210D12246F2E70E234F
:107DA000BDF802008DF8003000F09CFC03466846E8
:107DB000ADF80430FDF7B4FC3246E3E700240723B6
:107DC0002846CDE90544CDE908448DF81430ADF8D6
:107DD0001650079600F086FC034605A8ADF818304B
:107DE000FDF79EFC2246CDE70122CBE796BD0020A1
:107DF000FFF7A2BF2DE9F047DFF8548188B098F86B
:107E000000100746FCF72CFD10B108B0BDE8F08764
:107E10000446384600F0C0FB11280CD8112825D89C
:107E2000DFE800F07D242424242448244F24242443
:107E300024242424243A43F2020290422CD043F218
:107E40000142904212D13846FFF776FF01263F4BA0
:107E5000324619783846FCF71FFD98F80010224684
:107E6000384608B0BDE8F047FCF716BD0023CDE961
:107E70000333CDE906330590072338468DF80C30DF
:107E8000ADF80E7000F02EFC034603A8ADF81030DC
:107E90000126FDF745FCDAE70126D8E701AB2946C4
:107EA00003AA38460493FFF721FF18B9BDF8043040
:107EB000002BCCD1384600F015FC00F089FB0026E1
:107EC000C5E70DF10600FFF713FFBDF80630012BE3
:107ED000F0D90026012502A94FF0020942F6021A44
:107EE00009E0BDF808305345D8D0BDF8063001355B
:107EF000ADB2AB42DED928460022CDE90391FFF7AF
:107F0000F9FE42F605230028D4D102A9002EE8D1BB
:107F1000BDF80860F61AB6FA86F67609E5E700239A
:107F200010223846CDE90333CDE9053307938DF8A8
:107F30000C20ADF80E7000F0D5FB0124034603A819
:107F4000ADF810302646FDF7EBFB80E798BD00202A
:107F500099BD002030B5012187B005462948FFF7BB
:107F600005FDBFF35F8F08B107B030BD044628465A
:107F700000F060FA8628024623D00FD8C8B1112835
:107F800033D1214B012219782846FCF785FCBFF339
:107F90005F8F1C4B00221A6007B030BD43F2020312
:107FA000984222D1184B224619782846FCF774FCD7
:107FB000EDE7154B1978284607B0BDE83040FCF7CF
:107FC0006BBCCDE903440623CDE9014428468DF876
:107FD0000430ADF80650059400F084FB034601A878
:107FE000ADF80830FDF79CFBDCE700240723CDE962
:107FF0000144CDE904448DF804302846ADF806501C
:108000000392E9E79CBC002097BD0020037803B1F0
:10801000704730B5044683B04088FFF78DFE658811
:10802000284600F0A3FAA0B96488204600F05AFB65
:1080300000236A460921FCF7CFFD052818D0104B14
:10804000104918780022FCF76BFC024640B103B0DF
:1080500030BD0D4B012219782846FCF71DFCE3E7E3
:108060000A4B0B49187803B0BDE83040FCF758BC08
:10807000064B012219782046FCF70EFCDFE700BF13
:1080800097BD0020557F040098BD002094BD0020BE
:10809000F97C040070B50378082B82B009D0314C0C
:1080A000314920780022FCF73BFC024650B302B075
:1080B00070BD467A0446002EF1D1057A072D29D0ED
:1080C000082D45D0012DEAD180886A462946FDF762
:1080D0002BF806460028E2D1019B1B78002BDED04E
:1080E000A08800F073FB4FF6FF739842D7D01F4C67
:1080F0002A462178FCF7D0FB1D4920783246FCF750
:108100000FFCCCE71B4B1C49187802B0BDE870404F
:10811000FCF706BC8088134C00F058FB4FF6FF7349
:1081200098420546BCD021780122FCF7B5FB2846D1
:1081300000F0D8FA33466A460921FCF74DFD0528C0
:10814000AED10C4B012219782846FCF7A5FBA7E716
:108150000A4B1A68012AA2D1BFF35F8F014C1E603F
:108160009EE700BF97BD0020557F040098BD00200A
:10817000F57D040094BD0020F97C04009CBC002027
:1081800030B50D4B83B000220C4619780B4B019291
:1081900005460093FCF780FB09490A4B2846002C52
:1081A00008BF0B46019300F09DFA00226946FCF7D8
:1081B0008BFD03B030BD00BF94BD0020010009005D
:1081C0003CD6040040D6040070B503888588353B52
:1081D00086B004461F2B2AD8DFE803F06110292956
:1081E00029292929292929292929292929292929FF
:1081F000292929292929298429A32938554E28469E
:108200003178FCF72DFB90B1317800222846FCF73D
:1082100043FBE188002940F08980E389012B03D1E9
:10822000217C003918BF01212846FFF7A9FF4A4CDD
:108230004A4B4B4918780022FCF772FB49492078D9
:10824000002206B0BDE87040FCF76ABB002611238F
:108250002846CDE90166CDE903668DF80430059620
:10826000ADF8065000F03EFAADF8080000F0B0F9A5
:108270003D4B394C197832462846FCF70DFB2178E6
:1082800032462846FCF708FBBDF8060000F02AFA43
:10829000034601A8ADF80830FDF742FAC8E7334EAF
:1082A00028463178FCF7DCFA0028C0D0002231786B
:1082B0002846FCF7F1FAE288002A39D02C4B264CEC
:1082C00019782C4B00222846CDE90132FCF7E4FA5C
:1082D000294B0293284600F005FA002201A9FCF779
:1082E000F3FCA5E7037B012BA1D1827A012A9ED161
:1082F000018942F60213994299D1204C28462178EF
:10830000FCF7CAFA00221E492078FCF709FB024656
:1083100000288CD1164B1B4918780F4CFCF700FB3A
:1083200086E72846FFF708FD0B4C81E700217BE735
:10833000A689012EC2D1E1892846FFF7D5FC002885
:10834000BCD1044B044C197832462846FCF7A4FAF9
:108350006EE700BF95BD002098BD002096BD0020AF
:10836000F17D0400F57D040099BD002093BD00203F
:1083700094BD0020010009003CD6040097BD0020F8
:10838000557F0400F97C0400AFDF7047B1DF704710
:10839000B2DF7047B3DF704770B51E4B1E4C93E8D9
:1083A0000300238888B04FF6FF7601ADB34285E81D
:1083B000030007D127E02088FCF7F2FCB042034617
:1083C000208020D0184600222946FCF77DFC034679
:1083D0000028F0D0002220880792112BCDE903223B
:1083E000CDE90522ADF810000DD0862B0DD0072267
:1083F0008DF80C20059300F0E9F9034603A8ADF8C9
:108400000E30FDF7A1F908B070BD06238DF80C30D1
:10841000F1E700BF44D6040076BD0020044A12886C
:108420004FF6FF739A4200D17047FFF7B5BF00BF08
:1084300076BD00202DE9F04182B0074600F052F9E8
:108440004FF6FF7398423AD0064601224FF00308D8
:108450006B4608213046551CFCF76AFE0446ADB257
:1084600003233846E4B9019A911D42F8048BFFF7C3
:108470008FFF034608213046CBB10C2B03D1FCF70C
:10848000BDFE2A46E4E70821052B18BF1C46FCF771
:10849000B5FE002818BF0324204602B0BDE8F081D5
:1084A000072C08BF0C24204602B0BDE8F0813246FC
:1084B000FCF7CAFE0446204602B0BDE8F08143F254
:1084C0000204204602B0BDE8F08100BF2DE9F04172
:1084D00082B0064600F006F94FF6FF7398422CD1A1
:1084E000002703243D464FF0010823463A4629461B
:1084F0003046FFF74BFF04280AD008280AD00B2883
:108500000AD0B8F1000F08BF0B2002B0BDE8F0811F
:108510001120F6E70020F4E714F0020404D13DB185
:1085200027463D46032400E001244FF00008DCE725
:10853000002FEAD003242F46F7E76A460821FCF70C
:10854000F3FD0028CCD1019DAF882C680635CAE721
:1085500008B54FF6FF70FCF723FC034B1880BDE80D
:108560000840FFF719BF00BF76BD002000B585B0F9
:108570000DF10703039300F0B5F802AA0121FCF7FF
:10858000D3FD20B9039B187805B05DF804FB0020EB
:1085900005B05DF804FB00BF70B50C4E04463046D4
:1085A000FFF7F8FE78B9318843F203054FF6FF7202
:1085B0002046FFF7E9FEA84200D070BD31880131A6
:1085C00089B23180F2E7032070BD00BF78BD002082
:1085D00000B5084B844693E8030083B06B4683E8FC
:1085E0000300002219466046FCF76EFB03B05DF8FD
:1085F00004FB00BF4CD6040046DF70472DE9F04174
:10860000102205460E460130013102F082FD78BB92
:1086100004462B4605F1100113F8012F52BB994275
:10862000FAD16F7C96F8118087EA080313F0FE0FE9
:1086300016D106F1120105F11200062207F0FE071D
:1086400002F067FD042F0FD0062F0DD008F0FC08B4
:10865000B8F1040F08D0B0FA80F04009BDE8F0810D
:1086600007F0FE07042F13D104F00100BDE8F081EC
:108670000024D6E7334606F1100113F8012F2AB97A
:108680008B42CED013F8012F002AF9D00124C8E77D
:10869000062FE9D008F0FC08B8F1040FE4D0002060
:1086A000E4E700BF70B584B005460E46FCF7D8FA83
:1086B00002AA0DF106010720FCF7DAFA0346284664
:1086C0005BB1BDF80640B442F2D00399FFF796FFC4
:1086D0000028EDD0204604B070BD4FF6FF74204650
:1086E00004B070BD13280DD810B50446FCF710F87F
:1086F00028B1064B04EB840433F8140010BD4FF688
:10870000FF7010BD4FF6FF70704700BFA0BC002087
:10871000132816D838B504460D46FBF7F9FF68B1A3
:10872000094804EB840400EB44040020E388D4F8F7
:108730000220AB80237A2A60AB7138BD43F202007D
:1087400038BD43F202007047A0BC002010B5048879
:108750004CB9821C00F10A0C12F8013B1BB994457C
:10876000FAD1002010BD0B88A342FAD108220231B1
:10877000023002F0CEFCB0FA80F0400910BD00BF1C
:1087800030B585B00546FCF76BFA0CE0039C04F1AC
:108790004601FFF7DBFF034604F12A01284683B9AF
:1087A000FFF7D4FF68B902AA0DF106010720FCF714
:1087B0005FFA03462846002BE8D14FF6FF7005B05C
:1087C00030BDBDF8060005B030BD00BF4FF6FF73E9
:1087D00098422DE9F04118D00024DFF83880074690
:1087E000254601E0642C10D038F81430BB42AEB2FC
:1087F00004F1050405F10105F4D13046FBF788FFCB
:108800000028EFD03046BDE8F0814FF6FF763046C5
:10881000BDE8F081A0BC0020132804D8024B00EB77
:10882000800023F810107047A0BC0020F8B54FF668
:10883000FF7398421FD00024114F0646254603E0DF
:10884000642C05F1010515D037F81430B34204F15A
:108850000504A8B2F4D1FBF75BFF0028F0D0304646
:10886000FCF700FC28B905EB85054FF6FF7327F8E8
:108870001530F8BD3046BDE8F840FCF7F3BB00BF4B
:10888000A0BC002010B58CB0144610306B460DF122
:10889000100E10F801CD03F801CB9E45F9D100234D
:1088A000049391F800C08EF80C30CEE901334A7879
:1088B0008B788DF81E2068468DF81D308DF81FC00E
:1088C000FFF79AFE9DF82F109DF82E209DF82D3071
:1088D00021706270A3700CB010BD00BF0388102B14
:1088E0002CD1F0B500F1040CBCE80F0095B00DF1EF
:1088F000280EAEE80F00BCE80F00AEE80F009DF8B0
:108900002C609CE8030006F0FE07062F8EE80300AB
:1089100015D1BDF828304E49BDF830400B9803EB17
:1089200083035B00CA18D4804FF6FF74CC529DF8C5
:1089300032301372C2F8020015B0F0BD7047FCF778
:108940008FF99DF82C30032B4FEA530253D9022A9A
:10895000DFD105AC0DF10605224629460720FCF7BC
:1089600087F9002860D0042FF6D10C9B0698ADF84B
:1089700010301B0C8DF81230BDF82D30ADF80830DA
:1089800003AA9DF82F308DF80A30013004A9FFF7B3
:1089900079FFBDF80820BDF80C309A42DCD19DF873
:1089A0000E309DF80A209A42D6D1BDF82810284BE7
:1089B000BDF806500B9801EB810252009D52134402
:1089C000BDF83020DA804FF6FF72C3F802009542FE
:1089D0009DF832001872AFD000232046ADF8161073
:1089E0008DF81430ADF81850FCF7C2FE2046FFF7A2
:1089F0000DFB15B0F0BD05AC0DF10605224629466C
:108A00000720FCF735F9062270B106994B7C7340BC
:108A100013F0FE0F01F11201F0D10DF12D0002F063
:108A200078FB0028EAD1C0E7BDF8283008490B9848
:108A300003EB83035B00CA184FF6FF74CC52BDF8FA
:108A400030109DF83230C2F80200D180137273E703
:108A5000A0BC002082B010B58C4684B04968864620
:108A6000DCF800000DF1080CACE8030006A981E871
:108A70000C00039BDA070EEB630C12D55A10029B15
:108A80005EF80220D45808AB93E803008DE8030099
:108A900006AB0CCB6046A04704B0BDE8104002B066
:108AA0007047029CEFE700BF2DE9F04F83B0DDE98E
:108AB0000CABBDF83870002B41D080460E46914675
:108AC0001D46BAF1000F3DD00F2E01D1C02F36D177
:108AD000282002F0F4FA04461030F7F737F918208E
:108AE0002680A4F8029002F0EAFACDE900AB47F044
:108AF0000207A7806B4607460246A06003CB47F8F3
:108B00000C5B0023D8F80060D360E3607B60916069
:108B1000506075680D495161C4E908330C4B9D42A2
:108B200008D12046F2F7A6F9204603B0BDE8F04F81
:108B300002F0BFBA21464046A8470028F1D103B051
:108B4000BDE8F08F1BF0010FBED1F8E7558A040095
:108B5000094003002DE9F0438DB00446149FDDF871
:108B60005490884616461D465FB306A8F7F7EEF800
:108B70001820ADF80880ADF80A6002F0A0FA0146AE
:108B8000CDE9007941F80C5B0023EC460246C36056
:108B90004B60BCE8030050602068916005930D496C
:108BA0008568049251610C4A0A9312219542ADF8EE
:108BB0000C100B9309D102A8F2F75CF90DB0BDE8D7
:108BC000F08319F0010FD0D1F8E761462046A8479D
:108BD000F1E700BF558A04001140030070B58368B7
:108BE0001A49DA88B3F808C0194E86B000250491F6
:108BF000059506A9044680F82850034611E90300AC
:108C0000C2F30022C2F105028DE8030092B2614670
:108C10003068FFF79FFF0F4BCDE9023502AB93E8B9
:108C2000030042F210728DE80300234630682321CE
:108C3000FFF790FF0022002304F11000C4E908238D
:108C4000E56006B0BDE87040F1F7F4BF89C30100EC
:108C500070B80020C1C3010090F82830054A10B553
:108C6000044602600BB9204610BDFFF7B7FF20464F
:108C700010BD00BF64D6040090F82830084A10B533
:108C80000446026023B9204602F013FA204610BDC4
:108C9000FFF7A4FF204602F00CFA204610BD00BFEB
:108CA00064D6040090F8283010B5044683B92379BF
:108CB00063B123680C4A9B6893420CD194F8283026
:108CC0000A4A22605BB9204602F0F3F9002010BD89
:108CD000FFF784FFEBE720469847002010BD2046B1
:108CE000FFF77CFFEFE700BF798C040064D6040037
:108CF00070B50B4B03600446002500F1100685801B
:108D00002A46816001213046F1F7D8FE3046E56001
:108D1000E56284F82850F1F7DBFE204670BD00BF05
:108D200064D604002DE9F04190F8283088B004465C
:108D30000D46002B36D18068314A03685B6D934243
:108D40005AD1304B04934FF00008CDF8148004AB97
:108D50000789C2882C4E93E803008DE80300C2F314
:108D600000223946C0270297C2F10502306892B24C
:108D70002346FFF799FE254B02970693CDF81C80FA
:108D800008AB13E903008DE803003068204E23464A
:108D900042F210722321FFF787FE3378EBB10123F3
:108DA00084F828308DB900220023C4E90823002369
:108DB00004F11000E360F1F78BFEE068154B00282A
:108DC00008BF184608B0BDE8F081F3F72FFC28185B
:108DD00041EBE571C4E90801E9E70093232242F27F
:108DE000107342F210700021F3F730FC012333704E
:108DF000012384F82830D5E703219847A068A0E72D
:108E00007571030089C3010070B80020C1C301005F
:108E10009ABD002011FCFFFF024B1868BFF35B8F67
:108E2000704700BFB4200020024B1868BFF35B8F6F
:108E3000704700BF68BD0020C0F3C7537F3B162BAF
:108E400007EE900A20F000422FDC002B16DB1C4AB4
:108E50001A41104226D09FED1B7A37EE877AB5EE85
:108E6000C07AF1EE10FA1DDD002804DD4FF4000198
:108E700041FA03F3184420EA020070479FED117A8B
:108E800037EE877AB5EEC07AF1EE10FA0ADD0028E7
:108E900013DBB7EE007A002A14BF17EE100A17EEA4
:108EA000900A704717EE900A7047B2F1FF4FF9D35E
:108EB00077EEA77A17EE900A70474FF000407047A0
:108EC000FFFF7F00CAF24971194A20F00043934224
:108ED0001DDDB3F1FF4F06DB07EE900A77EEE77A70
:108EE00017EE900A704700B583B0694600F03CFA6F
:108EF00000F00302012A019900980BD0022A11D038
:108F00006AB1012200F044FF03B05DF804FB0021C8
:108F100000F066BB00F03CFF80F00040F4E700F09A
:108F20005FFBF1E700F05CFB80F00040ECE700BF86
:108F3000D80F493FC0F3C7537F3B162B07EE900A6B
:108F400020F0004228DC002B16DB1C4A1A4110429C
:108F50001FD09FED1B7A37EE877AB5EEC07AF1EE1F
:108F600010FA16DD002804DA4FF4000141FA03F389
:108F7000184420EA020070479FED117A37EE877A95
:108F8000B5EEC07AF1EE10FA03DD00280CDB00200C
:108F9000704717EE900A7047B2F1FF4FF9D377EEA2
:108FA000A77A17EE900A7047BFEE007A002A14BF26
:108FB00017EE100A17EE900A704700BFFFFF7F0000
:108FC000CAF249711B4A20F0004393421EDDB3F1FF
:108FD000FF4F06DB07EE900A77EEE77A17EE900A6E
:108FE000704700B583B0694600F0BEF900F0030099
:108FF000012801990ED0022815D078B1009800F010
:10900000EFFA80F0004003B05DF804FB002100227D
:1090100000F0BEBE009800F0E3FAF4E700980122E9
:1090200000F0B6FEEFE70098012200F0B1FE80F0FC
:109030000040E8E7D80F493FC0F3C7537F3B162BEA
:10904000024608DC002BB1BF00F000400748184181
:1090500022EA00007047802B00D0704707EE900A8C
:1090600077EEA77A17EE900A704700BFFFFF7F00E8
:10907000D3F7D6B908B52DED028B08EE900A08EEAD
:10908000101A00F073F8F4EE488AF1EE10FA034675
:1090900006D6DFED0B8AB4EE688AF1EE10FA03D043
:1090A000BDEC028B184608BD01F064F8C8EEA87A42
:1090B000BDEC028B2122026017EE903A184608BDE3
:1090C0000000000008B52DED028B08EE100A00F03C
:1090D000E3F8B4EE488AF1EE10FA03460ED6B5EE88
:1090E000C08AF1EE10FA09D8B5EE408AF1EE10FA16
:1090F00008D101F03FF82222084B0260BDEC028B40
:10910000184608BD01F036F8BDEC028B034621225B
:109110001A600348BDE8084000F090BE000080FFE0
:10912000F4B5040008B52DED028B08EE100A00F02E
:109130004FFAB4EE488AF1EE10FA06D6DFED0A8A4D
:10914000B4EEE88AF1EE10FA02D4BDEC028B08BD51
:1091500001F010F8C8EEA87ABDEC028B034621227C
:109160001A6017EE900A08BD0000000030B583B009
:1091700007EE900A0191019D35F0004C42D0034664
:1091800020F00040B0F1FF4F3CDABCF1FF4F39DC7A
:10919000604541DB03F0004441D013F0FF4F5BD149
:1091A000010200296FF07D0204DD4900002902F16F
:1091B000FF32FADC15F0FF4F5ED15FEA0C216FF051
:1091C0007D0E03D449000EF1FF3EFBD512F17E0F58
:1091D0004CDBC3F3160343F400031EF17E0F3EDBAA
:1091E000C5F3160C4CF4000CB2EB0E0204D11CE0DB
:1091F00015D04B00013A18D0A3EB0C010029F7DA87
:109200005B00F7E79DED017A67EE877AC7EEA77AF4
:1092100017EE900A03B030BD17EE900AFAE71D482A
:1092200000EB5470006803B030BDB3EB0C0C58BFBA
:1092300063461BB9F3E75B000EF1FF3EB3F5000F89
:10924000F9DB1EF17E0F1CDBA3F500000EF17F0E93
:10925000204340EACE50DDE7C2157F3AAAE76FF01F
:109260007D01A1EB0E010CFA01FCBDE76FF07D035F
:109270009B1A00FA03F3B0E74FEAEC5EAEF17F0E03
:10928000A4E76FF07D00A0EB0E00034143EA040069
:10929000C0E700BF70D6040008B530F000432DEDE4
:1092A000028B07EE100A2DD0002836DBB0F1FF4FFD
:1092B00047DAB0F5000F3BDB0022C3157F3B1344B8
:1092C000DA0F03EBD37307EE903AC2F17F02C0F3DB
:1092D000160040EAC250B8EEE78A00F02BFE9FED80
:1092E0001C7ADFED1C6A07EE900A27EE877ADFED25
:1092F0001A7AA8EE267AA8EE277ABDEC028B17EE32
:10930000100A08BD9FED157ADFED157AC7EE277AB2
:10931000BDEC028B17EE900A08BD77EE477A9FED01
:10932000107AC7EE877ABDEC028B17EE900A08BD63
:10933000DFED0C7A67EE277A6FF0180217EE900ACD
:10934000BBE7BDEC028B77EE077A17EE900A08BDFB
:10935000D95BDE3EDB27543580209A3E000000CCEE
:10936000000000000000004C70B58B4A20F0004463
:10937000944286B00D466FDD884A9442064622DC50
:109380000028DFED877A874A07EE100A24F00F04E1
:1093900040F3E980944277EE677A09BFDFED826A95
:1093A0009FED827A9FED827A77EEE67A012077EE62
:1093B000C76A77EEE67AC1ED006A77EEC77AC1ED4B
:1093C000017A06B070BD7B4A944255DDB4F1FF4F7F
:1093D00048DAE215863AA4EBC25307EE903ABDEEA6
:1093E000E77ADFED756AB8EEC77A77EEC77A8DED6A
:1093F000037A67EEA67ABDEEE77AB8EEC77A77EE23
:10940000C77A8DED047A67EEA67AF5EE407AF1EE32
:1094100010FACDED057A40F09580B5EE407AF1EE88
:1094200010FA14BF02230123644901910221009123
:1094300003A8294600F05CF9002EC2DA95ED007A07
:10944000D5ED017AB1EE477AF1EE677A85ED007AD3
:10945000C5ED017A4042B4E72860002200204A604E
:1094600006B070BD07EE900A77EEE77A0020C1EDF6
:10947000017AC1ED007AA4E700F0DCFCDFED506A70
:10948000DFED475A07EE100AF6EE007AE7EE267A8D
:10949000DFED466AFDEEE77A17EE900AB8EEE76A6E
:1094A0001F28F0EE477AE6EE657A26EE267AF1EE90
:1094B000465A1EDC434A411E24F0FF0352F8212085
:1094C000934216D077EEC76AC5ED006A77EEE67A6A
:1094D000002E77EEC77AC5ED017ABFF672AFF1EED6
:1094E000666AF1EE677AC5ED006AC5ED017A404221
:1094F00067E777EEC76AE21516EE903AC3F3C753F3
:10950000C3EBD454082CDFDD9FED277ADFED286A0A
:10951000B0EE675AA5EE875A77EEC57AE5EE877A00
:10952000D6EE267A75EE676AB0EE677A16EE903A56
:10953000C3F3C753D21A192A06DCF0EE457AC5EDFB
:10954000006AC3E703236FE7DFED1F6ADFED1F4A01
:10955000F0EE457AE5EEA67A35EE677AA5EEA67AC4
:1095600096EE247AAEE7944277EE277A09BFDFEDD4
:109570000E6A9FED0E7A9FED0E7A77EEA67A4FF087
:10958000FF3077EE876A77EEE67AC1ED006A77EE14
:10959000877AC1ED017A14E7D80F493FE3CB164033
:1095A000800FC93FD00FC93F00443537434435379A
:1095B00008A3852E800F494300008043F8D604009D
:1095C00084F9223F78D6040000A3852E32318D2401
:1095D00007EE900AF1EEE77A17EE900A704700BFA7
:1095E00020F00043B3F1485F06EE100A07EE901A30
:1095F0002EDABDEEC67A17EE103A002B64D066EE76
:10960000066A9FED337A9FED334ADFED334A9FEDD3
:10961000335ADFED335AA6EE874A9FED327AE6EEF3
:10962000844AA6EEA45AA6EE857AE6EE875A66EE3E
:10963000A55A67EEC67AB6EE006AE6EEA57AB7EEF0
:10964000007AD6EE867A77EE677A17EE900A704740
:1096500066EE066A9FED1E7A9FED1E4ADFED1E4AFA
:109660009FED1E5ADFED1E5A1F4AA6EE874A93420F
:109670009FED1C7AE4EE264AA4EEA65AA5EE267AC1
:10968000E7EE265A65EEA65AD3DD184A934216DC59
:1096900003F17F4307EE103AB7EE005A35EE475A12
:1096A00067EEC67AB6EE006A96EE867AE6EEA57AA0
:1096B00077EE677A75EE677A17EE900A7047B6EE26
:1096C000075AB5EE027AEBE74FF07E50704700BFC5
:1096D0004ED747ADF6740F317CF293B4010DD037FD
:1096E000ABAA2A3D610BB6BA9999993E0000483F52
:1096F0002DE9F04F2DED048BDBB01C460393069152
:10970000A74B6899089253F82150111D824604F125
:10971000FF38C0F2B882D31E48BF131DDB1002937E
:109720000133DB000793DDE907239B1A0593029BB6
:1097300015EB0801A3EB080216D401319FED997ACD
:10974000699811441EAB002AA4BF50F8224007EECE
:10975000904A02F10102ACBFF8EEE77AF0EE477AE8
:109760008A42E3EC017AEED1002DC0F2FC82039B29
:109770001EAA02EB830446AE4FEA830C4046EF1864
:109780000AEB8301B8F1000FDFED867A09DB224690
:109790005346F3EC016A32ED017A8B42E6EE877AAA
:1097A000F7D10130B842E6EC017A04F10404E9D1C2
:1097B00009AB0AAF03EB850907EB8503083B9FED77
:1097C0007B9ADFED798ADDF814B004930AEB0C0480
:1097D0002B4646AE00955AAA02EB8302002B52EDAF
:1097E000146A4FEA830516DD06EB8302394666EEFE
:1097F000897AB0EE667AFDEEE77A32ED016AF8EE2C
:10980000E77AB242A7EEE87A77EE866ABDEEC77ACB
:10981000A1EC017AEBD116EE900A5946019300F0C3
:1098200011FB08EE100AF4EE007A68EE277A17EEC4
:10983000900AFFF77FFB06EE900AF0EE487AB2EE50
:10984000007AE6EEC77ABBF1000F019BFDEEE79AC6
:10985000B8EEE98A37EEC88A75DD03F1FF3ECBF139
:10986000080057F82E1041FA00FC0CFA00F0081A14
:10987000CBF1070219EE901A40FA02F26144002A75
:1098800047F82E0009EE901A65DCB5EE408AF1EE3D
:1098900010FA40F0C580009903F1FF3C61450EDCF1
:1098A00003F18041013907EB8101002051F804598F
:1098B000494540EA0500F9D1002840F0FC80009AB3
:1098C000013A57F82220002A40F0F080049A01253E
:1098D00052F8041901350029FAD003F1010E1D4494
:1098E0007146039A1344029A02EB0E0C0CF1804C61
:1098F000699A0CF1FF3C02EB8C0C1EAA06EB8E0E53
:1099000002EB8300DCED017A9FED267AF8EEE77A30
:10991000B8F1000F0CF1040CC0ED007A024600F122
:10992000040009DB534601E072ED017AF3EC016AB1
:10993000A342A6EEA77AF7D10131A942AEEC017A93
:10994000E0DD2B4647E740F0A7805A1E57F822205B
:10995000D211002A99DD19EE901A002B01F10101B4
:1099600009EE901A40F3A5813868002840F08A80FB
:10997000012B27D039464FF0010C51F8040F002875
:1099800000F084800CF10101C0F580708B4247F833
:109990002C0016DD57F821003D4407EB81010AE059
:1099A0003CDA040000000000000080430000803B1F
:1099B0000000C93F0868C0F1FF0041F8040BA9424C
:1099C000F8D10120BBF1000F0DDDBBF1010F00F05C
:1099D0005281BBF1020F06D15D1E57F8251001F030
:1099E0003F0147F82510022A7FF44FAFF7EE007AC7
:1099F00037EEC88A00283FF448AF17EE900A594660
:109A00000992019300F01EFA07EE900A38EE678A79
:109A1000099A019BB5EE408AF1EE10FA3FF43BAF94
:109A2000CDE90132DDE9073218EE100A991A009DDE
:109A300000F008FA5FED246A07EE900AF4EEE67A89
:109A4000F1EE10FADDE90132C0F25B811FED297AF7
:109A5000059927EE877A0831BDEEC77A0591B8EEF1
:109A6000C77A03F1010BE7EE667ABDEEC77AFDEE29
:109A7000E77A17EE901A47F8231017EE103A47F8D6
:109A80002B302FE001214FF0000C7DE70CF1010C91
:109A90009C457FF472AF95E7F6EE007AB4EEE78A64
:109AA000F1EE10FA80F2F4800022EEE603F1010EEE
:109AB0007146754615E70599009DA1F1080057F814
:109AC0002C100590E34669B903F18043023B07EB94
:109AD0008303014653F804090BF1FF3B08390028C2
:109AE000F8D00591059900924FF07E5000F0AAF948
:109AF000BBF1000F07EE100A009AC0F227814FEA6F
:109B00008B0E46AB03EB0E060EF1040C5FED596AAB
:109B100007EB0C03311D73ED017AF8EEE77ABB42D7
:109B200067EE877A27EE267A61ED017AF3D1002D70
:109B30001FED616A4FF0000420DB9348DFED937A5C
:109B4000B0EE467A3146002303E09C4208DBB0ECDD
:109B5000017AF1EC016A01339D42E6EE877AF4DA8C
:109B60005AAB03EB8403A34543ED287AA6F1040620
:109B700004F1010305D0002D1C46DEDADFED837A07
:109B8000EEE7689902291CDC002900F394800FD1CC
:109B900032ABDFED7E7A9C443CED017A634577EE93
:109BA000877AF9D10AB1F1EE677A069BC3ED007AA4
:109BB00019EE903A03F007005BB0BDEC048BBDE8F2
:109BC000F08F689B032BF3D1BBF1000F00F0D38023
:109BD0000EF5B4736B4432A913ED287A01EB8B03B5
:109BE00073ED017AF0EE476A37EE277A994277EE05
:109BF000C77A83ED007A77EEA67AC3ED017AEFD1CA
:109C0000BBF1010F40F3B7800BF1804B0EF5B4733D
:109C10000BF1FF3B0DEB030E4FEA8B0B0BF1040333
:109C20001EED287A0B4433A873ED017AF0EE476AF3
:109C300037EE277A984277EEC77A83ED007A77EE8F
:109C4000A67AC3ED017AEFD10BF1080BDFED4F7A65
:109C500001EB0B03083133ED017A994277EE877AF5
:109C6000F9D1002A55D10699329A339B0A604B608C
:109C7000C1ED027A9CE75D1E57F8251001F07F01C7
:109C800047F82510AFE608230793002302934AE51F
:109C900019EE902A002B02F1010209EE902AC8BFAA
:109CA00002223FF761AEF7EE007A37EEC88A022251
:109CB000EBE5002086E632A9DFED347A01EB830381
:109CC00033ED017A994277EE877AF9D19DED327AB8
:109CD0008ABB069BBBF1000FC3ED007A77EE677A73
:109CE0000BDD33A90123B1EC017A01339B4577EEFB
:109CF000877AF8DA0AB1F1EE677A069BC3ED017A4A
:109D000056E7FDEEE77A9B4617EE901A47F82310C8
:109D1000E8E6DDED326A9DED337A069BF1EE666A88
:109D2000B1EE477AF1EE677AC3ED006A83ED017A0E
:109D3000C3ED027A3CE7069BF1EE676ABBF1000FC8
:109D400077EE677AC3ED006ACBDCD4E7689B022B21
:109D50000DDC002B14DC7FF42BAFDFED0C7A002A36
:109D60003FF423AF1FE7039B4FEA830C20E5689B7A
:109D7000032B7FF41DAFDFED057A002AC9D172E70E
:109D8000DFED027AA2E700BF14DA04000000000051
:109D900020F00043B3F1485F07EE900A06EE901AF8
:109DA00004DABDEEE77A17EE103A83B327EEA77A0E
:109DB0009FED176ADFED174A9FED175ADFED175A2F
:109DC000E7EE064A9FED166AA4EE875A27EE874A09
:109DD000E5EE075AA5EE876A42B9DFED126AE7EEB3
:109DE000066AE6EE847A17EE900A704726EE446A19
:109DF000F6EE005AA6EEA56ADFED0B5AD6EE076A1C
:109E0000E4EE256A77EEE67A17EE900A704770471F
:109E1000D3C92E2F342FD7B21BEF3836010D50B9CE
:109E20008988083CABAA2ABEABAA2A3E21F0004191
:109E3000704700BF20F00040704700BF00487047E7
:109E40000000C07F82B00190019830F0004330D014
:109E5000B3F1FF4F25D210F0FF4F2DD19DED017AC8
:109E6000DFED2D7A2D4B67EE277A9942CDED017A01
:109E70003ADB0198C0F3C753193B0B44FE2B1FDD9F
:109E8000DFED277ADFED276A019B002BB0EE677AC2
:109E9000B8BFF0EE667A67EE877A17EE900A02B0E6
:109EA0007047DDED017A77EEA77A17EE900A02B0DF
:109EB0007047019802B07047DB0D0B44FE2BDFDCCE
:109EC000002B0BDC13F1160F17DA4CF250339942CA
:109ED000D6DCDFED157ADFED156AD5E720F0FF401F
:109EE00040EAC35002B07047DFED0F7A9DED017A72
:109EF00067EE277A17EE900AD9E7193320F0FF4072
:109F000040EAC35007EE100ADFED097A67EE277AC0
:109F100017EE900ACBE700BF0000004CB03CFFFFFB
:109F2000CAF24971CAF249F16042A20D6042A28DA3
:109F30000000003330F0004207EE100A03462DD037
:109F4000002834DBB0F1FF4F43DAB0F5000F37DB08
:109F50004FF0000C7048C3F31601084400F40002EF
:109F600082F07E520A43DB1507EE102A7F3B6B4AD4
:109F7000634401F10F0CF7EE007A0CEA020237EEAF
:109F8000677A03EBD0534ABBB5EE407AF1EE10FA94
:109F900067D1002B40F09F80002070479FED607AD2
:109FA000DFED607AC7EE277A17EE900A704777EEFA
:109FB000477A9FED5C7AC7EE877A17EE900A704772
:109FC000DFED597A67EE277A6FF0180C17EE903AAA
:109FD000C0E777EE077A17EE900A7047F0EE007A46
:109FE00077EE277A06EE903AC7EE273A4F48C1F54A
:109FF0005712084402F522720243002ADFED4C2A70
:10A000009FED4C4A9FED4C5A9FED4C3ADFED4C4A88
:10A01000DFED4C7A9FED4C6A63EEA35AB8EEE62A68
:10A0200065EEA56AA6EEA24AE6EE834AA4EE265A9B
:10A03000A4EEA66AE5EE267A67EEA57AE6EE267A23
:10A040002EDDF6EE006A67EE266A66EE876A7BBB57
:10A0500077EEA67AE7EEE36A77EE667A17EE900A75
:10A060007047F6EE006A9FED396AF0EE667AE7EE29
:10A07000467A67EE076A66EEA76A002BECD007EE19
:10A08000903ADFED335A9FED336AF8EEE77AE7EE68
:10A09000E56A36EEC77A97EE867A17EE100A7047B1
:10A0A00043BB77EE677AA7EEE37A17EE100A7047A4
:10A0B0009FED276ADFED275A77EEA67A22EE066A31
:10A0C000A7EEA36A76EEC66A36EEC77A92EE257AD6
:10A0D00017EE100A704707EE903A9FED1D7ADFEDFC
:10A0E0001D6AF8EEE77A27EE877AA7EEA67A17EED2
:10A0F000100A7047DFED166A9FED166A77EE677AF1
:10A1000066EEC26AE7EEA36A36EEC77A92EE067A88
:10A1100017EE100A704700BF20FB4A00F0FF7F00D7
:10A12000000000CC000000000000004C305CCFFFBD
:10A130009788173E25333A3E2549923E4FD01C3E24
:10A14000298E633EABAA2A3FCDCCCC3EABAAAA3E19
:10A15000D1F717378071313F10B5054C13462CB13C
:10A160000A4601460220AFF3008010BD2046FCE7FE
:10A1700000000000014B1868704700BFB8200020A5
:10A1800008B5074B044613B10021AFF30080054B1F
:10A190001868836A03B19847204600F083FF00BF28
:10A1A0000000000048DA040070B50D4D0D4C641B32
:10A1B000A4100026A64209D10B4D0C4C01F026F844
:10A1C000641BA4100026A64205D170BD55F8043BBF
:10A1D00098470136EEE755F8043B98470136F2E719
:10A1E0002C2100202C2100202C2100204C2100209B
:10A1F000024B0146186800F0CCBF00BFB820002019
:10A2000038B5074D00230446084611462B6000F080
:10A2100041FF431C02D12B6803B1236038BD00BF4E
:10A220006CBD0020012B2DE9F04701D0242B06D96D
:10A23000FFF7A0FF162303600020BDE8F087DFF8DA
:10A24000E4C00D462E4615F8014B14F80C7017F0BB
:10A250000807F7D12D2C32D12C780127B51C002B03
:10A260005BD0102B09D1302C07D12C7804F0DF04FF
:10A27000582C4DD16C781023023507F1004808F1B5
:10A28000FF384FF0000CB8FBF3F9664603FB198A60
:10A29000A4F1300EBEF1090F16D87446A34224DD96
:10A2A000BCF1000F1EDBB1451CD301D1A24519DB67
:10A2B00006FB03464FF0010C15F8014BE8E72B2C89
:10A2C00004BF2C78B51CCAE7A4F1410EBEF1190FEA
:10A2D00001D8373CE2E7A4F1610EBEF1190F04D8B2
:10A2E000573CDBE74FF0FF3CE6E7BCF1000F05DA37
:10A2F00022230360464642B930469EE707B17642C4
:10A30000002AF9D0BCF1000F00D0691E1160F3E7FC
:10A310003024002BB1D10823AFE7302CA5D00A237D
:10A32000ABE700BF4DDA040013460A460146024877
:10A330000068FFF777BF00BFB82000202DE9F04389
:10A34000364F86460D46284615F8014BE65D16F059
:10A350000806F8D12D2C2FD12C780126851C002B36
:10A3600057D0102B09D1302C07D1287800F0DF000E
:10A37000582849D16C78102302354FF0FF38002758
:10A38000B8FBF3F803FB08F96FEA09093846A4F1B2
:10A39000300CBCF1090F14D86446A34222DD002F13
:10A3A0001DDB80451BD301D1A14518DB00FB034019
:10A3B000012715F8014BEAE72B2C04BF2C78851CEC
:10A3C000CDE7A4F1410CBCF1190F01D8373CE4E70B
:10A3D000A4F1610CBCF1190F04D8573CDDE74FF034
:10A3E000FF37E6E7002F07DA2223CEF800304FF0E0
:10A3F000FF3032B9BDE8F08306B14042002AF9D0FF
:10A4000007B1691E1160F5E73024002BB5D1082390
:10A41000B3E7302CA9D00A23AFE700BF4DDA040020
:10A4200013460A46014602480068FFF787BF00BF8F
:10A43000B820002081F0004102E000BF83F000431B
:10A4400030B54FEA41044FEA430594EA050F08BFCF
:10A4500090EA020F1FBF54EA000C55EA020C7FEA93
:10A46000645C7FEA655C00F0E2804FEA5454D4EB10
:10A470005555B8BF6D420CDD2C4480EA020281EADA
:10A48000030382EA000083EA010180EA020281EA12
:10A490000303362D88BF30BD11F0004F4FEA013164
:10A4A0004FF4801C4CEA113102D0404261EB410173
:10A4B00013F0004F4FEA03334CEA133302D05242F9
:10A4C00063EB430394EA050F00F0A780A4F10104B5
:10A4D000D5F1200E0DDB02FA0EFC22FA05F28018EF
:10A4E00041F1000103FA0EF2801843FA05F35941D5
:10A4F0000EE0A5F120050EF1200E012A03FA0EFC54
:10A5000028BF4CF0020C43FA05F3C01851EBE3717D
:10A5100001F0004507D54FF0000EDCF1000C7EEB9A
:10A5200000006EEB0101B1F5801F1BD3B1F5001FD8
:10A530000CD349085FEA30004FEA3C0C04F10104F7
:10A540004FEA445212F5800F80F09A80BCF1004F20
:10A5500008BF5FEA500C50F1000041EB045141EAA2
:10A56000050130BD5FEA4C0C404141EB0101013C6B
:10A5700028BFB1F5801FE9D291F0000F04BF01465A
:10A580000020B1FA81F308BF2033A3F10B03B3F12C
:10A5900020020CDA0C3208DD02F1140CC2F10C02BC
:10A5A00001FA0CF021FA02F10CE002F11402D8BF1A
:10A5B000C2F1200C01FA02F120FA0CFCDCBF41EAE6
:10A5C0000C019040E41AA2BF01EB0451294330BDB5
:10A5D0006FEA04041F3C1CDA0C340EDC04F1140492
:10A5E000C4F1200220FA04F001FA02F340EA030069
:10A5F00021FA04F345EA030130BDC4F10C04C4F1AF
:10A60000200220FA02F001FA04F340EA030029468E
:10A6100030BD21FA04F0294630BD94F0000F83F4D8
:10A62000801306BF81F480110134013D4EE77FEABB
:10A63000645C18BF7FEA655C29D094EA050F08BF07
:10A6400090EA020F05D054EA000C04BF19461046E8
:10A6500030BD91EA030F1EBF0021002030BD5FEA2C
:10A66000545C05D14000494128BF41F0004130BD54
:10A6700014F580043CBF01F5801130BD01F00045A8
:10A6800045F0FE4141F470014FF0000030BD7FEA1B
:10A69000645C1ABF194610467FEA655C1CBF0B4616
:10A6A000024650EA013406BF52EA033591EA030F2D
:10A6B00041F4002130BD00BF90F0000F04BF002125
:10A6C000704730B54FF4806404F132044FF0000558
:10A6D0004FF0000150E700BF90F0000F04BF0021D1
:10A6E000704730B54FF4806404F1320410F0004537
:10A6F00048BF40424FF000013EE700BF42004FEA32
:10A70000E2014FEA31014FEA02701FBF12F07F43AE
:10A7100093F07F4F81F06051704732F07F4208BF65
:10A72000704793F07F4F04BF41F40021704730B56C
:10A730004FF4607401F0004521F000411CE700BFB8
:10A7400050EA010208BF704730B54FF000050AE03B
:10A7500050EA010208BF704730B511F0004502D53C
:10A76000404261EB41014FF4806404F132045FEA3E
:10A77000915C3FF4D8AE4FF003025FEADC0C18BFE7
:10A7800003325FEADC0C18BF033202EBDC02C2F1D9
:10A79000200300FA03FC20FA02F001FA03FE40EA6B
:10A7A0000E0021FA02F11444BDE600BF70B54FF06F
:10A7B000FF0C4CF4E06C1CEA11541DBF1CEA13554D
:10A7C00094EA0C0F95EA0C0F00F0DEF82C4481EAB5
:10A7D000030621EA4C5123EA4C5350EA013518BFD5
:10A7E00052EA033541F4801143F4801338D0A0FBC2
:10A7F00002CE4FF00005E1FB02E506F00042E0FB6F
:10A8000003E54FF00006E1FB03569CF0000F18BF74
:10A810004EF0010EA4F1FF04B6F5007F64F540741C
:10A8200004D25FEA4E0E6D4146EB060642EAC621AF
:10A8300041EA55514FEAC52040EA5E504FEACE2E1C
:10A84000B4F1FD0C88BFBCF5E06F1ED8BEF1004F1F
:10A8500008BF5FEA500E50F1000041EB045170BD9B
:10A8600006F0004646EA010140EA020081EA0301DF
:10A87000B4EB5C04C2BFD4EB0C0541EA045170BDDB
:10A8800041F480114FF0000E013C00F3AB8014F155
:10A89000360FDEBF002001F0004170BDC4F100049E
:10A8A000203C35DA0C341BDC04F11404C4F120051F
:10A8B00000FA05F320FA04F001FA05F240EA02007A
:10A8C00001F0004221F0004110EBD37021FA04F6B0
:10A8D00042EB06015EEA430E08BF20EAD37070BD6A
:10A8E000C4F10C04C4F1200500FA04F320FA05F0C9
:10A8F00001FA04F240EA020001F0004110EBD370CB
:10A9000041F100015EEA430E08BF20EAD37070BD3A
:10A91000C4F1200500FA05F24EEA020E20FA04F313
:10A9200001FA05F243EA020321FA04F001F00041C2
:10A9300021FA04F220EA020000EBD3705EEA430E33
:10A9400008BF20EAD37070BD94F0000F0FD101F062
:10A950000046400041EB010111F4801F08BF013C9B
:10A96000F7D041EA060195F0000F18BF704703F0D9
:10A970000046520043EB030313F4801F08BF013D60
:10A98000F7D043EA0603704794EA0C0F0CEA13551C
:10A9900018BF95EA0C0F0CD050EA410618BF52EAD6
:10A9A0004306D1D181EA030101F000414FF00000DC
:10A9B00070BD50EA410606BF1046194652EA4306EA
:10A9C00019D094EA0C0F02D150EA013613D195EA5E
:10A9D0000C0F05D152EA03361CBF104619460AD1A6
:10A9E00081EA030101F0004141F0FE4141F47001B0
:10A9F0004FF0000070BD41F0FE4141F4780170BDA0
:10AA000070B54FF0FF0C4CF4E06C1CEA11541DBF04
:10AA10001CEA135594EA0C0F95EA0C0F00F0A7F806
:10AA2000A4EB050481EA030E52EA03354FEA013133
:10AA300000F088804FEA03334FF0805545EA131346
:10AA400043EA12634FEA022245EA111545EA10650E
:10AA50004FEA00260EF000419D4208BF964244F1A5
:10AA6000FD0404F5407402D25B084FEA3202B61AC4
:10AA700065EB03055B084FEA32024FF480104FF498
:10AA8000002CB6EB020E75EB030E22BFB61A75460C
:10AA900040EA0C005B084FEA3202B6EB020E75EB9F
:10AAA000030E22BFB61A754640EA5C005B084FEA07
:10AAB0003202B6EB020E75EB030E22BFB61A7546D4
:10AAC00040EA9C005B084FEA3202B6EB020E75EBDF
:10AAD000030E22BFB61A754640EADC0055EA060EA0
:10AAE00018D04FEA051545EA16754FEA06164FEAE3
:10AAF000C30343EA52734FEAC2025FEA1C1CC0D18F
:10AB000011F4801F0BD141EA00014FF000004FF01B
:10AB1000004CB6E711F4801F04BF01430020B4F1DC
:10AB2000FD0C88BFBCF5E06F3FF6AFAEB5EB030C94
:10AB300004BFB6EB020C5FEA500C50F1000041EB91
:10AB4000045170BD0EF0004E4EEA113114EB5C045E
:10AB5000C2BFD4EB0C0541EA045170BD41F4801131
:10AB60004FF0000E013C90E645EA060E8DE60CEA39
:10AB7000135594EA0C0F08BF95EA0C0F3FF43BAF56
:10AB800094EA0C0F0AD150EA01347FF434AF95EA0D
:10AB90000C0F7FF425AF104619462CE795EA0C0FF1
:10ABA00006D152EA03353FF4FDAE1046194622E7BE
:10ABB00050EA410618BF52EA43067FF4C5AE50EA98
:10ABC00041047FF40DAF52EA43057FF4EBAE12E788
:10ABD0004FF0FF3C06E000BF4FF0010C02E000BF69
:10ABE0004FF0010C4DF804CD4FEA410C7FEA6C5C4C
:10ABF0004FEA430C18BF7FEA6C5C1BD001B050EAEF
:10AC0000410C0CBF52EA430C91EA030F02BF90EAD9
:10AC1000020F0020704710F1000F91EA030F58BF98
:10AC2000994208BF90422CBFD8176FEAE37040F0FA
:10AC3000010070474FEA410C7FEA6C5C02D150EA98
:10AC4000013C07D14FEA430C7FEA6C5CD6D152EA53
:10AC5000033CD3D05DF8040B704700BF8446104618
:10AC600062468C461946634600E000BF01B5FFF717
:10AC7000B7FF002848BF10F1000F01BD4DF808EDE7
:10AC8000FFF7F4FF0CBF012000205DF808FB00BFB8
:10AC90004DF808EDFFF7EAFF34BF012000205DF812
:10ACA00008FB00BF4DF808EDFFF7E0FF94BF01205F
:10ACB00000205DF808FB00BF4DF808EDFFF7CEFF60
:10ACC00094BF012000205DF808FB00BF4DF808ED9F
:10ACD000FFF7C4FF34BF012000205DF808FB00BF70
:10ACE0004FEA4102B2F1E04324BFB3F5001CDCF1AE
:10ACF000FE5C0DD901F0004C4FEAC0024CEA5070E6
:10AD0000B2F1004F40EB830008BF20F00100704714
:10AD100011F0804F21D113F13872BCBF01F0004017
:10AD2000704741F480114FEA5252C2F11802C2F149
:10AD3000200C10FA0CF320FA02F018BF40F00100CA
:10AD40004FEAC1234FEAD32303FA0CFC40EA0C007C
:10AD500023FA02F34FEA4303CCE77FEA625307D1B9
:10AD600050EA01331EBF4FF0FE4040F440007047F0
:10AD700001F0004040F0FE4040F40000704700BF8A
:10AD800053B94AB9002908BF00281CBF4FF0FF3152
:10AD90004FF0FF3000F074B9ADF1080C6DE904CE4E
:10ADA00000F006F8DDF804E0DDE9022304B07047A6
:10ADB0002DE9F047089D04468E46002B4DD18A426E
:10ADC000944669D9B2FA82F252B101FA02F3C2F1A1
:10ADD000200120FA01F10CFA02FC41EA030E944032
:10ADE0004FEA1C48210CBEFBF8F61FFA8CF708FB53
:10ADF00016E341EA034306FB07F199420AD91CEB2B
:10AE0000030306F1FF3080F01F81994240F21C815C
:10AE1000023E63445B1AA4B2B3FBF8F008FB1033A4
:10AE200044EA034400FB07F7A7420AD91CEB0404D9
:10AE300000F1FF3380F00A81A74240F207816444A9
:10AE4000023840EA0640E41B00261DB1D44000232E
:10AE5000C5E900433146BDE8F0878B4209D9002D92
:10AE600000F0EF800026C5E9000130463146BDE81C
:10AE7000F087B3FA83F6002E4AD18B4202D3824286
:10AE800000F2F980841A61EB030301209E46002D35
:10AE9000E0D0C5E9004EDDE702B9FFDEB2FA82F28A
:10AEA000002A40F09280A1EB0C014FEA1C471FFAE8
:10AEB0008CFE0126200CB1FBF7F307FB131140EACF
:10AEC00001410EFB03F0884208D91CEB010103F19C
:10AED000FF3802D2884200F2CB804346091AA4B25E
:10AEE000B1FBF7F007FB101144EA01440EFB00FE32
:10AEF000A64508D91CEB040400F1FF3102D2A64597
:10AF000000F2BB800846A4EB0E0440EA03409CE735
:10AF1000C6F12007B34022FA07FC4CEA030C20FAE2
:10AF200007F401FA06F31C43F9404FEA1C4900FA02
:10AF300006F3B1FBF9F8200C1FFA8CFE09FB18117F
:10AF400040EA014108FB0EF0884202FA06F20BD9F2
:10AF50001CEB010108F1FF3A80F08880884240F242
:10AF60008580A8F102086144091AA4B2B1FBF9F086
:10AF700009FB101144EA014100FB0EFE8E4508D981
:10AF80001CEB010100F1FF346CD28E456AD9023806
:10AF9000614440EA0840A0FB0294A1EB0E01A142EB
:10AFA000C846A64656D353D05DB1B3EB080261EB59
:10AFB0000E0101FA07F722FA06F3F1401F43C5E933
:10AFC000007100263146BDE8F087C2F12003D84069
:10AFD0000CFA02FC21FA03F3914001434FEA1C47AB
:10AFE0001FFA8CFEB3FBF7F007FB10360B0C43EA9D
:10AFF000064300FB0EF69E4204FA02F408D91CEB4D
:10B00000030300F1FF382FD29E422DD9023863444A
:10B010009B1B89B2B3FBF7F607FB163341EA0341EA
:10B0200006FB0EF38B4208D91CEB010106F1FF3839
:10B0300016D28B4214D9023E6144C91A46EA004630
:10B0400038E72E46284605E70646E3E61846F8E6C2
:10B050004B45A9D2B9EB020864EB0C0E0138A3E70B
:10B060004646EAE7204694E74046D1E7D0467BE7EC
:10B07000023B614432E7304609E76444023842E764
:10B08000704700BF024B58221A604FF0FF307047E4
:10B090006CBD0020024B58221A604FF0FF30704701
:10B0A0006CBD0020FEE700BF0B4601461846FFF7C7
:10B0B00053B8EFF791BEFFF7FCBFFFF7FABF0128C7
:10B0C00038BF012010B504462046EFF747FE30B9DF
:10B0D000FDF7AAFE08B900F011F88047F4E710BDAB
:10B0E000FFF7EDBF08B500F004F808B5804700F0A1
:10B0F00005F808B5FDF790FEFFF7F7FF08B5062045
:10B10000FFF776F80120FFF7CDFF0A220021FFF7B5
:10B110000BB910B501390244904201D1002005E07D
:10B12000037811F8014FA34201D0181B10BD013064
:10B13000F2E70A44914200F1FF3300D1704710B5A5
:10B1400011F8014B03F8014F9142F9D110BD88422B
:10B1500010B501EB020402D98442234607D8431EEE
:10B16000A14208D011F8012B03F8012FF8E702449F
:10B1700001468A4200D110BD13F8014D02F8014D7D
:10B18000F7E702440346934200D1704703F8011BDE
:10B19000F9E71F2938B504460D4604D91623036084
:10B1A0004FF0FF3038BD426C12B152F821304BB92C
:10B1B000204600F016F82A4601462046BDE83840F1
:10B1C000FFF71EB8012B0AD0591C03D116230360C8
:10B1D0000120E7E7002442F8254028469847002050
:10B1E000E0E7FFF74FBF10F8012B11F8013B012AF0
:10B1F00028BF9A42F7D0D01A7047034613F8012BA4
:10B20000002AFBD1181A013870470000F8B500BFBA
:10B21000F8BC08BC9E467047F8B500BFF8BC08BC37
:10B220009E46704700000000000000000000001073
:10B2300000000000000000140000000000000019E1
:10B24000000000000000401F000000000000881304
:10B250000000000000006A18000000000080841E4A
:10B260000000000000D01213000000000084D71777
:10B27000000000000065CD1D00000000205FA0124E
:10B2800000000000E876481700000000A2941A1D94
:10B2900000000040E59C3012000000901EC4BC1667
:10B2A0000000003426F56B1C000080E03779C311E4
:10B2B0000000A0D8855734160000C84E676DC11B2A
:10B2C00000003D9160E4581100408CB5781DAF1529
:10B2D0000050EFE2D6E41A1B0092D54D06CFF010D5
:10B2E00080F64AE1C7022D1520B49DD97943781A1A
:10B2F000949002282C2A8B10B9340332B7F4AD1481
:10B30000E70184FEE471D9193081121F2FE727105D
:10B310007C21D7E6FAE03114DBE98CA039593E19DB
:10B320005224B00888EF8D1FB3166E05B5B5B8135B
:10B33000609CC94622E3A61878037CD8EA9BD01EFD
:10B340002B824DC772614213B6E22079CFF91218F1
:10B35000641B695743B8171E1EB1A1162AD3CE121B
:10B36000661D4A9CF4878217BFA45CC3F129631D44
:10B37000F7E6191A37FA5D12B560A0E0C478F51641
:10B38000E378C818F6D6B21C8D4B7DCF59C6EF11A5
:10B39000719E5C43F0B76B160DC63354ECA5061CCA
:10B3A00001000000000000086766666666666606C3
:10B3B000B91E85EB51B81E05FA7E6ABC7493180459
:10B3C0002ACB10C7BAB88D06223CDA38622D3E056A
:10B3D0004E637B2DE8BD310416D22BAFA6FCB5061B
:10B3E000780E238CB8635E052DA5B509FA824B044F
:10B3F000AE6EEF75F637DF065825595EF85F7F05AC
:10B4000047847A4B60E6650471A05D129A70090763
:10B41000C1E64AA8E126A1056785D5B9E7EB800416
:10B420000B6F22F6A5AC3407A325B59151BDC3051A
:10B43000E9EA907474979C040EABB4ED53F2600784
:10B44000D88890244328E705E0D3A68302EDB8040A
:10B4500066B9D70504488E075294AC04D06C0B062D
:10B46000DBA9236AA6F0D5042B769F763DB4BC07F2
:10B47000EFC4B22B31903006F3038FBC8DA6F304DA
:10B4800051061894AF3DEC07DAD1ACA9BF97560628
:10B49000E2A7F0BAFF121205E81F5A6299750E046E
:10B4A000A6CC296AF5887D06ECD687EE5D3A310593
:10B4B0005612D3BEE4612704BD831EFE6D69A50646
:10B4C000979C4BCB24215105ACE3A2A250E740044A
:10B4D00013399E6AE73ECE06DC604B55ECCB710516
:10B4E00017E7D5DD89095B04BE7189FC420FF806B8
:10B4F000318E07CA683F930528D8D2D453CC75043F
:10B50000D959512186E0220747AEDA4D6B80B50547
:10B510003958150B893391048EF3EE44DBB84E078E
:10B520000BF68B9DE293D805D6C43CB11B43AD040A
:10B53000BC072EB5929E7B07FDD224C4DB7EFC05A2
:10B54000FEDB833616FFC9042F936C8A2398A90764
:10B55000F3A823D582462106182D4454FB21E9BFC8
:10B56000D221337F7CD90240D221337F7CD902C0E3
:10B570000000000000000080182D4454FB21094009
:10B58000182D4454FB2109C04FBB610567ACDD3F5A
:10B59000182D4454FB21E93F9BF681D20B73EF3FFA
:10B5A000182D4454FB21F93FE2652F227F2B7A3C72
:10B5B000075C143326A6813CBDCBF07A8807703C2B
:10B5C000075C143326A6913C6D6320626F6F740D87
:10B5D0000A0000006D63205225640D0A000000007F
:10B5E0006D63204C25640D0A000000006D6320454A
:10B5F00025640D0A000000006D632072756E0D0A4F
:10B60000000000006D696E6463726166742D6D6385
:10B6100075206661756C743A20636F64653D2573AF
:10B620000D0A00000000000000000000B514040036
:10B63000011404001DB703001DB7030025B7030064
:10B6400025B703000DB703002DB7030071170400E1
:10B6500049B703003D1804007D14040069B70300D6
:10B660004DCE010061CE01007915040000000000FC
:10B6700000000000EDCB0100F9CB010011EC01004E
:10B68000F5F701000000000000000000E9CB010018
:10B6900009CC010099CC0100B5EF0100F5F20100E1
:10B6A00055EE0100E5EE0100000000000000000082
:10B6B000E5CB010019CC0100C91C0200000000000C
:10B6C00000000000E1CB010029CC0100F9CC010011
:10B6D000EDCC0100E1CC0100D5CC0100C9CC0100CA
:10B6E000BDCC0100B1CC0100A5CC010000000000E0
:10B6F00000000000DDCB010039CC010035CD010098
:10B7000019CD01000000000000000000D9CB0100AD
:10B7100049CC0100DDC90100F5C9010019CA0100C9
:10B720005DCA010085CA01000000000000000000A1
:10B73000D5CB010059CC010051CD01000000000023
:10B7400000000000D1CB010069CC0100A1FE010086
:10B750009DCA0100C9D0010069D0010099D0010043
:10B76000A1CA0100A9CA0100C1CB0100000000006C
:10B7700000000000CDCB010089CC0100F1CB01001D
:10B780000000000000000000C9CB010079CC0100DE
:10B79000B9210200551C02005F5F6F75742E6E7533
:10B7A0006D6265723A3C6E756D6265723E2E7273A3
:10B7B000736900005F5F6F75742E627566666572EF
:10B7C0003A3C6275666665723E2E76616C75650000
:10B7D0005F5F6F75742E737472696E673A3C737431
:10B7E00072696E673E2E76616C7565005F5F6F757E
:10B7F000742E6E756D6265723A3C6E756D6265721F
:10B800003E2E76616C75650068656C6C6F0000009B
:10B81000000000000000FF00FF000000000000FF2B
:10B82000000000FF00FFFFFF00000000E803000031
:10B83000409C0000640000000001000000010000C6
:10B84000400000001000000008000000020000009E
:10B8500000000000000000000200000001000000E5
:10B8600000000000000000000000000000000000D8
:10B8700008000000030400000000000008000000B1
:10B8800000040000000000000800000004040000A4
:10B890000000000008000000050400000000000097
:10B8A000080000000604000000000000080000007E
:10B8B0000704000000000000080000000804000069
:10B8C0000000000001000000000080BF0000000038
:10B8D000ECB70400D0B70400B4B70400894D42505F
:10B8E0004E614E00496E66696E6974790000000011
:10B8F0002D496E66696E697479000000496E66694B
:10B900006E69747900000000010000000A00000068
:10B9100064000000E803000010270000A08601007A
:10B9200040420F008096980000E1F50500CA9A3B5E
:10B9300067695039CE43B73A0889083CC1A92A3D06
:10B94000AAAA2A3E0000003FBB21903DB8D1EBBD22
:10B950001A25EF3D4F5DFEBDBFE9113E50AE2ABE38
:10B96000ACCE4C3EFCFF7FBEAAAAAA3E3BC5193C0A
:10B970009C774C3BB521C83CC9C55A3DDD96083E75
:10B980006FAAAA3E52B32C3DE317C63CC73E3A3DD0
:10B99000F680993DE4AA2A3E000100000000000064
:10B9A0000100000000000000020000000000000094
:10B9B000030000000000000004010000000000007F
:10B9C000050100000000000006010000000000006A
:10B9D0000A010000000000000B0100000000000050
:10B9E0000C010000000000000D010000000000003C
:10B9F000140101000000000015010100000000001A
:10BA000016010100000000001E02000000000000FE
:10BA10001F000000000000002001000000000000E6
:10BA200028030000000000002903000000000000BF
:10BA30002A030000000000002B03000000000000AB
:10BA40002C030000000000002D0300000000000097
:10BA50003200000000000000330000000000000081
:10BA60003C010100000000003D000000000000005B
:10BA70003E00000000000000460000000000000042
:10BA80004701010000000000480000000000000025
:10BA900049000000000000004A0101000000000011
:10BAA0005A020000000100005B00000000000000DE
:10BAB0005C000000000000005D00000000000000CD
:10BAC0005E000000000000005F00000000000000B9
:10BAD00060000000000000006100000000000000A5
:10BAE0006200000000000000630000000000000091
:10BAF000640200000001000065000000000000007A
:10BB00006600000000000000670000000000000068
:10BB100068000000000000006E020000000100004C
:10BB20006F00000000000000700000000000000036
:10BB3000710200000001000072010000000000001E
:10BB4000730100000000000074000000000000000D
:10BB500078000000000000007900000000000000F4
:10BB600082010000000000008301000000000000CE
:10BB70008C010000000000008D01000000000000AA
:10BB80009601000000000000970100000000000086
:10BB9000A001000000000000A10100000000000062
:10BBA000AA02000000000000AB010000000000003D
:10BBB000747275650000000066616C7365000000BA
:10BBC0006C656E67746800000000000000000000F3
:10BBD00075AD020011B2020081B30200FCFFFFFF4D
:10BBE0000000000079B30200F8FFFFFF0000000032
:10BBF000CDB30200000000000000000059BC0200AC
:10BC00000100000000000000000000000000000033
:10BC10000000000001BB020001000000000080BF26
:10BC200000000000000000000000000001390300D7
:10BC3000013A030009390300513A0300FD9C030057
:10BC40003D3B0300C53B0300000000000000000076
:10BC500001390300A13D030009390300816303009A
:10BC6000FD9C0300AD3D0300D13D030039B6030048
:10BC70003DB603008966030051B603000563030067
:10BC80000161030059B60300C4FFFFFF000000007C
:10BC90000139030015CC030009390300A53D030059
:10BCA000FD9C0300293E0300FD3D0300554249541D
:10BCB0005F4C4F475F46535F565F3030320A00009B
:10BCC000C8BC0400080000000100000002000000E1
:10BCD000020000000200000003000000020000005B
:10BCE0000400000001000000050000000800000042
:10BCF0000600000001000000070000000100000035
:10BD0000080000000100000000000000000000002A
:10BD100001390300A13D030079450300A53D03005F
:10BD2000FD9C0300254003003D400300D8ECF0F4E7
:10BD3000F8FC0004000000000000000001390300CE
:10BD4000A13D0300854A0300554D0300FD9C0300FF
:10BD5000594903007149030060BD04000800000058
:10BD6000010000000C0000000200000005000000BF
:10BD700003000000020000000400000001000000B9
:10BD800005000000010000000600000002000000A5
:10BD90000700000003000000080000000100000090
:10BDA000000000000000000001390300A13D030075
:10BDB00009390300A53D0300FD9C03001550030055
:10BDC000495003005D5303009D530300C557030012
:10BDD00011500300E5570300FD57030021580300ED
:10BDE000F8FFFFFF00000000455003004958030022
:10BDF0000D58030085580300955303007554030044
:10BE0000615803000000000000000000B958030062
:10BE10000959030021590300000000000000000040
:10BE2000F9590300C5580300D158030011E8030075
:10BE3000DD580300E55803000159030025E803001D
:10BE400029E8030000000000000000004D5E030030
:10BE5000A55F0300515E0300555E0300615E0300B1
:10BE6000795E0300215F0300000000000000000075
:10BE700001390300A13D0300093903008163030078
:10BE8000FD9C0300E55F03000160030039B6030079
:10BE90003DB603008966030051B603000563030045
:10BEA0000161030059B6030000000000000000001B
:10BEB00091F2030075F2030079F2030011E8030028
:10BEC00085F2030089F2030021E8030025E803005E
:10BED00029E803000000000000000000E56D0300F9
:10BEE000E9670300ED67030011E80300F967030049
:10BEF00019E80300FD67030025E8030029E80300B3
:10BF00000D68030059680300F8FFFFFF0000000000
:10BF100001390300A13D030009390300A53D0300D9
:10BF2000FD9C0300FD680300A9680300676967675B
:10BF30006C650000303130323330393838303139C7
:10BF400030303834343030343430303838383130C0
:10BF500032333030313630313030333330303234C8
:10BF600030303030303030303030303030303030D1
:10BF70003030303030303030303030302C313130C3
:10BF80003233323537303038373431313434303081
:10BF90003434303038383830333532303035393069
:10BFA0003130303333303030313030303030303089
:10BFB0003030303030303030303031303030303080
:10BFC00030303030302C3331303233323732393058
:10BFD000323131303534343032383839303838381D
:10BFE000303039313030363330303030303030303E
:10BFF0003234303730303032303030303030303032
:10C0000030303030333030303030303030302C332E
:10C0100031303233323732393031303230353434F6
:10C0200030323838393038383830303931303036CD
:10C0300033303030303030303032343037303030F0
:10C0400032303030303030303030303030333030EB
:10C05000303030303030302C3331303233323732D0
:10C060003930313134303534343032383839303891
:10C07000383830303931303036333030303030309D
:10C0800030303234303730303032303030303030A1
:10C09000303030303030333030303030303030309D
:10C0A00000000000686170707900000030313032AB
:10C0B0003331393932303636393131343430303445
:10C0C0003430303838383032363230303238303040
:10C0D0003030313830303032303530303030303050
:10C0E000303030303030303030313030303030304F
:10C0F000303030302C30303233323231323930322D
:10C1000039353038343430323430343038383830EF
:10C110003030303030303430303032323430303112
:10C12000313030303030303030303030303030300E
:10C13000303030373530303030303030302C3030F7
:10C1400030303032313239303239353039343430C0
:10C1500032343034303838383031343530303034AF
:10C1600030303032323430303131303030303030C5
:10C1700030303030303030303030303037353030B3
:10C18000303030303030000068656C6C6F0000007B
:10C19000333130323330363733303139373032346F
:10C1A000343031313837303838383130323330315B
:10C1B000323830303030303030303234303030306F
:10C1C000303030303030303030303030303030306F
:10C1D00030303030303030302C333030303031305F
:10C1E0003634303031363032343430303938313022
:10C1F000383838303030303031323830303030301C
:10C200003130303034303030303030303030303029
:10C21000303030303030303030303030303030301E
:10C22000302C3331303233313036343032393330F0
:10C2300032343430303938313038383831303233C4
:10C2400030313238303030303031303030343030DE
:10C2500030303030303030303030303030303030DE
:10C260003030303030303030303000006D79737421
:10C270006572696F75730000343030303032333995
:10C28000303033333130303434303234303430388D
:10C290003838303437373030303430303032323470
:10C2A0003030313130343030303030303030303088
:10C2B0003030303030303830303030303030303076
:10C2C0002C34303535313238343533383530303040
:10C2D0003434303034343030383838303030303036
:10C2E0003132383033303130353030313630303033
:10C2F0003030303030303030303030303030383531
:10C30000303030353030303135000000736164003A
:10C3100033313032333232323630373038303134F4
:10C3200034303136323430383838313032333031DD
:10C3300032383030303030313030323430303030EC
:10C3400030303030303030303030303030303030ED
:10C3500030303030303030302C33313032333136D1
:10C360003233303933363032343430303933393097
:10C37000383838303030303031323830303030309A
:10C3800031303032343030303030303030303030A6
:10C39000303030303030303030303030303030309D
:10C3A00030000000736C6964650000003130353284
:10C3B000303233323530323233303234343032345A
:10C3C000303430383838313032333031323830313F
:10C3D0003032303030303131303430303030303055
:10C3E000303030303030303030313030303030304C
:10C3F000303030302C303130323332353230303929
:10C400003130303234343030343430303838383100
:10C410003032333031323830313032323430303102
:10C420003130343030303030303030303030303007
:10C43000303031303030303030303030300000008B
:10C44000736F6172696E670032313032333430306D
:10C45000393533303930353434303539393930388D
:10C4600038383130323330303232303230303034AC
:10C4700030303032303235303030303030303030B3
:10C4800030303030303230303030303030303030AA
:10C490002C34303232333337323732373330313471
:10C4A0003434303034343030383838303030303064
:10C4B000303331303130323434303030333030306A
:10C4C000303030303030303030303030303030306C
:10C4D00030303030303030303000000073707269EE
:10C4E0006E6700003330363539303033373131360E
:10C4F00033313234343030353837303838383038FA
:10C500003037303033343030303030303030323417
:10C51000303030303030303030303030303030301B
:10C520003035303030303030303030302C30313009
:10C5300032333030333731313633313334343030D5
:10C5400035383730383838313032333030333130B5
:10C5500030303030303030323430303030303030D5
:10C5600030303030303030303030353030303030C6
:10C5700030303030300000007477696E6B6C6500CD
:10C58000303130313830303037363732323039347C
:10C59000343030373536303838383038353530315A
:10C5A000323830303030303030303234303030307B
:10C5B000303030303030303030303030303030307B
:10C5C0003030303030303030000000007961776E2C
:10C5D0000000000032303030303232383131333305
:10C5E0003230323434303135303030383838313020
:10C5F000323330313238303130323431303032341D
:10C600003034303030333030303030303030303023
:10C610003031303030303030303030302C30303518
:10C6200033313235323030393130303234343030E9
:10C6300034343030383838303633363031323830C0
:10C6400031303232343030313130333030303030DC
:10C6500030303030303030303030313030303030D9
:10C6600030303030302C30303832323037383430AF
:10C670003139303038343430303434303038383880
:10C68000303638313030313630303030353530308A
:10C690003234303030303030303030303030303094
:10C6A00030303030353030303030303030302C3089
:10C6B0003034373930373834303139303038343439
:10C6C0003030343430303838383032393830303136
:10C6D000363030303030303030323430303030304E
:10C6E0003030303030303030303030303035303045
:10C6F000303030303030302C303033323130373829
:10C7000034303139303038343430303434303038FB
:10C7100038383031303830303136303030303333F3
:10C720003030303830303030303030303030303001
:10C7300030303030303035303030303030303030F4
:10C74000000000000000000000000000D55F0300B2
:10C750000950030025600300B9700300C170030095
:10C76000C9700300D1700300E1700300F170030091
:10C77000FD7003000D710300157103001D710300AE
:10C7800025710300357103003D71030045710300FD
:10C79000DD5F03005D710300657103006D710300CF
:10C7A00075710300657203007D71030081710300E0
:10C7B00085710300A171030000000000000000006B
:10C7C000D55F03000950030025600300597503007D
:10C7D000C170030089710300D1700300E170030090
:10C7E000F1700300FD7003000D710300157103006B
:10C7F0001D710300D5750300817503008D71030061
:10C80000C9720300DD5F03005D7103006571030001
:10C810006D71030075710300657203007D71030083
:10C8200081710300F171030005730300AD71030012
:10C83000497603009171030095710300E8FFFFFF43
:10C840000000000001390300A13D030089730300CB
:10C85000A53D0300FD9C03002972030045730300FE
:10C86000E0FFFFFF00000000A97603000DE80300D1
:10C87000F972030011E80300F572030019E80300E0
:10C8800021E8030025E8030029E80300D8ECF0F4D0
:10C89000F8FC000400000000000000000139030063
:10C8A000A13D0300FD76030055770300FD9C0300C6
:10C8B000CD760300FD780300756E6B6E6F776E00AA
:10C8C000FFFFFFFF00000001000200030004010061
:10C8D000010101020103010402000201020202033C
:10C8E0000204030003010302030303040400040120
:10C8F0000402040304040000000000000000000023
:10C90000597D0300F5CD0100DD7B0300D17B0300E1
:10C91000557D03004D7D030081950300217D0300BB
:10C92000C9810300D97B03005D7D030091220200D1
:10C9300045240200FCFFFFFF000000003D830300D0
:10C94000857D0300817D0300A53D0300FD9C030060
:10C950003D2402005D2402000000000000000000F1
:10C9600001390300A13D030009390300A53D03007F
:10C97000FD870300458303005D8303000000000082
:10C980000000000001390300A13D03000939030044
:10C99000A53D0300FD9C0300FD88030011890300F1
:10C9A00059B0030021B0030029B0030025B00300F3
:10C9B000558903002D89030079B3030000000000AE
:10C9C0000000000001390300A13D03000939030004
:10C9D000A53D0300FD9C0300BD8A0300D18A03002E
:10C9E000158B030039B50300CDB40300ED8A0300B5
:10C9F000D1B40300636F6D7061737343616C0000A9
:10CA0000302C3235352C302C3235352C300A302C48
:10CA10003235352C302C3235352C300A302C302C38
:10CA2000302C302C300A3235352C302C302C302C38
:10CA30003235350A302C3235352C3235352C3235FD
:10CA4000352C300A0000000054494C5420544F202B
:10CA500046494C4C2053435245454E2000000000AF
:10CA600000000100020003000400000101010201B6
:10CA70000301040100020102020203020402000396
:10CA8000010302030303040300040104020403047A
:10CA9000040400001B1B000E1100000015160F18E7
:10CAA000130000001C0B1F251E00000000000000EA
:10CAB00000000000597D0300899F0300DD7B030017
:10CAC000D17B0300557D03004D7D0300819503005C
:10CAD0007D95030000000000000000000139030004
:10CAE000A13D0300B5990300A53D0300FD9C030093
:10CAF0001D990300359903000000000000000000AC
:10CB000001390300A13D030009390300A53D0300DD
:10CB1000FD9C0300A99D0300D19D030000000000BF
:10CB20000000000001390300A13D030009390300A2
:10CB3000A53D0300FD9C0300000000000000000074
:10CB4000E5B004000000000000000000013903000F
:10CB5000A13D030009390300A53D0300FD9C03002E
:10CB6000000000000000000059B0030021B00300E5
:10CB700029B0030025B00300E5B00400E5B00400CF
:10CB800079B3030000000000000000000139030039
:10CB9000A13D030009390300A53D0300FD9C0300EE
:10CBA0000000000000000000E5B0040039B50300FB
:10CBB000CDB40300E5B00400D1B4030000000000D0
:10CBC0000000000001390300A13D03000939030002
:10CBD000A53D0300FD9C030079B60300A1B6030048
:10CBE00039B603003DB6030041B6030051B6030059
:10CBF00055B6030055B6030059B603000000000007
:10CC00000000000051B9030015B703001DB7030071
:10CC10001DB7030025B7030025B703000DB70300B8
:10CC20002DB703004DB8030049B7030089B70300CF
:10CC3000D9B8030069B7030000000000000000003D
:10CC400051B90300000000000000000051B90300CA
:10CC5000E5B00400E5B00400E5B00400E5B0040070
:10CC600025BB0300E5B00400E5B00400B9B903003A
:10CC7000D1BC03000000000000000000F8FFFFFF2F
:10CC80000000000001390300A13D03004DBB03007B
:10CC9000A53D0300FD9C0300000000000000000013
:10CCA000000000000000000015C1030005C10300E2
:10CCB00000000000000000000139030015CC030053
:10CCC00009390300A53D0300FD9C030035C803009E
:10CCD00075C80300000000000000000001390300D7
:10CCE000C1CE030009390300DDD00300FD9C030021
:10CCF00081CE03009DCE0300A9CF030049D00300DD
:10CD000009D00300F4FFFFFF000000008DD00300F6
:10CD100020CD04000400000040CD04000900000004
:10CD200002000000000000000400000010000000ED
:10CD3000080000002000000010000000300000008B
:10CD40006902000080000000E8020000900000007E
:10CD5000C40900007000000088130000600000009B
:10CD60001027000050000000204E0000400000008E
:10CD7000409C000030000000A08601002000000060
:10CD800040420F0010000000000000000000000002
:10CD900001390300A13D030041D5030021D6030062
:10CDA000FD9C0300F1D5030005D6030059B0030034
:10CDB00021B0030029B0030025B0030049D50300CA
:10CDC00055D6030079B30300D0CD04000400000061
:10CDD000102700000C000000204E0000080000009A
:10CDE00050C3000004000000A08601000000000005
:10CDF000000000000000000001390300A13D030015
:10CE00008DD7030035D80300FD9C030005D803002F
:10CE100019D8030095D7030039B50300CDB403003A
:10CE200069D80300D1B40300000000000000000036
:10CE300061D90300094003001140030071D90300C8
:10CE4000000000000000000001DF0300E1D9030042
:10CE5000DDDA030075D9030029DC0300B5DC03002B
:10CE6000F4FFFFFF0000000001390300A13D0300B3
:10CE700009390300A53D0300FD9C0300ADDC030060
:10CE8000C9DC0300000000000000000001390300BD
:10CE9000A13D030009390300A53D0300FD9C0300EB
:10CEA000E9DF0300FDDF030081DF03000000000075
:10CEB0000000000001390300C1CE0300093903005E
:10CEC000DDD00300FD9C030081E30300A9E3030020
:10CED000A9CF03002DE503004DE30300F4FFFFFF9E
:10CEE000000000004DE5030000000000000000000D
:10CEF00001390300A13D030009390300A53D0300EA
:10CF0000FD9C030035E70300CDE7030009E60300BD
:10CF100075E5030051E6030000000000000000007A
:10CF2000A5E803000DE8030009E8030011E8030089
:10CF300015E8030019E8030021E8030025E80300D1
:10CF400029E80300000000000000000055E903008C
:10CF5000A1E803003DE8030049E8030051E80300AD
:10CF600059E8030061E8030069E8030029E80300C9
:10CF7000BDE80300DDE8030075E90300F8FFFFFFEB
:10CF800000000000C9E903000000000000000000EC
:10CF9000A5E8030039E803003DE8030049E8030081
:10CFA00051E8030059E8030061E8030069E8030061
:10CFB00029E8030035E80300B1E8030075E8030041
:10CFC000F8FFFFFF00000000D1E9030000000000AF
:10CFD000000000002DE80300000000000000000039
:10CFE000013903006DEB030009390300A53D03007F
:10CFF000FD9C030025EB030045EB030005F0030057
:10D00000F8FFFFFF0000000035F003000000000003
:10D010000000000091F2030075F2030079F20300B2
:10D0200011E8030085F2030089F2030021E8030000
:10D0300025E8030029E803000000000000000000CC
:10D0400009F4030039E803003DE8030049E8030060
:10D05000F5F30300F9F3030061E8030069E8030056
:10D0600029E8030031F6030055F6030021F603001A
:10D07000F8FFFFFF0000000029F603000000000099
:10D080000000000035F80300B9F7030085F803003D
:10D09000A9F60300E9F7030095F90300F9F8030086
:10D0A000E9F603004DF70300FCFFFFFF000000005E
:10D0B00001390300A13D030009390300A53D030028
:10D0C000FD9C03005DF90300BDF8030000000000B3
:10D0D00000000000E5FA030039E803003DE8030022
:10D0E00049E8030081F603008DF6030029F70300E9
:10D0F00051F7030029E8030079F7030095F70300CF
:10D1000075E8030099F60300F8FFFFFF0000000038
:10D11000D1E90300000000000008080800080A4ADE
:10D120004000000A5FEA5FEA0ED92ED36E1932443E
:10D1300089330C924C924D080800000004880808BE
:10D14000040804848488000A448A4000048EC48051
:10D15000000000048800000EC0000000000800016C
:10D16000224488100C9252524C048C84848E1C826F
:10D170004C901E1EC244924C06CA525FE21FF01E23
:10D18000C13E02448ED12E1FE24488100ED12ED112
:10D190002E0ED12EC48800080008000004800488E8
:10D1A0000244880482000EC00EC008048244880E27
:10D1B000D126C0040ED135B36C0C925ED2521C92B3
:10D1C0005C925C0ED010100E1C9252525C1ED01C51
:10D1D000901E1ED01C90100ED013712E12525ED2D3
:10D1E000521C8808081C1FE242524C125498149298
:10D1F000101010101E113B75B131113935B3710C7F
:10D200009252524C1C925C90100C92524C861C9282
:10D210005C92510ED00C825C1FE4848484125252C2
:10D22000524C1131312A44113135BB7112524C929A
:10D2300052112A4484841EC488101E0EC808080E89
:10D2400010080482410EC242424E048A400000008F
:10D250000000001F0804800000000ED2524F101082
:10D260001C925C000ED0100E02424ED24E0C925C0C
:10D27000900E06C81C88080ED24EC24C10101C928C
:10D28000520800080808024002424C1014981492F8
:10D290000808080806001B75B131001C92525200A4
:10D2A0000C92524C001C925C90000ED24EC2000EAA
:10D2B000D010100006C8049808080EC807001252C3
:10D2C000524F0011312A4400113135BB00124C8CF1
:10D2D0009200112A4498001EC4881E06C48C8486BD
:10D2E000080808080818080C881800000C8360005B
:10D2F000FFFF010000000000FFFF0000FFFF000033
:10D3000008D3040008000000020000000100000033
:10D310000300000002000000040000000300000001
:10D3200005000000040000001C00000005000000D3
:10D330001D000000060000001E00000007000000A5
:10D340001F000000080000000000000000000000B6
:10D3500025070400110704001D07040011E803005D
:10D36000E1060400E5060400F5060400711004005F
:10D3700029E80300950E04000000000000000000F2
:10D3800001390300A13D030009390300FD0D04002C
:10D39000FD9C0300411304009D130400B110040020
:10D3A000F8FFFFFF00000000FD1004000000000077
:10D3B00000000000B5140400011404001DB70300B0
:10D3C0001DB7030025B7030025B703000DB7030001
:10D3D0002DB703007117040049B703003D1804007E
:10D3E0007D14040069B703006D1404007114040077
:10D3F000791504000000000000000000013903005E
:10D40000A13D030009390300A53D0300FD9C030075
:10D410001519040091190400F11C040055190400A9
:10D42000F8FFFFFF00000000711D0400F4FFFFFF84
:10D430000000000089190400000000000000000046
:10D440002521040051240400ED230400DD2A0400FA
:10D45000711F0400E9210400E11F0400F11F040012
:10D4600025200400312004000D7103008D260400E6
:10D47000D12B0400412004003D220400CD220400F1
:10D480009D230400512004005D71030065710300B9
:10D490008D29040035290400B1200400511F040027
:10D4A000F9220400F9880300B18A0300000000009B
:10D4B0000000000051B90300ED2D0400412C0400D0
:10D4C000512C0400D12C040025BB0300012D0400C5
:10D4D0008D2D0400B9B90300D1BC0300392E04001E
:10D4E000D92E0400052F0400F8FFFFFF0000000004
:10D4F00001390300A13D03004DBB03000D300400C2
:10D50000FD9C0300D12E0400ED2E0400000000005D
:10D510000000000001390300A13D030009390300A8
:10D52000A53D0300FD9C0300AD320400C1320400A0
:10D530005D34040081340400653304000000000001
:10D540000000000001390300A13D03000939030078
:10D5500049380400FD9C0300153604002D360400F4
:10D56000014003004D360400A9340400E5340400F2
:10D57000B536040009350400A93704003535040028
:10D580004D3504007D350400B13504000137040039
:10D5900081360400D1350400A53404000030004079
:10D5A000030000000F0000000040004004000000E5
:10D5B0000F00000000300240230000000C000000BB
:10D5C00000200040020000001000000000F00240B7
:10D5D0002F0000000400000000800240280000002E
:10D5E0001000000000100201C8DB0400D8DB0400BA
:10D5F00008000000B8DB0400C8DB040008000000DD
:10D60000B0DB0400B8DB04000800000054DB0400B9
:10D610008CDB0400080000008CDB0400ACDB0400A1
:10D62000080000000000FFFFDEC0ADDEFE011EF1BD
:10D63000DEC0ADDEFF011EF10100FFFF00000000B3
:10D64000010000000100010054D6040001000100A7
:10D6500058D6040001000000000000000000000097
:10D6600000000000A58C0400598C0400798C040093
:10D670000000000000000080000FC93F000F49407B
:10D6800000CB9640000FC9400053FB4000CB164131
:10D6900000ED2F41000F49410031624100537B41B1
:10D6A000003A8A4100CB9641005CA34100EDAF41B6
:10D6B000007EBC41000FC94100A0D5410031E241CC
:10D6C00000C2EE410053FB4100F20342003A0A421D
:10D6D0000083104200CB164200141D42005C23421E
:10D6E00000A5294200ED2F4200363642007E3C4222
:10D6F00000C74242000F4942A2000000F9000000AA
:10D70000830000006E0000004E0000004400000096
:10D710001500000029000000FC00000027000000A8
:10D7200057000000D1000000F500000034000000A8
:10D73000DD000000C0000000DB000000620000000F
:10D7400095000000990000003C000000430000002C
:10D750009000000041000000FE00000051000000A9
:10D7600063000000AB000000DE000000BB00000012
:10D77000C500000061000000B700000024000000A8
:10D780006E0000003A000000420000004D00000062
:10D79000D2000000E0000000060000004900000088
:10D7A0002E000000EA00000009000000D100000087
:10D7B000920000001C000000FE0000001D000000A0
:10D7C000EB0000001C000000B10000002900000078
:10D7D000A70000003E000000E800000082000000FA
:10D7E00035000000F50000002E000000BB00000026
:10D7F0004400000084000000E90000009C000000DC
:10D800007000000026000000B40000005F0000006F
:10D810007E0000004100000039000000910000007F
:10D82000D600000039000000830000005300000013
:10D8300039000000F40000009C000000840000009B
:10D840005F0000008B000000BD000000F900000038
:10D85000280000003B0000001F000000F80000004E
:10D8600097000000FF000000DE000000050000003F
:10D87000980000000F000000EF0000002F000000E3
:10D88000110000008B0000005A0000000A00000098
:10D890006D0000001F0000006D0000003600000059
:10D8A0007E000000CF00000027000000CB00000039
:10D8B00009000000B70000004F0000004600000013
:10D8C0003F000000660000009E0000005F000000B6
:10D8D000EA0000002D000000750000002700000095
:10D8E000BA000000C7000000EB000000E5000000E7
:10D8F000F10000007B0000003D0000000700000078
:10D9000039000000F70000008A000000520000000B
:10D9100092000000EA0000006B000000FB00000025
:10D920005F000000B10000001F0000008D0000003B
:10D930005D00000008000000560000000300000029
:10D940003000000046000000FC0000007B000000EA
:10D950006B000000AB000000F0000000CF000000F2
:10D96000BC000000200000009A000000F40000004D
:10D97000360000001D000000A9000000E3000000C8
:10D9800091000000610000005E000000E600000061
:10D990001B00000008000000650000009900000066
:10D9A000850000005F00000014000000A0000000DF
:10D9B00068000000400000008D000000FF00000033
:10D9C000D8000000800000004D000000730000003F
:10D9D00027000000310000000600000006000000E3
:10D9E0001500000056000000CA000000730000008F
:10D9F000A8000000C900000060000000E200000074
:10DA00007B000000C00000008C0000006B000000E4
:10DA10000000C93F0000F0390000DA370000A233EF
:10DA20000000842E0000502B0000C2270000D022EE
:10DA30000000C41F0000C61B0000441704000000C3
:10DA40000700000009000000BC200020002020206A
:10DA5000202020202020282828282820202020209E
:10DA6000202020202020202020202020208810106E
:10DA700010101010101010101010101010040404CA
:10DA80000404040404040410101010101010414188
:10DA90004141414101010101010101010101010176
:10DAA000010101010101010110101010101042428A
:10DAB0004242424202020202020202020202020246
:10DAC00002020202020202021010101020000000E6
:10DAD0000000000000000000000000000000000046
:10DAE0000000000000000000000000000000000036
:10DAF0000000000000000000000000000000000026
:10DB00000000000000000000000000000000000015
:10DB10000000000000000000000000000000000005
:10DB200000000000000000000000000000000000F5
:10DB300000000000000000000000000000000000E5
:10DB400000000000000000000000000000000000D5
:04DB500000000000D1
:10DB5400F54504000000000099490400E8B60020DF
:10DB6400BD44040000000000F55304000000000060
:10DB7400359C0300000000003568040084BB0020CD
:08DB84003579030000000000E8
:10DB8C003D5E030000000000359B03000000000018
:10DB9C00897C04000000000089690400000000007A
:04DBAC00257B0300D2
:08DBB000957C04000000000058
:10DBB8007567040000000000D96704000000000039
:10DBC800557B030000000000257B040000000000D6
:08DBD80038EDFC7F01000000A4
:10DBE00000000000010000007D0000000138FDD1B0
:10DBF000704700BFA5F30300A5F30300A9F30300DA
:10DC0000B1F30300B5F30300BDF30300C5F3030054
:10DC1000CDF30300D1F30300D5F30300D5F30300E4
:10DC2000B5F50300D9F30300DDF30300E1F30300CE
:10DC3000E1F30300EDF30300F1F3030014D104005A
:10DC4000FFFFFFFF9CBD00200090D00300100140AB
:10DC500011000400FDB00400BC2000200000000002
:10DC600000000000000000000000000000000000B4
:10DC700000000000000000000000000000000000A4
:10DC80000000000000000000000000000000000094
:10DC90000000000000000000000000000000000084
:10DCA0000000000000000000000000000000000074
:10DCB00000000000000000000000000000FA000466
:10DCC000FF0318181818181818180000F5C80100D4
:10DCD0007110020079670300756E0300C1FB030039
:10DCE000BD020400CD050400193B0400D1C80100A9
:10DCF00000000000000000000575040000000000A6
:04DD0000000000001F
:0200000270008C
:1070000000000220F97207002173070023730700B4
:10701000257307002773070029730700000000008D
:107020000000000000000000000000001DB5070087
:107030002D730700000000002F7307003173070055
:10704000337307003373070033730700337307008C
:10705000337307003373070033730700337307007C
:10706000337307003373070033730700337307006C
:10707000337307003373070033730700337307005C
:10708000998E0700337307003373070033730700CB
:1070900033730700337307001DB70700337307000E
:1070A000337307003373070033730700337307002C
:1070B0003373070033730700000000000000000076
:1070C000337307003373070033730700337307000C
:1070D0001D8B0700337307003373070033730700FA
:1070E00033730700000000000000000000000000F3
:1070F0000000000033730700000000003373070036
:10710000000000000000000000000000000000007F
:10711000000000000000000000000000000000006F
:10712000000000000000000000000000000000005F
:10713000000000000000000000000000000000004F
:10714000000000000000000000000000000000003F
:10715000000000000000000000000000000000002F
:10716000000000000000000000000000000000001F
:10717000000000000000000000000000000000000F
:1071800000000000000000000000000000000000FF
:1071900000000000000000000000000000000000EF
:1071A00000000000000000000000000000000000DF
:1071B00000000000000000000000000000000000CF
:1071C00000000000000000000000000000000000BF
:1071D00000000000000000000000000000000000AF
:1071E000000000000000000000000000000000009F
:1071F000000000000000000000000000000000008F
:107200000348044B834202D0034B03B11847704735
:10721000A02B0020A02B00200000000005480649FC
:107220000B1AD90F01EBA301491002D0034B03B194
:1072300018477047A02B0020A02B00200000000062
:1072400010B5064C237843B9FFF7DAFF044B13B1AE
:107250000448AFF300800123237010BDB42B00203D
:1072600000000000B0D2070008B5044B1BB1044970
:107270000448AFF30080BDE80840CFE700000000FD
:10728000B82B0020B0D20700A3F5803A704700BFAA
:10729000154B002B08BF114B9D46FFF7F5FF002152
:1072A0008B460F461148124A121A05F00FFC0C4B80
:1072B000002B00D098470B4B002B00D098470020A4
:1072C000002104000D000B4805F0DEFA05F010FB6C
:1072D0002000290001F020F905F0DCFA0000080088
:1072E000000000000000000000000220B42B00207D
:1072F0004C520020BDC807000649074A074B9B1A9D
:1073000003DD043BC858D050FBDC00F023F8FFF746
:10731000BFFF000020D30700E82A0020B42B002084
:10732000FEE7FEE7FEE7FEE7FEE7FEE7FEE7FEE735
:10733000FEE7FEE7054B1B680D2B01BF044B1868E9
:10734000B0FA80F0400918BF0020704730010010EB
:107350003401001008B5FFF7EDFF40B14FF0804356
:107360000022C3F80C21C3F81021C3F83825FFF719
:10737000E1FF002846D04FF080524D4BD2F8041464
:10738000C3F82015D2F80814C3F82415D2F80C1449
:10739000C3F82815D2F81014C3F82C15D2F8141419
:1073A000C3F83015D2F81814C3F83415D2F81C14E9
:1073B000C3F84015D2F82014C3F84415D2F82414A9
:1073C000C3F84815D2F82814C3F84C15D2F82C1479
:1073D000C3F85015D2F83014C3F85415D2F8341449
:1073E000C3F86015D2F83814C3F86415D2F83C1409
:1073F000C3F86815D2F84014C3F86C15D2F84424C9
:10740000C3F87025FFF796FF48B14FF08043D3F8DB
:107410000024D20744BF6FF00102C3F80024254ABC
:10742000D2F8883043F47003C2F88830BFF34F8F2E
:10743000BFF36F8F4FF01023D3F80022002A03DB35
:10744000D3F80432002B2FDA1B4B0122C3F804259A
:10745000D3F80024002AFBD04FF010221221C2F8EA
:107460000012D3F80024002AFBD04FF01023122280
:10747000C3F80422104B1A46D3F800140029FBD09D
:107480000021C3F80415D2F80034002BFBD0BFF361
:107490004F8F0849094BCA6802F4E0621343CB607E
:1074A000BFF34F8F00BFFDE7054B064A1A6008BDCA
:1074B00000C0004000ED00E000E001400400FA05DB
:1074C000E82A00200090D0034B1C30B5DB000446B6
:1074D00012F003009BB20DD1074D2A601A44074BEE
:1074E0001A60074B1870074B1870074B1C80074B2E
:1074F000198030BD0720FCE7D82B0020D42B0020BA
:10750000D02B0020E02B0020DC2B0020DE2B0020E5
:107510002DE9F3472B4F3B888B4206460D4690469C
:107520004BD300240DF107008DF8074000F086F8DA
:10753000254B26481A78264B008893F800C08445CE
:107540005FFA8CF138BF4C1CD2B238BFE4B2A24211
:107550002DD01C781A78D1B2904286BF0131C9B2C1
:10756000002119709DF8070000F08CF84FF6FF73AA
:107570009C4224D0DFF86090D9F800204FEAC40A7A
:1075800042F8348002EBC403A6B19DB1114B388898
:107590001B682A4604FB0030314605F0FDF9D9F896
:1075A0000030534400209D8002B0BDE8F0874FF6C4
:1075B000FF74D7E700209880F6E70920F4E704205D
:1075C000F2E700BFDC2B0020E02B0020DE2B0020A8
:1075D000D02B0020D42B0020D82B0020F8B5114C44
:1075E000114D264622782B789A4200D1F8BD0F48DB
:1075F0000F4A2378126807880E4802EBC30100681F
:1076000052F83320898803FB070090470A49227803
:107610000988D3B2914286BF0133DBB200233370B5
:10762000E0E700BFE02B0020D02B0020DC2B002067
:10763000D82B0020D42B0020DE2B002070B5EFF3D8
:10764000108672B60C4A946801239CB993600B4B68
:107650000B4DD3F8801029401160C3F88050D3F847
:10766000841051604FF0FF32C3F88420047006B9D3
:1076700062B670BD0370FAE7C04E002000E100E082
:10768000FC06FFBD10B5084B9A685AB150B9EFF32C
:10769000108172B6054A1C6814605C68546098607A
:1076A00001B962B610BD00BFC04E002000E100E08D
:1076B00030B53AB11368DB430A4D0144814204D12D
:1076C000D84330BD4FF0FF33F6E710F8012B53409D
:1076D000082213F0010418BF2C46013A84EA530330
:1076E000F7D1EBE72083B8ED10B561B1B2FBF3F44D
:1076F00003FB1424A4B244B9C0E90014846082815D
:10770000C381204610BD0E20FCE70920FAE782B0B5
:1077100050E8022FC188B2EB324F4FF0000317BF81
:1077200092B241EA014142EA014104E04268B2EB0F
:10773000324F08BF012340E80212002AE8D18DF839
:1077400007309DF80730002B0CBF1120002002B03D
:10775000704737B550E8013F9DB2C48925448489FC
:10776000A54228BF2D1B0489A54202BFBFF32F8F5E
:10777000002207E0C5EA030540E80154002CE9D1E6
:107780004FF001028DF803200193019B9DF8032027
:107790000B6002F0FF0322B10B880068184403B0AD
:1077A00030BD1846FBE70A884B889A4209D150E859
:1077B000012FC2EA024240E80123002BF7D1012049
:1077C00070470020704737B550E8023F1FFAA3F515
:1077D000C488A54202BFBFF32F8F00220DE0C489E9
:1077E00025448489A54228BF2D1BC3EA054540E8EE
:1077F0000254002CE8D14FF001028DF803200193D0
:10780000019B9DF803200B6002F0FF0322B14B881F
:107810000068184403B030BD1846FBE70A884B885F
:107820009A4209D150E8022FC2EA224240E80223DC
:10783000002BF7D1012070470020704710B5034698
:1078400053E8000F40EA010243E8002494F0000FDF
:10785000F6D110BD10B5034653E8002F02EA01002F
:1078600043E8000494F0000FF6D110BD0121FFF7AA
:10787000E5BF0021FFF7EEBF10B590B1D0E90123BD
:1078800001689B1ADBB20A60013BDBB2FF2B026886
:1078900002D10020107110BD11684C1C14600B70D7
:1078A000F2E70E20F7E737B5044600250DF1070093
:1078B0008DF80750FFF7C2FE2268616813688B429B
:1078C00010D9591E116013F8015C228AE36802FB8B
:1078D00005352268A36811685B1A1179DBB29942F9
:1078E00038BF13719DF80700FFF7CCFE284603B0A0
:1078F00030BD37B5054600230DF107000C468DF865
:107900000730FFF79BFE2A681368591C1160E9686D
:10791000641A298AB4FBF1F41C709DF80700FFF784
:10792000B1FE03B030BD01600B681146184710B4BA
:107930000468E468A4465DF8044B604710B404682A
:107940002469A4465DF8044B6047000070B550B947
:107950000E4D0F4C0026641B1423B4FBF3F4B44209
:1079600008D1002010E00368002BF1D0BDE8704082
:10797000DB6918472B6813B901361435EFE7DB696B
:10798000284698470028F7D070BD00BFA02B0020E4
:10799000B42B0020014B436000207047B4CD07009A
:1079A0000846704700207047024B1868003818BF1F
:1079B00001207047E42B002008B50248FFF759FF6B
:1079C000002008BDE42B002008B510461A4604F03C
:1079D000E3FF002008BD00002DE9F043814687B099
:1079E00014480E4615469846FFF740FF0446F0B986
:1079F0000746BD4215D10F48FFF73BFFD9F80830C5
:107A00005BB102228DF800200022CDE90126CDE9EC
:107A10000325CDF8148068469847204607B0BDE896
:107A2000F08306EB073000F07DFB0137E1E711241E
:107A3000F3E700BFE42B00202DE9F041804686B03B
:107A400011480F4616461D46FFF710FF0446C8B9F9
:107A5000AA083146384600F093FB0B48FFF709FFB0
:107A6000D8F8083053B101228DF800200C9A059205
:107A7000CDE90147CDE9036568469847204606B041
:107A8000BDE8F0811124F9E7E42B002029DF7047DD
:107A900028DF704770B50668B36886B004460D46A7
:107AA00073B114220021684605F010F8A36805930D
:107AB0002379019533B1012B0ED0B36868469847FE
:107AC00006B070BD01238DF8003023690293E3688E
:107AD000039363690493F0E702238DF80030E368B1
:107AE0001B030293F5E7084670470020704700002B
:107AF000024B187A003818BF01207047D42D00209F
:107B0000034B187A0122B0FA80F05A74400970478A
:107B1000D42D002008B510461A4604F03DFF002081
:107B200008BD000008B514220021044804F0CEFF6F
:107B30000348FFF7ECFD002008BD00BFD42D002056
:107B4000C42D002010B5094C094B43602046FFF7B7
:107B50008DFE48B903F0C8FD064920741C23064871
:107B60004FF4EE72FFF7C0FD002010BDD42D0020B1
:107B7000E0CD0700E82B0020C42D002070B5234C79
:107B8000234E237A25463BB922492348FFF71BFEA3
:107B9000306008B9606070BD022334682B722379AD
:107BA00073B1012B22D020460321FFF773FF00237E
:107BB0002B726B60BDE8704016491748FFF72EBE68
:107BC000D4E90523D21A142AD4E9031028BF1422B9
:107BD0009208012A38BF012219441844FFF756FFC2
:107BE00050B11128DFD101232B72D4E7D4E903036C
:107BF0001844FFF74DFFF3E72B7C002BCBD1014658
:107C0000BDE87040022000F009B800BFD42D00206C
:107C1000EC2D0020E82D0020C42D002038B5831E57
:107C2000012B43D8224C237A002B3FD0022B09D1C1
:107C300003282ED01F4B00221B68E2601A793AB14C
:107C4000012A20D0637C6BBBBDE83840FFF796BFAC
:107C5000D3E905128D1A142D94BF521914329A616A
:107C60009142EFD102284FF0000308BF194623725A
:107C7000104B18BF0D211868FFF70CFF0E490F4875
:107C8000FFF7CCFDDEE71A6901321A615B699A429F
:107C9000E7E7E3680133082B01D8E360D2E700236C
:107CA000E360DFE7BDE8384003F00EBD38BD00BF3C
:107CB000D42D0020EC2D0020E82D0020C42D002024
:107CC00000F0FD03012B08D1044B00225A74421E20
:107CD000504250411874FFF751BF7047D42D002017
:107CE00010B5064C201DFFF7C1FD28B9637C1BB9F8
:107CF000BDE81040FFF742BF10BD00BFD42D0020EB
:107D00002DE9F34180460D460F4801A916461F464E
:107D1000FFF71FFD0446A8B11C22002104F0D6FE87
:107D20002D0B0123237101A90748C4F80080A76027
:107D3000E5606661FFF737FDFFF7D2FF002002B074
:107D4000BDE8F0810420FAE7C42D00202DE9F743B7
:107D500081468846104801A917461E46FFF7F9FCE0
:107D60000446B0B11C22002104F0B0FE00250A9B9D
:107D7000A36001A9C4E9037807482571C4F80090FD
:107D80006661FFF710FDFFF7ABFF284603B0BDE8C3
:107D9000F0830420FAE700BFC42D002001600B68C7
:107DA00043604A68934204BF0023436070474368BE
:107DB00043B1026891680B4443605268934204BF28
:107DC00000234360704700002DE9F04FC9B008AAB6
:107DD00001F1400514464B780E781B0443EA066314
:107DE000CE7833438E78043143EA06238D4244F83B
:107DF000043BF0D11024916B16464FEAF14383EA1D
:107E0000714383EA9123716A366852F8045F314402
:107E10000B444FEAB54181EAF51181EAD5010134FD
:107E20000B44402CD363E6D1D0E914E30093836D77
:107E30000193C36D0293036E0393436E0493836EA9
:107E40000593C36E0693DDE9057BDDE9031CDDE9DF
:107E500001592B4B009E079374464FF00008079B77
:107E600053F8042B07934FEAF12383EAB11383EA13
:107E7000716A08AB53F828301A440AEB020327EA68
:107E8000010A01EA0C028AEA02021A444FEA743A31
:107E900086EA05035A448AEAB40A06EA050B234037
:107EA00083EA0B038AEAB45A08F101089A44B8F14C
:107EB000400F02EB0903BB465244A94619D1724454
:107EC0000265009A22444265019A32448265029A10
:107ED0002A44C265039A1A44049B02660B44436613
:107EE000059B63448366069B3B44C36649B0BDE87B
:107EF000F08F674635468C46264619461446AEE74F
:107F00000CCE070030B5E0B10F4A1049002400251F
:107F1000C0E91245C0E914120D4C0E4A0E4DC0E9DD
:107F200016420E4AC0E918520D4A826602F1745296
:107F3000A2F523020023A2F692420364C266184609
:107F400030BD0E20FCE700BF85AE67BB67E6096A5F
:107F500072F36E3C3AF54FA57F520E518C68059B2B
:107F6000ABD9831F70B5F0B1DAB900201CE00C4624
:107F70008D180026AC42F8D0036C14F8012BC254C3
:107F80000133402B0364F5D10146FFF71DFFD0E913
:107F9000123213F5007342F10002C0E91232066496
:107FA000E8E70029E3D10E2070BD70B50D461646F6
:107FB0000446002875D0002973D0026C8021372A2E
:107FC000815402F101034FF0000240D8382B39D11F
:107FD000D4E91201226C0823E3FB020103BAE36334
:107FE0000B0A84F83A300B0C84F839300B0EC4E9D4
:107FF000120184F83B1084F8383021462046FFF700
:10800000E3FE691E76B30023E26EDA4001F8012F29
:10801000A26EDA400A71626EDA400A72226EDA40AB
:108020000A73E26DDA400A74A26DDA400A75626D75
:10803000DA400A76226DDA400833202B0A77E3D142
:10804000002070BDE2540133C0E7E25401333F2BFE
:10805000FBD921462046FFF7B7FE3822002104F065
:1080600035FDB5E71823226DDA4001F8012F626D66
:10807000DA400A71A26DDA400A72E26DDA400A73E0
:10808000226EDA400A74626EDA400A75A26EDA4035
:108090000A76E26EDA40083B13F1080F0A77E2D164
:1080A000CEE70E20CDE743689B68184708B54368C4
:1080B00008305A7900F083F9002008BD2DE9F0411D
:1080C0000C469CB008461F460392FFF7ECFFD4F81D
:1080D0000480039998F80550BD4228BF3D460646E6
:1080E0002A4604A800F060F998F8052022990CA807
:1080F00000F065F900960CAB2A4604A904F10800CB
:1081000004F044FA002848F2425018BF00201CB086
:10811000BDE8F081024AD2F80034002BFBD0704752
:1081200000E001400A4908B50223C1F80435BFF355
:108130006F8FBFF34F8FC1F80805FFF7EBFF0023E8
:10814000C1F80435BFF36F8FBFF34F8F08BD00BF79
:1081500000E0014010B5094C0123C4F80435BFF319
:108160006F8FBFF34F8F0160FFF7D4FF0023C4F878
:108170000435BFF36F8FBFF34F8F10BD00E0014098
:108180000E4B10B50124C3F80445BFF36F8FBFF346
:108190004F8F01EB8204401AA14208D1074B002205
:1081A000C3F80425BFF36F8FBFF34F8F10BD431883
:1081B00051F8042B1A60FFF7ADFFEDE700E0014036
:1081C00028B139B10023C1E900301846704748F2A0
:1081D0001050704748F21350704738B1006848F2A9
:1081E0004053884214BF18460020704748F2105090
:1081F000704730B148F21153914214BF1846002025
:10820000704748F21050704770B506460C461D4640
:10821000FFF7D6FF50B9B3794AB1AB420AD1114644
:108220002046FFF743FF08B9044B236070BD48F2B6
:108230001050FBE748F21150F8E700BF7052464D6E
:108240002DE9F0470C4606460F492046DDE908892E
:1082500015461F46FFF7C1FFA0B963685A79494622
:1082600052004046FFF7C5FF60B94DB1CDF8208000
:108270003B462A4621463046BDE8F047FFF71EBF81
:1082800048F21050BDE8F0877052464D10B50446D4
:1082900038B149B141600B68984708B9044B236075
:1082A00010BD48F20150FBE748F21050F8E700BF5C
:1082B0006E524648F0B4134648B10768094EB742BB
:1082C0000AD161B12AB14368F0BC5B68184748F233
:1082D00001531846F0BC704748F20253F9E748F2E0
:1082E0001053F6E76E524648F0B460B107680C4E82
:1082F000B7420CD171B143681568DC68A5420CD354
:10830000F0BC9B68184748F20150F0BC704748F237
:108310000250FAE748F21350F7E748F21450F4E736
:108320006E524648F7B50446DDE9086715460193E5
:10833000FFF7ACFF68B9019A29462046FFF7BAFF5C
:1083400038B93A463146204603B0BDE8F040FFF761
:10835000CBBF03B0F0BD0000F8B50A4F0A4C0B4D7F
:10836000E41B0121E40829700026A64203D1022360
:108370002B700020F8BD57F8363098470028F9D107
:108380000136F2E7B4D20700B4D20700F02D002086
:1083900001390144814200D2704703780A7800F81D
:1083A000012B01F80139F5E7013A02440139824213
:1083B00000D2704711F8013F02F80139F7E770B5B4
:1083C00016460D46FFF7F0FF3246A9193044BDE8C6
:1083D0007040FFF7E9BF38B50D460446FFF7D8FFF8
:1083E00029466019BDE83840FFF7D2BFBFF34F8F71
:1083F0000549064BCA6802F4E0621343CB60BFF341
:108400004F8F00BFFDE700BF00ED00E00400FA055C
:10841000044A136801331360034B1B780BB100F05F
:10842000FFB87047FC2D0020F82D002010B5094C36
:1084300000F018F923785BB9074A137000F0B8F818
:10844000012323700549BDE81040A32000F0D6BBEE
:1084500010BD00BFF82D0020F12D00201184070071
:1084600008B5084B00221A7000F030F90649A32025
:1084700000F0C4FB054B1A68054B1A60054B01223E
:108480001A7008BDF82D002011840700FC2D002073
:10849000F42D0020F12D0020013870B5082823D8D4
:1084A000DFE800F00A0C23220522050E0C0011481B
:1084B000BDE87040FFF7BABF0F48F9E70F48F7E78C
:1084C00002F07AF80E4B1B787BB10E4E0E4D3468DD
:1084D0002B68E41A3B2C94BF0021012100F040F9E5
:1084E0003B2C01D933682B6070BDBDE87040FFF7AD
:1084F000B7BF00BF5DCF070058CF070062CF0700AE
:10850000F12D0020FC2D0020F42D002008B5FFF7F0
:108510006DFF08B5FFF76AFF08B500F089FC024857
:1085200000F0A6F9FFF762FF99840700F0B51B4B36
:108530001B4819781B4B1C4D5F5C0422012447FA31
:1085400002F6F60710F8013B1BD51F2B86BF03F080
:108550001F032E464FF0A04604FA03F3C6F80C356D
:10856000013AECD2114B5B5C1F2B86BF0E4903F026
:108570001F034FF0A041012202FA03F3C1F80835AE
:10858000F0BD1F2B86BF03F01F032E464FF0A04601
:1085900004FA03F3C6F80835E2E700BF052E002011
:1085A00067CF0700002E0020000300506CCF0700AB
:1085B00030B41748174D0022032410F8013B1F2B3D
:1085C00086BF03F01F0329464FF0A04103F5E07377
:1085D0000132052A41F82340EFD10F480D4D00220A
:1085E000032410F8013B1F2B86BF03F01F0329460D
:1085F0004FF0A04103F5E0730132052A41F8234012
:10860000EFD1064B00221A7030BCFFF78FBF00BFBE
:1086100067CF0700000300506CCF0700052E002035
:1086200010B40D4A0D4913780120C95C03441F2979
:10863000DBB28ABF0A4C4FF0A04401F01F01042BAB
:1086400000FA01F188BF0023C4F80C1513705DF81F
:10865000044BFFF76BBF00BF052E00206CCF070057
:108660000003005001460522014804F095B900BFFF
:10867000002E00201F2886BF054A00F01F004FF083
:10868000A042012303FA00F0C2F80805704700BFBA
:10869000000300500B4B185C1F288ABF0A4B4FF099
:1086A000A04300F01F01D3F8042598BF0146CA403B
:1086B000D20704D501228A40C3F80C257047FFF782
:1086C000D9BF00BF71CF070000030050F8B5204AA2
:1086D000204D214E002313602846032410F8012B5F
:1086E0001F2A86BF02F01F0231464FF0A04102F55B
:1086F000E0720133052B41F82240EFD1174C164FA1
:1087000020460022032610F8013B1F2B86BF03F0F2
:108710001F0339464FF0A04103F5E0730132052AEB
:1087200041F82360EFD1002115F8010BFFF7A2FFFC
:1087300001310529F8D1002114F8010BFFF79AFF48
:1087400001310529F8D1BDE8F8400020FFF7A2BFAC
:10875000082E002071CF07000003005076CF0700DD
:10876000F0B5164A164F1668DFF858C03446002593
:108770004FF0010E00EB8000642390FBF3F0A04269
:108780000BDCB042B8BF304605B11060A1B104287F
:1087900012DCBDE8F040FFF77DBFE35D1F2B8ABF11
:1087A00065464FF0A04503F01F030EFA03F3C5F82A
:1087B0000C3501340125E2E7F0BD00BF082E002092
:1087C00071CF070000030050007800F001007047EF
:1087D00041DF7047014B01221A7070472C32002094
:1087E000BFF34F8F0549064BCA6802F4E06213439A
:1087F000CB60BFF34F8F00BFFDE700BF00ED00E08F
:108800000400FA05024B034800221A7001F0F2BF7F
:108810002C320020E1870700042810B5044609D84F
:10882000022811D816D00D4B1B68B3B12046BDE805
:1088300010401847831F012BF5D8094B0948002227
:108840001A7001F0D7FFEEE707494FF4701000F0FF
:10885000A7F9E8E701F014FFE5E710BD303200208A
:108860002C320020E18707000588070000207047B0
:1088700038B5504B1860002001F0D2FF04460028A4
:1088800040F0928000F07EFA012800F088800228F3
:1088900000F08C80002840F087804FF08043D3F8B0
:1088A000004414F4803435D04FF48032C3F80024EF
:1088B0000446414D2B6A012B3FD04FF4701400F059
:1088C000F7FA3E4A20211820FEF7FEFD08B1FFF717
:1088D00020FE3B4B1A6802F0F802B02A06D11A6853
:1088E000D20742BF1A6802F04E021A60FFF7BEFFBD
:1088F000002859D12046334900F052F9324800F09F
:10890000E9FF002850D100F0F9FAFEF767FEFFF703
:108910005FFFF8E7D3F8202502F0F802A82A0AD171
:10892000D3F82025D10706D5D3F8202502F056022A
:10893000C3F82025BDE70124BBE743F204031A680E
:10894000224B9A4209D002F023F8AA69014694B159
:108950001F4802F07AFB90B9AFE76A6B1CB995F833
:108960006032012BEFD01B484FF4805102F06DFBB9
:108970000028E8D1A1E795F8A132012BE8D1104BEE
:108980001B6813F0B10F98D101F0AEFF60B9124B24
:108990001870124801F02EFF00F024F804E00E4B8E
:1089A0000F481C7001F026FF032038BD4FF4A024AF
:1089B00085E700BF30320020CC4E00200C2E002076
:1089C0001C0500400588070019880700DBE5B15148
:1089D0006D5100202C5100202C320020D58707003B
:1089E000E187070008B5074B4FF0FF32C3F880203E
:1089F000C3F8802101F060FCBDE808404FF48050CE
:108A000000F002B800E100E000B5EFF305830023B9
:108A1000D0E9001283F3148883F3108883F311885C
:108A200083F3138881F308884FF0FF339E46104785
:108A30005DF804FB00F1402000F50030002382B017
:108A4000036003680193019B02B0704738B56FF073
:108A50007F42134C057BD4F804358A4228BF0A466E
:108A6000891A13444A1E942A23F07F4305F5A872FD
:108A70009BBF963B96314160416044F82230094BE0
:108A80004FF4F86043F00103984705F1500080006F
:108A9000FFF7D0FF4FF48033AB40C4F8043338BD48
:108AA0000040024080CF070008B517490A7852BB42
:108AB0004FF080434FF48070D3F81834DB035EBF6F
:108AC000124B01221A60FFF7B5FF4FF4A070FFF7B9
:108AD000B1FF4FF4A270FFF7ADFF4FF4A470FFF7A2
:108AE000A9FF0B4B0B48A02283F8242310225A60C5
:108AF000094A0023C2F808350123036002201360ED
:108B0000C2F804030B7008BD383200200800004092
:108B100000E100E008400240004002402DE9F04141
:108B2000194B1B683BB1194A13684FF4827001332B
:108B30001360FFF77FFF164C164DDFF86080164E6E
:108B40004FF480372B68A5F5804080B25BB1FFF70A
:108B500071FF237B07FA03F3C8F80833616849B152
:108B60002046FFF773FF0435B54204F11004E9D144
:108B7000BDE8F081A16811B12046FFF767FF2368C7
:108B8000002BF0D09847EEE7044102403432002039
:108B9000EC2A0020404102404C410240004002408B
:108BA00070B50B4B1D682A7B4FF480339340094A04
:108BB0000E46C2F80833044640B1FFF775FF2E6039
:108BC00021462846BDE87040FFF740BF70BD00BF9A
:108BD0001C2B00200040024070B5074B1D680E465C
:108BE000A8600446FFF760FF2E6021462846BDE8D6
:108BF0007040FFF72BBF00BF242B002070B50E4B39
:108C00001C68237B4FF480329A400C4B0E46D3F8FD
:108C100004130A42054602D0A16881420BD0C3F872
:108C20000823A560FFF740FF266029462046BDE8DF
:108C30007040FFF70BBF70BD202B002000400240AA
:108C4000014B01221A7070473932002038B50F4BA2
:108C5000DA6A5D6A9C6CAC2A10D15B6B1C44ED1A1D
:108C60000B482A46214603F067FE68B100F046F93A
:108C700029462046BDE8384001F000BB002CEFD16A
:108C800001F09CFE0446EBE738BD00BFCC4E00204F
:108C9000007007002DE9F74F06468846A8EB060549
:108CA0002D0B02F6FF77144600F002F9802D28BF45
:108CB00080252B03DFF868B001933F0B0CB92346E6
:108CC00029E0BD422CBFBA46AA464FF000025146E9
:108CD000304634BFDDF80490A14601F0B7FA0346F0
:108CE000C8B909F1030222F003024146304601F0FF
:108CF0009FFA034678B9DBF830304B44CBF830307C
:108D000001F07EFDA7EB0A07A4EB09044E44C8441A
:108D100003460028D2D0184603B0BDE8F08F00BF4C
:108D2000CC4E002010B501F059FE154A42F2040362
:108D3000916CCC5803F1A34303F5471303F2D753C7
:108D40009C4218D1D2E90C32934216D0884204D109
:108D5000BDE81040002001F053BDD21A02F6FF72A8
:108D600022F47F6222F00F0219441844FFF792FFA9
:108D70000028EDD010BD0320FCE70020FAE700BF7B
:108D8000CC4E002070B5264CE36AAA2B37D005D80C
:108D9000012B0BD0A52B2ED0002070BDAC2BFBD10E
:108DA000FFF7C0FF48BBFFF751FF26E0A66C656ADE
:108DB00001F0EEFD864229D101F0EAFD00222946AC
:108DC000FEF776FCA36A984202BF0123C4E90703B9
:108DD000A5610025134801F0CFFD134B1348002275
:108DE0001A7001F00DFD68B975B1236A012B14BF2B
:108DF00001200220D1E7FFF795FF0125EAE7FFF701
:108E000025FFE6E70320C8E70120C6E7236BEA1A3F
:108E1000F1181844FFF73EFF0028DAD1CCE700BF75
:108E2000CC4E0020F04E002039320020418C07004B
:108E300008B540F6F8700368013302D10749FFF71F
:108E400089F940F6FC700368013305D1BDE808409C
:108E50004FF4FC21FFF77EB908BD00BF007007008A
:108E60000A4AD2F800347BB109480023D2F8081529
:108E7000D940C90748BF03F5C07103F1010348BFDA
:108E800042F82100072BF1D1704700BF00000140DC
:108E90003546526EFFF7E4BF044B002282B01A60E1
:108EA0001B680193019B02B0704700BF00010140A5
:108EB00038B50E4C2278BAB90D4BD3F800248AB1DC
:108EC000D3F80455FFF7CCFF40F61650A842B8BFC0
:108ED00028460849A0F54860FFF77EFE064B4FF490
:108EE00080321A600123237038BD00BF3A3200205F
:108EF00000000140958E070000E100E0034BD3F82D
:108F000000340BB1FFF7ACBF704700BF0000014059
:108F10000023C0E90232C0E900118B881A440261C3
:108F2000B1F906301A4442610888003818BF0120A0
:108F3000704710B5426811880346002939D002F104
:108F400010014160148A2CB9C2680168FFF7E0FF84
:108F5000204610BD9078118900F03004302C1BD1D0
:108F6000947C04F03004302C1DD190881969091AC2
:108F700019610021907810F0300F02BF986801301D
:108F80009860908A0844196901441961B2F9162061
:108F9000114459610120DCE700F0F004202C02D1DB
:108FA00050894143E6E700F0C000802808BF042153
:108FB000E0E70846CDE770B5466804460D466368AD
:108FC0001A88AA4204D19B7803F00F03082B07D11B
:108FD0002046FFF7AEFF6368B342F0D1002070BDBA
:108FE0000120FCE743681A44426011B101399A42FA
:108FF00001D10120704713F8010B01F8010FF6E7CA
:109000002DE9F34183680446884623B9002630469B
:1090100002B0BDE8F081036801220DF10701984715
:1090200006460028F2D0A3689DF80750013BA360D4
:109030009DF90730002B1ADA05F07F050727A36892
:10904000002BE3D0236801220DF107012046984749
:109050000028DBD0A3689DF80720013BA36002F045
:109060007F03BB401D43130607F1070702D4C8F86E
:109070000050CCE7232FE2D1C8E770B54268927860
:1090800002F00F01082986B003461FD103691C684E
:1090900000260CB906B070BD236826739D6862680F
:1090A00029466846FFF734FF6368049304F10C0314
:1090B0000593AB7803F0C003802B08BF231D6846DF
:1090C00008BF0493FFF7D9FFA468E2E712F0C001DC
:1090D00020D102F0300010280ED15A6911705A6860
:1090E00018699378D46803F00F03072B09D1014660
:1090F000204600F017F8CDE79006F0D55B6919809F
:10910000C8E71289214614B103F046FCC2E703F018
:10911000DDFCBFE78029BDD1006900219206016016
:10912000B8D5EBE77FB50A4601466846FFF7F0FE83
:1091300030B16846FFF7A1FF6846FFF7FAFEF7E790
:1091400007B05DF804FB000030B5044685B0154655
:10915000A9B90268114B9A4211D0102D06D82A469F
:1091600069462046FFF7F0FF05B030BD1022694682
:109170002046FFF7E9FF0028F6D0103DEDE7A36891
:10918000AB4201D20020EFE723682A4620469847E9
:109190000028F7D0A268521BA260E5E7E58F070020
:1091A000F7B50E4601A907461546FFF729FFA8B1F6
:1091B000019A0123D3184FF0000404D2B17801F0D2
:1091C000C001802901D1204608E031899942FAD3B3
:1091D00029463846FFF7B8FF019BEC5403B0F0BDB9
:1091E00073B50D4601A906461446FFF709FF98B16D
:1091F000019AB2F5803F11D2AB7803F0C003802B07
:1092000002F102010AD02B898B4207D32146304656
:1092100021F8022BFFF798FF02B070BD0020FBE79A
:1092200010B5034C82600022C0E90041C26010BD4D
:10923000E58F07002DE9F341002604460F46B046AE
:109240003546A3682BB3236801220DF107012046A0
:109250009847F0B1A3689DF807C0013B0CF07F026E
:10926000C5F12001A360A5F1200302FA03F322FA5D
:1092700001F10B43AA401CF0800F46EA020643EAC4
:10928000080805F1070502D1C7E9006802E0462D8C
:10929000D7D1002002B0BDE8F08173B50C46694615
:1092A0001646FFF7C7FF68B12389082B0CD1DDE90B
:1092B0000045C6E90045DDE90023AB4206BFA242F6
:1092C0000120002002B070BD042B04D1009B33604C
:1092D0001C460025EFE7022B4FF0000004D1009B55
:1092E00033809CB20546E6E7012BEBD1009B33703F
:1092F00003F0FF04F6E737B50D4669461446FFF75D
:1093000099FF30B12A89082ADDE9003103D1C4E987
:10931000003103B030BD042A18464FEAE37108D18A
:1093200023601A460B468B4206BF82420120002072
:10933000EFE7022A04D11BB223801AB2D317F2E757
:10934000012A03D15BB223705AB2F7E70020E0E7AD
:10935000F7B51F4600233B700D460B70136001A943
:1093600004461646FFF74CFE30B9A36813B9012333
:109370003B70002003B0F0BD019C002CF7D0E30847
:1093800004F0070433602C70F4E713B50446052994
:109390001FD8DFE801F0030F151E1E1C012201A9D2
:1093A0002046FFF7D1FE18B19DF90430002BF5DB04
:1093B00002B010BD082200212046FFF7C5FEF7E7E6
:1093C00001A9FFF71DFE0028F2D0019AF3E704225D
:1093D000F1E70020ECE773B50D4601A90446FFF75D
:1093E0000FFE064618B90026304602B070BD94E85C
:1093F0000F0085E80F0001998A42F4D3A960A368A1
:109400005B1AA360F0E700002DE9F0435768BB78D2
:1094100013F0C00489B006468C46154603D0402C94
:109420006AD000240CE003F00F025F4903F0300320
:10943000202B51F8228026D006D8CBB1102B1CD07F
:10944000204609B0BDE8F083302BF9D16B6939882B
:109450001980072A0AD16B6828691A89214603F006
:1094600035FB6B682969D868FFF75CFE2A6940E024
:109470002A693946C0470446E2E76B6901221A703F
:109480002A696968F6E7BCF1020FD5F8149024D177
:10949000042A22D804A9FFF79EFF04460028C0D062
:1094A000069B2BB16968B9F800304A899A4205D801
:1094B000059B7360069B002BC2D0B2E708892A691E
:1094C00003FB002204A8C04728B1B9F800300133DB
:1094D000A9F80030E4E70446EAE7B9F800307A89F1
:1094E0009A429ED92A693989581CA9F8000003FBC1
:1094F000012269683046BDE7D2F81080474657F828
:10950000043B13B9FFF741FFB5E7022914D104A9C1
:10951000FFF761FF002884D0D8F8003069683A4628
:1095200004A89847044600283FF47BAF069B002B15
:10953000F2D1059B736083E7012925D005292BD043
:1095400000297FF46EAF0C460DF1040901340B2C99
:109550003FF467AF012249463046FFF7F5FD00288A
:109560003FF45FAF19F9013B002BEFDB0F4B049386
:1095700001ABCDE9053400230793D8F800306968C2
:109580003A4604A8984776E7082201A9FFF7DCFDD0
:1095900008240028EAD144E704220DEB0201FFF77A
:1095A000D3FD0424F5E700BF88CF0700E58F07004F
:1095B0002DE9F04F91B00446002604A8CDE90266DB
:1095C000FFF7A6FCA3683BBBDDE9053404A89D7842
:1095D000FFF7AFFC0028F7D115F0300F03D1059B42
:1095E0001B8803B10134002C00F0A980630900221C
:1095F00002A9934240F09C8010AA02EB830304F07E
:109600001F0453F8383CC4F120044FF0FF30E04011
:10961000C31A584258410DE00DF1030301AA0DF1A0
:1096200002012046FFF794FE38B99DF80330002B65
:10963000CAD1002011B0BDE8F08F019904A8FFF74E
:10964000BAFC002850D1019BB3427DD3059D059AF9
:10965000937803F00F03082B7FD004A8FFF769FC71
:10966000059B9D42F3D14FF0FF36019FB7426BD36C
:10967000089B9DF802A0D4F808801D684FF00109EE
:10968000A368002D5DD098459CD12B68D3F800B01D
:10969000BBF1000F08D053463A4629462046D8472A
:1096A0000028C6D0AD68EBE7D3F808B0BBF80030AF
:1096B0009F42F7D16A6859460AA8FFF729FC6B68F0
:1096C0000E9305F10C030F939BF8023003F0C003D7
:1096D000802B04BF2B1D0E930AAA85F80C905146CF
:1096E0002046FFF791FEDBE7059B9B7813F0300FD8
:1096F0000FD1069A3F2A0CD8510910AB03EB810118
:1097000002F01F020123934051F8382C134341F813
:10971000383CE5682DB19DF80220019904AB204644
:10972000A8479DF8021004AA2046FFF76DFE10E03E
:1097300051F8225001357FF47DAF013259E7012005
:1097400078E798457FF43EAF9DF802102046FFF77A
:109750001CFE00287FF436AF6BE7168885E737B527
:109760000C460546114620460192FFF7DBFC019AA4
:109770002146284603B0BDE83040FFF719BF70B559
:1097800086B0CE6801920C4602A90546FFF723FE7B
:1097900068B1E06858B1A378019A03F03003202B38
:1097A000314602A805D1FFF7DAFF039B6B6006B0D4
:1097B00070BDFFF7FDFEF8E7D3B50C466946FFF72D
:1097C00039FD80B1DDE9001300274A0801F00106E8
:1097D00042EAC37256EA07014FEA53031CBFD24361
:1097E000DB43C4E9002302B0D0BD37B50D4669465E
:1097F0001446FFF7E1FF68B12B89082B0CD1DDE996
:109800000001C4E90001DDE900238B4206BF82426A
:109810000120002003B030BD042B03D1009820604C
:10982000C117F0E7022B04D1BDF90000208000B27F
:10983000F6E7012B04D19DF90000207040B2EFE75C
:109840000020E7E713B504220C460DEB0201FFF7F9
:109850007BFC08B1019B236002B010BD1146FFF7ED
:10986000F1BF13B508220C466946FFF76DFC18B12D
:10987000DDE90023C4E9002302B010BD1146FFF763
:10988000F0BF10B513681F2B144607D9002208300B
:10989000FEF78BFB08B92023236010BD48F214505B
:1098A000FBE70830FEF75EBB0830FEF72BBB00007D
:1098B000831F012B10B5044602D8002001F044F8A4
:1098C000034B1B681BB12046BDE81040184710BD74
:1098D0003C32002008B5074B18600020FFF7E8FF76
:1098E000054801F019F820B9BDE80840024800F029
:1098F0007BBE08BD3C320020B19807006EDF704788
:109900006FDF704772DF704773DF704774DF704737
:1099100075DF704776DF70477ADF70477CDF70470E
:109920007DDF70477FDF704786DF70478FDF7047CE
:1099300090DF7047A8DF7047AADF7047ADDF704740
:10994000AEDF7047AFDF7047B0DF7047B1DF704701
:10995000B5DF704762DF704766DF704713DF70471F
:109960007FB50023CDF80B308DF80F300A4BADF8E2
:1099700006109B89ADF8083001238DF80A300DF1EF
:109980000603CDE90430054B02A91888FFF7D8FF7C
:1099900007B05DF804FB00BF8E4200202A2B002098
:1099A00001460148FDF7A5BFBCD2070070B51822DB
:1099B0008CB00DEB0200002103F088F801238DF834
:1099C00018308DF82D30324B1B7828220892002B4E
:1099D0005CD0304B02AA03F110061546186859688E
:1099E000144603C40833B3422246F7D12A4C10224E
:1099F0002946204602F0A0FF002847D002238DF818
:109A00002C30012104F110036846CDE90034FFF742
:109A100075FF0122002101A8FFF772FF04231F4CEC
:109A200002941622A37003230926ADF80420E370E4
:109A300000225923CDE903220592012502226371F8
:109A400001A9FE23A019ADF80C6022706570227187
:109A5000A371FFF765FFB8B9BDF8043026725A1933
:109A6000E271BDF80C200E4C134402A906AA204650
:109A7000ADF80C30FFF746FF30B92078FFF746FF0E
:109A800020782946FFF740FF0CB070BD0623C6E7DB
:109A90000C43002080D10700D0420020A2420020C9
:109AA000282B00202DE9F0410388232B8AB004469F
:109AB00036D80F2B05D8012B00F0EB800AB0BDE89B
:109AC000F081103B132BF9D801A252F823F000BF0C
:109AD000519B07006D9B0700BD9A07003D9C070046
:109AE0008F9D0700BD9A0700BD9A0700BD9A070029
:109AF000BD9A0700BD9A0700E99D0700BD9A0700BF
:109B0000BD9A0700BD9A0700BD9A0700BD9A0700DD
:109B1000BD9A07006F9C0700BD9A07002D9C0700A7
:109B2000503B9AB2062AC9D8062BC7D801A252F8D0
:109B300023F000BF959B07009F9C0700E99D07004D
:109B4000BD9A0700BD9A0700ED9B07007F9C0700A8
:109B5000984B82881A80984A12681C460AB10120E4
:109B6000904796492088FFF7D3FEA7E7914B4FF621
:109B7000FF721A80924B1B685A0704D4FFF716FF36
:109B800008B1FEF7C6FC8C4B1B68002B96D0022058
:109B9000984793E78B4EE288B3889A428ED18A48E1
:109BA000FDF781FE0546002888D0228A04F11201C3
:109BB00002F0F2FE1822002104A802F087FF082319
:109BC0008DF81030814B0693814B0596CDE9073512
:109BD00004A8238AADF8243000F0FCFC00283FF4F0
:109BE0006DAF79482946FDF784FE67E7E188F629DD
:109BF0001AD8CB1E9B070DD0CB1F9BB2013B5A42FC
:109C000002F0030203F0030301F1FF3158BF534296
:109C1000C91A89B2674B1888FFF79AFE00283FF4EB
:109C20004DAFFEF776FC49E7F721F3E7002204A9E0
:109C30008088CDE90422FFF77BFEEFE700235D4C2F
:109C4000ADF812300223ADF81030208802AB04AA20
:109C500042F605210593FFF771FE08B1FEF759FCA6
:109C6000002320881A468521FFF75CFED6E70023F3
:109C700004A98088ADF81030FFF758FECEE7A3792D
:109C8000002B7FF41BAF4B4B13211888FFF742FECC
:109C9000C4E7484B00211888FFF75EFEBEE7A379B2
:109CA000002B3FF40BAF022B7FF408AF454920890E
:109CB0008A8990420E467FF401AFA27B012A7FF48D
:109CC000FDAE00220120CDE904228DF81600208A85
:109CD000384DADF81800608AADF81A0004F1140090
:109CE0000790ADF80A20098A28888DF8103001AF56
:109CF00002AAADF808300397FFF720FEA84660B926
:109D00003846FEF761FD40B940F2FD132888ADF8F2
:109D1000143004A9FFF718FED0E6002304A9B8F810
:109D20000000ADF81430FFF70FFE014600287FF465
:109D3000C5AE182204A802F0C9FE237D234A8DF87F
:109D40001030022B0596069218D0062B10D0012B4E
:109D500010D1204B1A88204B1A80637DD4F816202E
:109D60000893012B099205D11C4800F0EDFD01E09C
:109D7000637D089304A800F02DFC9FE6A27D637D1F
:109D800043EA0223134A1380134A1380F2E7144B69
:109D90001A7862B11349028ACB8D9A4201F104020A
:109DA00005D11C31A0880023FFF7BEFD36E7002156
:109DB000F8E700BF2A2B0020C8420020A6D10700E8
:109DC000C44200208E420020BCD20700BD9E070086
:109DD000A19907000E43002010430020B4D20700D1
:109DE0000C430020CC420020174B1B7833B3174B99
:109DF00017491C88082201232046FFF7A7FD0028E9
:109E00007FF40FAF0246014602232046FFF79EFD76
:109E100000287FF406AF0F4B4FF6FF7219882046DB
:109E2000FFF790FD43F2020398423FF447AE082843
:109E30003FF444AE11287FF4F1AE3FE6A0881A4605
:109E40001946FFF783FDE9E60C4300202A2B00208A
:109E5000044300208E42002038B5134A1368D90706
:109E600001D4002038BD11498842FAD01049088831
:109E70004FF6FF71884211D043F0040313211360A1
:109E8000FFF748FD0028EDD10A4DC82445F0010533
:109E90004FF47A40A847013CFAD1E2E7064B187824
:109EA000BDE83840FFF732BDC4420020B4D20700FD
:109EB0002A2B0020A0D10700282B002010B5044633
:109EC00086B000210D2202A8019102F0FFFD237847
:109ED000082B0BD1364A374913880988013B9BB2BE
:109EE0001380D9B1D3B9032311802370627823780A
:109EF0008DF805306021012A8DF804108DF80620B8
:109F00000ED00B2A12D100F0AFF98DF80700002017
:109F100000F0A4F9042101A8FFF722FD06B010BD4E
:109F2000062B05D0082B29D0032B27D00321F2E7DD
:109F3000E1688DF80710D4E90123080A8DF80800BC
:109F4000080C090E8DF80A10110A8DF80B208DF8F7
:109F50000C10110C120E8DF80E201A0A8DF80F300D
:109F60008DF810201A0C1B0E8DF80D108DF80900BD
:109F70008DF811208DF812300F21CCE7D4E90123A0
:109F8000110A8DF807208DF80810110C120E8DF8AB
:109F90000A201A0A8DF80B308DF80C201A0C1B0EB3
:109FA0008DF809108DF80D208DF80E300B21B2E7D9
:109FB000104300200E4300202DE9F0414D4B94B09A
:109FC00005464FF6FF721A8001204FF659632A4664
:109FD00002A98DF80A00ADF80830FFF7ABFC044683
:109FE000002840F08380444B04AA03F11007164672
:109FF00018685968144603C40833BB422246F7D197
:10A00000A91C3046FFF7A6FC044600286ED11C228E
:10A0100001460DA802F05AFD04F0F8029DF8343014
:10A02000ADF8044042F003028DF80620F42243F01C
:10A030000403CDE90A44ADF82C20304A8DF83430C1
:10A040000223ADF80C3092F80080AB788DF80E301A
:10A0500001AE212303AFCDE908768DF805300C94CD
:10A06000B8F1000F04D1012262F307138DF8053017
:10A070002B4608AA33F8040B0DA9FFF75DFC044634
:10A08000A0BB01461C220DA802F020FD9DF8343033
:10A09000ADF8044023F0180343F0180304F0E8027D
:10A0A00042F013028DF83430AB788DF80E30012178
:10A0B00021238DF806201722CDE90A44CDE9087640
:10A0C000ADF80C108DF805300C94ADF82C20B8F1DB
:10A0D000000F03D161F307138DF805302B4608AA52
:10A0E00033F80C0B0DA9FFF727FC0446204614B0EB
:10A0F000BDE8F0812A2B002090D107000C430020FE
:10A1000073B5354D2B6813F0010403D000242046AD
:10A1100002B070BD314E30603148FDF7ADFB0194A7
:10A1200000F0BDF804460028F1D12E48FFF716FCD8
:10A1300004460028EBD101F059FA04460028E6D184
:10A1400001A801F021FB04460028E0D101A901206B
:10A1500001F024FB04460028D9D101A801F082FBBC
:10A1600004460028D3D100F093FB1F4B002830D0C9
:10A170001E4A126A012A2CD11D481A7000F07CFB7D
:10A1800011231C488DF8043002F0FAFC194982B200
:10A1900001A8FFF7C3FB04460028B8D11648FFF713
:10A1A000BBFB04460028B2D11448FFF705FF044664
:10A1B0000028ACD1FFF7FAFB04460028A7D12B6892
:10A1C00043F001032B603368002B9FD00920984790
:10A1D0009DE700221A70D3E7C4420020C842002045
:10A1E000BCD20700007007000C430020CC4E0020BA
:10A1F000CC42002078D10700A6D107008E42002073
:10A2000043690BB1C06818477047000010B4054996
:10A21000054C0022904218BF214604485DF8044BCB
:10A22000FDF781BBC0CD0700ECCD0700A02B0020BF
:10A2300007B5009313460A4601460348FDF777FB2E
:10A2400003B05DF804FB00BFA02B002013460A46B4
:10A2500001460148FDF772BBA02B0020014B18708E
:10A260000B20704712430020024B002218781A700E
:10A27000704700BF1243002018DF704730B585B02B
:10A28000054610220C466846002102F01FFCA40877
:10A29000684601950294FFF7EFFF05B030BD1FB58A
:10A2A0000023CDE901330393684602230093FFF7AF
:10A2B000E3FF05B05DF804FB4FF000534FF480520C
:10A2C0001A60002070470000014B06201B681847E9
:10A2D0001C4300200A2803D90B38C0B2FFF7BEBFC9
:10A2E0007047000010B5044686B00020FDF72EFB35
:10A2F000014630B1164A18212046FDF709F906B08B
:10A3000010BD1822684602F0E1FB0423114A8DF8C3
:10A310000030114B116D1B68994211D10F4B186819
:10A3200000F0F4FF8DF80100FFF7D4FFD4E901132A
:10A330008DF8010068469847094800F061FADEE7A9
:10A3400001238DF801306846D4E901139847D6E718
:10A35000E5A20700CC4E0020144300201843002043
:10A36000C9A20700F0B5044687B01822002168464C
:10A3700002F0ACFB22788DF8002001238DF801302B
:10A38000531E0B2B00F20C81DFE813F01100330099
:10A39000110011000A0111000A0111000A010A014D
:10A3A0000A010C007F4B1B680720984721E0062A12
:10A3B0007D4901D0012A01D122690A700A78012A57
:10A3C00004D0022A51D000230B7094E0072B10D840
:10A3D000DFE803F0040F452F0F420F1C714B0320E1
:10A3E0001B689847606900F06BFDFFF773FF8DF8FD
:10A3F0000100D4E90113684698479DF80130012B0C
:10A4000000F0C380674B05201B68BDE0A18A20696E
:10A4100000F06EFDFFF75EFF644B8DF80100DA6B14
:10A420001B6C0293E3680192002BE2D020699847ED
:10A43000DFE75F495F4800F0A7FDFFF74BFF01280A
:10A440008DF80100D5D1002000F0DAF90028D0D035
:10A450000A238DF80130CCE74FF400730393534B7C
:10A46000DA6B1B6C01920293C3E7072BC1D801A2E0
:10A4700052F823F095A40700F3A3070059A507009D
:10A4800065A50700F3A307008FA50700F3A3070046
:10A49000FBA4070000F04CFD08B90823D9E7626966
:10A4A0000AB90323D5E7C2F30B0333B13F4B40494D
:10A4B0005B6D096813448B42F3D1B2F5805F01D91B
:10A4C0000423C6E7394B3A49586D096815188D427F
:10A4D000E3D85A64DA6C9A6418651863354B61697D
:10A4E0001B6801F6FF710022090B1844FFF7AEFE4E
:10A4F00000283FF47EAF0523ABE700F019FD0028EC
:10A50000CBD02A4DA18AD5E914329B1A6A6C0B4430
:10A510009342C6D8274B2F6B1B68206905F1480270
:10A520001F44FDF7C5F8E368A28A2169064638464C
:10A53000FFF77EFE08B1E36878E7A28A2B6B13442D
:10A540002B63A38A2A6DAE641344CDE901362B65D3
:10A55000144B08201B6828E7144B9A6C1B6D029261
:10A56000019346E7114BD3E91402596C821A8A42CF
:10A5700093D19A6C5865002120465964DA64FFF73C
:10A58000B1FE084B1B680420984707B0F0BD074B8D
:10A590009A6C1B6D01934FF480530292039328E74A
:10A5A000022356E71C4300202C2B0020CC4E002019
:10A5B0001443002018430020044B054A186D6423FF
:10A5C00043431068B3FBF0F0704700BFCC4E00204F
:10A5D0001443002083681BB1024A1821FCF798BF7E
:10A5E0000720704765A3070038B50546C0B10120B4
:10A5F000FFF70CFE044648B900F054FC00F098FC4C
:10A6000030B9084B00201D60FFF728FE204638BDFA
:10A610000549064800F0B8FC0128F2D00324F5E70C
:10A620000724F3E71C4300201443002018430020B4
:10A630002DE9F04115464FF46072064688461F46E4
:10A6400002F07AF928B915B90020BDE8F081A847D1
:10A65000FAE7002201213046FFF7F8FD70B94FF408
:10A6600060724146384602F097F92B464FF460720B
:10A6700039463046FFF7DCFD0028E5D00320E4E74B
:10A680002DE9F0413D4C236801335CD00022582174
:10A69000201DFDF70DF8D4F80080A8EB0002D2F1E0
:10A6A000000848EB0208364D364E2F683B680133F0
:10A6B0005ED000225821381DFCF7FAFF3B68834228
:10A6C00044D17C68012C0AD00022C32107F5187000
:10A6D000FCF7EEFFD7F85C42231A5C425C41B8F10C
:10A6E000000F35D0254927484FF4607202F054F925
:10A6F00064B1296824485422043102F04DF92968D4
:10A7000022484FF432725C3102F046F97468012C31
:10A710002CD11F49402201F5E47002F03DF91D499A
:10A720001C2201F5E47002F037F91B4986F8A142BA
:10A730000023042201F2862086F8603286F8E23295
:10A7400002F02AF910E04FF00008ACE70024C6E759
:10A7500024B129680B484FF46072D5E709484FF4DB
:10A760006072002102F0B2F902237360BDE8F0814B
:10A77000B8F1000FF2D00024B4E700BF00F00700EA
:10A78000302B0020CC4E0020D04E0020284F00203F
:10A790002850002068500020E84E002070B50D4C75
:10A7A0000546002258212046FCF782FF002244F88B
:10A7B000040CC32104F51770FCF77AFF261FC4F8B8
:10A7C00058022A463146044B0448BDE87040FFF762
:10A7D0002FBF00BFD04E00202043002000F0070014
:10A7E00002460248024B0068FFF722BF302B0020D0
:10A7F000A04600200149FFF7F3BF00BF00F00700AB
:10A8000038B505460020FFF7C9FF044618B90349CB
:10A810002846FFF7E5FF204638BD00BFCC4E00209C
:10A8200010B5FFF7F3FC044628B9FFF729FF2046CF
:10A83000FFF7E6FF00B1032010BD29DF70470000DD
:10A8400038B50C4D0446D5F8243378B101330FD117
:10A8500000223C210430FCF72BFF2060214605F547
:10A8600049701022BDE83840FFF7E7BF0E2038BD21
:10A870000820FCE700F0070008B528B10349402292
:10A8800002F08AF8002008BD0E20FCE724F3070040
:10A8900010B5064C00223C212046FCF709FF54F875
:10A8A000043C1B1A5842584110BD00BF28F3070052
:10A8B00038B50C4D0446D5F8643378B101330FD167
:10A8C000002218210430FCF7F3FE2060214605F534
:10A8D00059700722BDE83840FFF7AFBF0E2038BDE2
:10A8E0000820FCE700F0070010B50A4CD4F8243328
:10A8F000D4F864231340013309D04FF4FE20FDF750
:10A9000011FCC92221464FF4FE20FDF739FC00203E
:10A9100010BD00BFCC4E0020F8B5094E094CA41B59
:10A920000746E4080025A54201D10020F8BD56F8ED
:10A930003530384698470028F8D10135F3E700BF95
:10A94000B4D20700BCD20700F8B5094E094CA41BCD
:10A950000746E40800250436A54201D10020F8BDD1
:10A9600056F83530384698470028F8D10135F3E7D6
:10A97000B4D20700BCD2070008B50C22002102F0B7
:10A98000A5F8024B00221A6308BD00BFCC4E002080
:10A9900043F204031A68084B9A4201BF43F20803CA
:10A9A000186800F6FF7020F47F600CBF20F00F00E5
:10A9B0004FF48050704700BFDBE5B15108B5FFF799
:10A9C000E7FF054B9B69184400F6FF7020F47F6099
:10A9D00020F00F0008BD00BFCC4E00204FF4805087
:10A9E000704700002DE9F74F0193244BDFF894B036
:10A9F0001B6ADFF894900093054616464FF0000856
:10AA000043F2040AB8F1010F5FFA88F714D0022F5D
:10AA10001FD0FFF7D3FF6EB1009B013B5C425C414E
:10AA2000A9EB0000A84200D3F9B1B4B1A8421CD2EE
:10AA300004201FE03446F3E7FFF7AAFF019B33B978
:10AA4000DAF80040B4EB0B0418BF0124E8E74446F1
:10AA5000E6E701244FF48050E2E708F10108B8F17D
:10AA6000030FCFD1A842E3D300E017B10448FFF7AA
:10AA700083FF002003B0BDE8F08F00BFCC4E002064
:10AA8000E44E0020DBE5B1510040070090F855206E
:10AA900012F0FB0F07D190F8643023B1836ECBB175
:10AAA0000B600120704712F0010303D090F856307C
:10AAB00003B1836D9207F2D590F85C20002AEED0A6
:10AAC000054A006EC2F5FC22904201D80344E6E735
:10AAD000042070470F2070470070070010B5084C25
:10AAE0004FF40072FF21204601F0F0FF20220021E8
:10AAF000A4F1240001F0EAFF002344F82C3C10BD2F
:10AB0000284F00202DE9F0475A495B48DFF888813B
:10AB1000DFF88891DFF888A1584C92B00C2201F040
:10AB20000BFF064600284CD15349382204A801F0F7
:10AB300033FF4FF447723146204688F80060C9F869
:10AB40000060CAF8006001F0C1FF079D012D58D1D7
:10AB50004FF48073A3803423636143F20C0384F8C1
:10AB60006C612570A5712572E560257425831B88AD
:10AB7000E361089B2367032384F87630099BA4F8DC
:10AB80005C5084F85E50266684F86450A66684F8AB
:10AB90006C5084F87450A4F8783020220AA904F18B
:10ABA0007A0001F0F9FEA4F89A50A4F89C5084F8B9
:10ABB0009E60A4F8A06088F800500834304B1C60F8
:10ABC00020E03049304E8A6B6F465C313846FEF7E4
:10ABD00027FB97E80F0086E80F0000212B4B88F831
:10ABE00000104FF447722046C9F80010CAF8001050
:10ABF000F36001F06BFF264922463046FEF7AFFDB9
:10AC000020B90025284612B0BDE8F08798F800501A
:10AC1000002DF6D094F86C3194F800801BB3B8F195
:10AC2000000FEED194F87231002BEAD0DAF8002050
:10AC3000D9F800103846FEF7F3FA97E80F0086E8D7
:10AC40000F004FF4B272414604F5BA7001F03EFFB6
:10AC5000104904F5BA723046FEF781FD0028D0D0C5
:10AC600004F5BA74AAE7B8F1000FCAD0A379002B93
:10AC7000A3D1C6E7AED10700284F0020504A0020DC
:10AC8000284E0020CC4E00206C4D0020A5AC0700C3
:10AC900008D1070054D007004C4A0020484A002041
:10ACA000444A002030B55B68DA680D4B9A4208D1FF
:10ACB0000C490A6812B90C4A14681CB10B4B0022EB
:10ACC0001A7030BDD0E90134181913F9015B002D59
:10ACD000A0EB0304F9DB0B601460044B0122EFE7E7
:10ACE00054D00700484A0020444A00204C4A002023
:10ACF00010B543F2040319491C688C4202462BD05C
:10AD000042F20403C358581A434243418C42184646
:10AD100021D142F20403D358A3421CD14FF4405333
:10AD200002F500511B780978142B81BF43F21403FC
:10AD30000B481B68B3FBF0F398BF0023142989BFAD
:10AD400042F2140100205058054A88BFB0FBF2F0CF
:10AD5000181A18BF012010BD0023D7E7DBE5B15159
:10AD600040420F0000B591B0FDF7F6FA6846084979
:10AD70002022FDF724FB6A46064907484023FDF7D9
:10AD800043FA064B01221A7011B05DF804FB00BFB4
:10AD900018CF07007C4D00200CCF0700204A002070
:10ADA000F0B5A3B007460D4614461E467822202370
:10ADB000002104A8029301F089FE00230393194B9C
:10ADC0001B780BB9FFF7CEFF2DB337BB02AB164F85
:10ADD00001931649289B0097324604A8FDF7A2FA72
:10ADE000E8B9402C1BD1124E22462946304601F0CC
:10ADF000D3FD20213046FDF7EEFACDE90064029B39
:10AE00000C493A4603A8FDF71BFA00280CBF0120A5
:10AE1000052023B0F0BD1320FBE71620F9E70A2038
:10AE2000F7E700BF204A0020C44D0020ACCF070048
:10AE3000E44D00207C4D0020F0B5ABB004460D463B
:10AE400016461F467822202300210CA8039301F008
:10AE50003DFE114B1B780BB9FFF784FF2FB1214644
:10AE6000202204A8FDF7A0FA04AC03AB0B4F01931A
:10AE70000B49009733462A460CA8FDF753FA48B908
:10AE800020222146384601F057FDB0FA80F04009F3
:10AE90002BB0F0BD0020FBE7204A0020214A002013
:10AEA000ACCF070008B5044B986B08B1FFF72AFE3A
:10AEB000024B187008BD00BFCC4E0020244E00206D
:10AEC00010B5044658B1B0F5007F0AD8064B0022F1
:10AED0001A70FFF703FE054B01209C6310BD032091
:10AEE000FCE70420FAE700BF244E0020CC4E0020EF
:10AEF00070B50E4C0646E06BA36B42189A420D46A5
:10AF000011D85C300A462044314601F045FDE36B20
:10AF100004F140022B4429463046E363FCF7C8FBAA
:10AF20002064012070BD0320FCE700BFCC4E002050
:10AF3000014B1878704700BF244E002013B50F4C0A
:10AF400094F86C31B3B10E4B1B6800930D4BB4F801
:10AF5000DA221B6894F8D80204F53771FFF720FF56
:10AF6000012809D104F5B874201D02B0BDE81040D5
:10AF700000F0D0B90434F7E702B010BD504A002009
:10AF8000444A0020484A00202DE9F843DFF8888031
:10AF9000D8E90E329A4206460D4637D1DFF87C904A
:10AFA00099F800704FB1FFF709FD1A4B3060294640
:10AFB0001868BDE8F843FFF769BDFFF7A3FD38B394
:10AFC000FFF7BCFF0128376004462F601BD1114BEF
:10AFD00029461868FFF75AFD0128044613D198F84E
:10AFE000A112B1FA81F103463A4628684909FFF7F0
:10AFF000F9FC38B9FFF7E2FC89F8004030602046E0
:10B00000BDE8F8830424FFF769FDF8E70824F6E7B4
:10B010000524F4E7284E0020CC4E0020244E0020CA
:10B0200010B490F86C305BB190F86E404CB1B0F851
:10B03000704034B15DF8044B01237230FFF7FCBE61
:10B04000012318465DF8044B704713B504460846C3
:10B0500023781146032B03D8DFE803F021050F18EE
:10B06000002002B010BD0022D4F80140FCF720FB04
:10B07000844214BF00200120F3E70A460023014662
:10B08000601C02B0BDE81040FFF7D6BE0091034639
:10B090004022611C0020FFF783FE0128E9E7012020
:10B0A000DFE700002DE9F041A2B004460D46164648
:10B0B000002178221F4604A8202303939DF8A08036
:10B0C00001F004FD41220021204601F0FFFCB5F80B
:10B0D00094300BB195F8968084F80080B8F1030F96
:10B0E0001ED8DFE808F00902111F00223946304659
:10B0F000FCF7DEFAC4F801003A4631462046FFF775
:10B10000A4FF22B0BDE8F08103AB0193631C009360
:10B1100008493B46324604A8FDF704F90028EBD065
:10B120000020EEE7B5F8982005F19A01601C01F0C7
:10B1300033FCE1E7ACCF07002DE9F0476D4B1D680C
:10B14000A4B004460F4690460A4601462846FFF73B
:10B1500067FF002800F0CC8095F855601EBB4FF0CB
:10B160000109CDF800903B462246294613A8FFF777
:10B1700099FF00287FD0B8F1000F6DD041225E48C2
:10B1800013A901F009FC5D4BC3F82C901E626A689C
:10B190009A60002239462046FCF78AFA574B01256F
:10B1A000C3E909709FE04122002102A801F08EFC52
:10B1B00006F001094122002113A806F0020601F061
:10B1C00085FCB9F1000F4BD042F20403E15803F1C2
:10B1D000A34303F5471303F2D75399424BD1D5F854
:10B1E00058A00AF5FF520AF6FF73C3F30B031F3290
:10B1F000D21A42F20803E35893423CD343F20403C9
:10B200001B688B4213D14FF440531B78102B8ABF1D
:10B2100043F2100300221A6804F500531B78102B28
:10B220008ABF42F210030023E3589A4223D12046FA
:10B23000FFF75EFD00B1F6B10123009322465346AD
:10B24000294602A8FFF72EFFA8B1AB6DE218FB1A42
:10B250004EB9B8F1000F18D1284B01255D6110E0FF
:10B260003B462246F4E70021009113A82946FFF748
:10B2700019FF0028EDD10525B8F1000F30D1FFF7F7
:10B280002DFC284624B0BDE8F087DFF87080B9F1C6
:10B29000000F21D02046FFF72BFD18B108F1180050
:10B2A000FFF76AFB1648412202A901F075FB002E48
:10B2B00014BFAC23A523C8F82C30AB6DC8F83430CC
:10B2C000002E3FF466AF0F48412213A901F064FB42
:10B2D0006B68C8F80C305CE7AA23C8F82C30EFE79D
:10B2E0000948FFF749FBFFF7F9FB044B9C64C8E7EB
:10B2F0001725C1E7284E00206D510020CC4E0020BC
:10B300002C510020AE510020F04E00200122FFF70A
:10B3100013BF0000F0B590F854200346002A51D026
:10B3200090F8550003284DD893F86E20032A47D192
:10B330001A7A002A46D0DA68342A45D143F2040149
:10B340001A8A0C6821498C422AD152B15969E9B153
:10B35000D2B2002103F1140543F20C06CCB2A24292
:10B3600001D8122011E055F821703488A74201F16C
:10B370000101F3D11A78FAB101285B68144A15D893
:10B380009068834234BF10200120F0BD10B9012A1B
:10B39000E7D8EFE7421E18BF0122002AEAD1E0E712
:10B3A00012B15A69002ADCD11A78F6E7D0688342D4
:10B3B0008CBF01201020E8E7012818BF0F20E4E728
:10B3C0001420E2E70F20E0E71120DEE7DBE5B151D2
:10B3D000CC4E002038B1054B0360054B4360012380
:10B3E0000372002070470E20704700BF61B4070051
:10B3F00015B4070038B1054B0360054B43600123CA
:10B400000372002070470E20704700BF91B4070000
:10B410003BB4070069B10B78022B0CD1022804D091
:10B42000032814BF08201120704703230B7000204D
:10B4300070470E2070470820704769B10B78022BC7
:10B440000CD1022804D0032814BF08201120704713
:10B4500003230B70002070470E20704708207047B0
:10B4600010B50C4681B10B78012B06D00ED9033BE9
:10B47000012B94BF0820112010BDFFF7E1F900282F
:10B48000FAD102232370F7E70E20F5E70820F3E74F
:10B4900010B50C4681B10B78012B06D00ED9033BB9
:10B4A000012B94BF0820112010BDFFF701FA0028DE
:10B4B000FAD102232370F7E70E20F5E70820F3E71F
:10B4C00070B5144B144A0C21D21AB2FBF1F2816907
:10B4D00011F8025C044635B900690021914205D19A
:10B4E000012323600EE04FF0FF30F6E71E68AE4206
:10B4F0000CD1461C07D19D68D4E90001D4E9022390
:10B50000A847206070BD5E688642F4D001310C33DC
:10B51000E4E700BFD0D20700E8D207001EF0040F16
:10B520000CBFEFF30880EFF30980FFF7C9BF00BF3E
:10B5300010DF704711DF704713B5044609496846AC
:10B54000FCF72CFC019808B902B010BDD0E900212D
:10B550002046904718B16846FCF729FCF2E7112015
:10B56000F2E700BFC0D1070013B50446074968469B
:10B57000FCF714FC019B0BB902B010BD2046D3E9C7
:10B58000002190476846FCF712FCF3E7D8D107008A
:10B59000064B9A6822B11A6822F480021A6070473A
:10B5A000034B4FF48002C3F880207047C04E002048
:10B5B00000E100E00B4991F816335A09EC231341DE
:10B5C000DB0706D5084B9A683AB94FF480030B6045
:10B5D000704742F20200FCF79CBF1A6842F48002F6
:10B5E0001A60704700E100E0C04E0020F7B5194F27
:10B5F0003C7864BB184E012520463570FFF79CFF50
:10B60000112821D02046FFF7AFFF144B8DF80340DF
:10B61000186801900DF10300FCF710F8104901A81B
:10B62000FFF786FF0446B0FA80F0400938709DF8B5
:10B630000300FCF727F83CB90A4B34701C70FFF785
:10B64000B9FF2846FFF790FF204603B0F0BD08245D
:10B65000FAE700BF2D4E00202C4E0020BBD1070082
:10B660000D8507002E4E0020F7B5154F3B781BB314
:10B67000144E01203070FFF75FFF11284FF00005D6
:10B680001CD00220FFF770FF0DF107008DF8075066
:10B69000FBF7D4FFFFF74EFF04469DF807003D700F
:10B6A000FBF7F0FF2CB93470FFF772FF0320FFF7B0
:10B6B0005BFF204603B0F0BD0824FAE72C46F8E70C
:10B6C0002D4E00202C4E0020054B1B7833B1054B2E
:10B6D0001B780BB1FFF7C8BFFFF788BF0820704782
:10B6E0002C4E00202D4E0020014B1878704700BFD3
:10B6F0002D4E002007B508496846FCF74FFB019B1B
:10B7000013B903B05DF804FBD3E900209047684605
:10B71000FCF74DFBF3E700BFCCD10700FFF7EABF12
:10B7200060DF704769DF704761DF704730B5114DEA
:10B73000ADF5017D4FF4FA740DF1020103A8ADF8E7
:10B740000240FFF7F1FF70B9294601A8FCF726FB7C
:10B75000029B002BF0D003A8D3E90021904701A859
:10B76000FCF725FBF4E7052801D0FCF7D2FE0DF528
:10B77000017D30BDE4D10700024B1B780BB1FFF710
:10B78000D5BF70472F4E002018B1034B0360002037
:10B7900070470E20704700BFE82A00207FB506469C
:10B7A0000C46002959D02E4B0B600C22002101A819
:10B7B00001F08CF9012506232268ADF8083001A9B3
:10B7C00020208DF804608DF80650FFF7ABFF0C22A7
:10B7D000002101A801F07AF922688DF8055001A92D
:10B7E0004020FFF79FFF0C22002101A801F06EF915
:10B7F000F7232268ADF8063001A923208DF80460F4
:10B80000FFF790FF0C22002101A801F05FF92268E8
:10B810008DF8045001A92846FFF784FF0C2200216F
:10B8200001A801F053F94FF4B0632268019301A914
:10B83000A120FFF777FF0C22002101A801F046F9B3
:10B840009DF8043022682B4301A9A0208DF8043014
:10B85000FFF768FF002004B070BD0E20FBE700BFBB
:10B86000E82A002008B5FFF75BFF10B9014B012261
:10B870001A7008BD2F4E00204BDF70471FB50D4CCE
:10B8800001A8FFF7F9FF70B9214602A8FCF786FA74
:10B89000039B002BF4D00198D3E90021904702A824
:10B8A000FCF785FAF4E7052801D0FCF732FE04B076
:10B8B00010BD00BFF0D107008B1802448B4200D1AD
:10B8C000704713F8010D02F8010DF7E700000000C2
:10B8D000C3F10803DB0070B501330446002003A563
:10B8E0005B1920C940CAAD1920C4184720C940CAF5
:10B8F000754120C420C940CA754120C420C940CA2E
:10B90000754120C420C940CA754120C420C940CA1D
:10B91000754120C420C940CA754120C420C940CA0D
:10B92000754120C4404170BD0000000000000000CF
:10B93000C3F10803DB0070B50133002403A500BF89
:10B940005B1920C940CAAD1B20C0184720C940CA96
:10B95000B54120C020C940CAB54120C020C940CA55
:10B96000B54120C020C940CAB54120C020C940CA45
:10B97000B54120C020C940CAB54120C020C940CA35
:10B98000B54120C06441B4FA84F0400970BD00BFE5
:10B990002DE9F04F08B4F8CA04B451F8042BA3FB06
:10B9A000028940F8048B4FF0000AE4FB629A4FF0E2
:10B9B000000BE5FB62AB4FF0000CE6FB62BC4FF006
:10B9C000000EE7FB62CE51F8042B4FF00008E3FBBA
:10B9D000628940F8048BE4FB629AE5FB62ABE6FB0C
:10B9E00062BCE7FB62CE51F8042B4FF00008E3FB8A
:10B9F000628940F8048BE4FB629AE5FB62ABE6FBEC
:10BA000062BCE7FB62CE51F8042B4FF00008E3FB69
:10BA1000628940F8048BE4FB629AE5FB62ABE6FBCB
:10BA200062BCE7FB62CE51F8042B4FF00008E3FB49
:10BA3000628940F8048BE4FB629AE5FB62ABE6FBAB
:10BA400062BCE7FB62CE40F8049B40F804AB40F8D0
:10BA500004BB40F804CB40F804EB0CBC052B00F011
:10BA60001E810C68A0F11400A1F11401A2F11402CE
:10BA700052F804EB4FF0000550F8046BE4FB6E56EF
:10BA800052F804EB50F8047BE4FB6E6752F804EBC9
:10BA900050F8048BE4FB6E7852F804EB50F8049BEA
:10BAA000E4FB6E8952F804EB50F804ABE4FB6E9AA9
:10BAB000A0F1140052F8044B51F804EB4FF0000CC5
:10BAC000E4FB6EC540F804CB51F804EBE4FB6E5682
:10BAD00040F8045B51F804EBE4FB6E6740F8046B3C
:10BAE00051F804EBE4FB6E7840F8047B51F804EB6A
:10BAF000E4FB6E8940F8048B51F804EBE4FB6E9A8A
:10BB0000A0E80006062B00F0CA800C68A0F118001F
:10BB1000A1F11801A2F1180252F804EB4FF0000550
:10BB200050F8046BE4FB6E5652F804EB50F8047BBB
:10BB3000E4FB6E6752F804EB50F8048BE4FB6E787C
:10BB400052F804EB50F8049BE4FB6E8952F804EBC6
:10BB500050F804ABE4FB6E9A52F804EB50F804BBC7
:10BB6000E4FB6EABA0F1180052F8044B51F804EB63
:10BB70004FF0000CE4FB6EC540F804CB51F804EB29
:10BB8000E4FB6E5640F8045B51F804EBE4FB6E678F
:10BB900040F8046B51F804EBE4FB6E7840F8047B4A
:10BBA00051F804EBE4FB6E8940F8048B51F804EB88
:10BBB000E4FB6E9A40F8049B51F804EBE4FB6EAB97
:10BBC000A0E8000C072B6AD008B40C68A0F11C0098
:10BBD000A1F11C01A2F11C0252F804EB4FF0000588
:10BBE00050F8046BE4FB6E5652F804EB50F8047BFB
:10BBF000E4FB6E6752F804EB50F8048BE4FB6E78BC
:10BC000052F804EB50F8049BE4FB6E8952F804EB05
:10BC100050F804ABE4FB6E9A52F804EB50F804BB06
:10BC2000E4FB6EAB52F804EB50F804CBE4FB6EBCC3
:10BC3000A0F11C0052F8044B51F804EB4FF0000344
:10BC4000E4FB6E3540F8043B51F804EBE4FB6E5620
:10BC500040F8045B51F804EBE4FB6E6740F8046BBA
:10BC600051F804EBE4FB6E7840F8047B51F804EBE8
:10BC7000E4FB6E8940F8048B51F804EBE4FB6E9A08
:10BC800040F8049B51F804EBE4FB6EAB40F804ABC6
:10BC900051F804EBE4FB6EBCA0E8001808BCBDE85A
:10BCA000F08F002310B51C465AB2914200DC10BD43
:10BCB00040F823400133F7E710B500231A465CB281
:10BCC000A14203DCB2FA82F0400910BD50F82340D3
:10BCD00001332243F3E74A11012350F8220001F017
:10BCE0001F0103FA01F108407047013910B549B24C
:10BCF000041D0A06CBB204D4013954F82120002ACD
:10BD0000F7D001335BB273B103F18042013A50F8CE
:10BD10002220002022B9013B00EB431318B210BDD2
:10BD200052080130F6E71846F9E710B500235CB277
:10BD3000A24200DC10BD51F8234040F823400133FB
:10BD4000F5E710B5013A52B2130601D5002010BD37
:10BD500050F8224051F822309C4205D802F1FF32BF
:10BD6000F2D24FF0FF30F2E70120F0E700EB810163
:10BD70000023884200D3704751F8042D43EA520350
:10BD80000B60D307F5E737B51D469DF918300193D1
:10BD90000446FFF79DFD019B38B91A462146284607
:10BDA000FFF7CFFF0128019B07D02A4621462046F6
:10BDB00003B0BDE83040FFF7BBBD03B030BD37B5C1
:10BDC0001D469DF9183001930446FFF7B1FD019B14
:10BDD00038B12A462146204603B0BDE83040FFF77F
:10BDE00077BD03B030BD2DE9F04FB5B004AC9DF97F
:10BDF000F8501E4680462B462046FFF7C9FD24AB6F
:10BE000029463046CDE90234FFF76FFFC0EB8510BD
:10BE100004B2002C2146B8BF04F11F01634241F374
:10BE2000471103F01F0314A804F01F0758BF5F4217
:10BE3000FFF737FF002F08B22BDD14AB002203EB16
:10BE40008001C7F1200E1346AB4217D36B0001935C
:10BE500014AB03EB85096F1E34AB012603EB870798
:10BE6000002C54DA34AB03EB86062A4656F8C81C7D
:10BE70004046FFF75AFF35B0BDE8F08F56F823C0B3
:10BE80000CFA07F0024341F8042B01332CFA0EF2AE
:10BE9000DAE714AB2A46314603EB8000FFF745FF93
:10BEA000D4E70FFA82FE5AF8C83C53F82EB034ABF0
:10BEB00003EB8202013052F8803C0B44BBEB0303DE
:10BEC00034BF012200229B4518BF11465CF8C82CE4
:10BED00042F82E30019B42B29A42E2DB731A5E4274
:10BEE000294614A85E41FFF741FF34AB03EB8503FD
:10BEF000294653F8802C57F8803C484643EAC273E1
:10BF0000013C47F8803C24B2FFF730FFA8E734AB90
:10BF10000020C6F1010C014603EB860A03EB8C0CF2
:10BF2000D8E730B51C4691B0054693F90030684615
:10BF3000FFF72EFDD4F8AC3069462846984711B07B
:10BF400030BD13460A46FFF7ECBF2DE9F04793F9E1
:10BF5000006092B0044689461046314615461F4699
:10BF6000FFF7AAFE002840F091803A46494602A811
:10BF7000FFF7E7FF3B4602AA21460AA8FFF7D1FFD9
:10BF800002A908463A46FFF7DCFF3B462A464946E7
:10BF90004846FFF7C6FF07F104083A4629462846F7
:10BFA000FFF7CFFF43462A46214620460096FFF77B
:10BFB000EAFE43462A46294628460096FFF7E3FE56
:10BFC00043462A46214628460096FFF7F8FE3B46A0
:10BFD0002A4621462046FFF7A4FF43462246214633
:10BFE00028460096FFF7CFFE434600962A46214694
:10BFF0002046FFF7C8FE2368DB074AD53346424692
:10C0000021462046FFF764FC314682462046FFF772
:10C01000ADFE06F18043013B54F8232042EACA7288
:10C0200044F823203A4621462846FFF78AFF434634
:10C030000AAA294628460096FFF7C1FE43460AAAE7
:10C04000294628460096FFF7BAFE0AA90846434645
:10C050002A460096FFF7B3FE3B460AAA2146204631
:10C06000FFF75FFF02AA4346104621460096FFF7FE
:10C07000A6FE324629462046FFF757FE4946284687
:10C08000FFF753FE02A94846FFF74FFE12B0BDE886
:10C09000F08731462046FFF769FEC3E72DE9F041FE
:10C0A00015468AB004460E461C22002103A800F063
:10C0B0000DFD2F1D95F9008003232A4631462046A9
:10C0C0000293FFF73EFF3B4602AA21462046CDF8E9
:10C0D0000080FFF774FE2B46324621462046FFF7CC
:10C0E00020FFCDF800803B4605F184022146204622
:10C0F000FFF749FE0AB0BDE8F08100002DE9F042EB
:10C10000082288B00C468146FFF70FFECB6A0393E6
:10C110000B6B04934B6B05938B6B0693CB6B079365
:10C12000002708236A4669466846CDE901770097EB
:10C13000FFF7CEFB082305466A4649464846FFF707
:10C14000C7FB236B0393636B0493A36B0593E36BB0
:10C150000544CDE906376A46082369466846FFF775
:10C16000B7FB082305446A4649464846FFF7B0FB3B
:10C17000236A0093636A0193A36A0293A36B0693F5
:10C18000E36B0793054408236A4649464846CDE9D0
:10C1900004770397FFF79CFB636A0093A36AA26B83
:10C1A0000193E36A02930492636BE26B0393CDE91C
:10C1B0000523236A07932E1808236A4649464846F2
:10C1C000FFF786FBE36A0093236B0193636B029393
:10C1D000236A0693A36A0793351808236A464946DB
:10C1E0004846CDE904770397FFF7A2FB236B009342
:10C1F000636B0193A36B0293E36B0393636A0693F0
:10C20000E36A07932E1A08236A4649464846CDE951
:10C210000477FFF78DFB636B0093A36B0193E36BD4
:10C220000293236A0393636A0493A36ACDE90537F3
:10C23000236B0793361A08236A4649464846FFF798
:10C2400077FBA36B0093E36BCDE90137636A03933C
:10C25000A36A0493E36ACDE90537636B0793361A43
:10C2600008236A4649464846FFF762FB361A0E4CD9
:10C270000FD436B9082249462046FFF762FD01284F
:10C280000FD00823224649464846FFF751FB361A8D
:10C29000EFE70823224649464846FFF719FB3618C0
:10C2A000F7D408B0BDE8F08200D2070070B514469C
:10C2B0008AB006460D461A46214602A80193FFF7AA
:10C2C00040FE019B02AA31463046FFF72AFE02A932
:10C2D000019B22460846FFF724FE019B02AA29463D
:10C2E0002846FFF71EFE0AB070BD2DE9F0478AB060
:10C2F0001446DDF848A055461F4615F9046B009614
:10C30000804689462B460246214602A8FFF757FD84
:10C3100002A952460846FFF714FE534602AA4146B8
:10C320004046FFF7FEFD534602AA21462046FFF78E
:10C33000F8FD2B464A46394638460096FFF73FFD42
:10C340005246394602A8FFF7FCFD02A92B46424699
:10C3500008460096FFF733FD02A92B462246084601
:10C360000096FFF72CFD2B464246214620460096BC
:10C37000FFF725FD5346224649464846FFF7D1FDC3
:10C380002B4602AA414620460096FFF718FD534669
:10C39000224639463846FFF7C4FD2B464A46394601
:10C3A00038460096FFF70BFD324602A92046FFF7FC
:10C3B000BCFC0AB0BDE8F0872DE9F0479846B3F918
:10C3C0000230894613F11F0148BF03F13E01DD1D14
:10C3D00048BF03F10E05EC104E11944275B228BF10
:10C3E000144629460746FFF75CFC22464946FFF7FC
:10C3F00063FAB8F90230B3EBC40F4FEAC40220D29B
:10C40000D21A07EB86010020C2F120068F420FD31B
:10C4100008F124082A4639464046FFF792FC0128D5
:10C420000FD02B4642463846BDE8F047FFF780BAAA
:10C4300051F8044D24FA02F303430B6004FA06F0AA
:10C44000E4E7BDE8F08770B5036813F00106054620
:10C45000144605D013460A460146FFF739FA064648
:10C4600021462846FFF782FC46B104F18042013A9A
:10C4700055F8223043F0004345F8223070BDF0B546
:10C480000F46A1B006461946384615461C46FFF72A
:10C4900013FC20B13046FFF704FC21B0F0BD22466A
:10C4A00039466846FFF741FC294608A8FFF73DFCDE
:10C4B00010A82146FFF7F5FB012318A81093FFF7FA
:10C4C000F0FB224608A96846FFF73BFC28B9224644
:10C4D00010A93046FFF729FCDFE7009BDA0709D4F3
:10C4E00021466846FFF742FC2246294610A8FFF77E
:10C4F000AAFFE6E7089BDB0707D4214608A8FFF759
:10C5000035FC2246294618A8F1E7002823461CDD01
:10C5100008AA69466846FFF70BFA21466846FFF706
:10C5200025FC224618A910A8FFF70BFC002805DA05
:10C5300010A923462A460846FFF7CAF910A9234640
:10C5400018AA0846FFF7F4F9CEE708A96A46084694
:10C55000FFF7EEF9214608A8FFF708FC224610A9CC
:10C5600018A8FFF7EEFB002805DA18A923462A468B
:10C570000846FFF7ADF918A9234610AA0846FFF7A9
:10C58000D7F9BEE700487047FCD107002DE9F04F0E
:10C590002DED028BEDB08946789E05901946B6F9CF
:10C5A000023096F9004013F11F0748BF03F13E0720
:10C5B00047F3471707F1FF3B24AB002543F82B5007
:10C5C0006CAB03EB8B0307EE902A4CA896F9012085
:10C5D00043F8805C43F8605CFFF76EF996F9012040
:10C5E00054A81144FFF768F921464CA8FFF764FBF3
:10C5F0008046002840F0428154A8FFF75DFB03907D
:10C60000002840F03D8106F1240A3A464CA95046E4
:10C61000FFF797FB012840F035813A4654A9504670
:10C62000FFF78FFB0128069040F02C811CAD3B46A4
:10C63000524654A92846FFF722FF0DF13008039B0C
:10C6400048F82B3017EE902A494640463346FFF70C
:10C65000B3FE4146404653462A460097FFF7C3FBC8
:10C660000DF5B87B53462A464CA914A80097FFF74E
:10C67000BAFB224658460599FFF757FBA3000793DC
:10C68000059B0BEB840903EB84014846FFF74DFB48
:10C6900006F14403194634A80493FFF746FB049BB4
:10C6A000A10059183CA8FFF740FB331D08EE903A53
:10C6B000594634AA28460094FFF781FB4B465A4658
:10C6C0003CA934A80096FFF710FE18EE902A2346E6
:10C6D00029462846FFF7D3FE2A46494658463346A0
:10C6E000FFF7E4FD039B0893049B0993059B3946E0
:10C6F0004046CDE90A3BFFF7F8FA3946834614A8CD
:10C70000FFF7F3FA5845B8BF58461FFA80FB0BF104
:10C71000FF3109B240460491FFF7DDFA0499B0F108
:10C72000000814A818BF4FF00108FFF7D4FA00283A
:10C7300014BF0220002048EA00080DF1200922461B
:10C7400059F8281024A8FFF7F0FA0DF1B009A3005A
:10C7500019444846FFF7E9FA21462846FFF7A1FAAF
:10C76000069B2B60ABF1020824AB08EE105A0FFABF
:10C7700088F80493B8F1000F2ADA18EE902A18EE20
:10C78000101A18EE100A2346FFF779FE18EE102A49
:10C79000049833464946FFF789FD04993A465046C6
:10C7A000FFF7CFFA012805D004993B4652460846C8
:10C7B000FFF7BEF8013C64B24CAA230653D5039B95
:10C7C000B3FA83F040096DB0BDEC028BBDE8F08F89
:10C7D000334618EE102A0498D6F8A4504946A847C4
:10C7E00041460CA8FFF777FA4146B0F1000B14A8B8
:10C7F00018BF4FF0010BFFF76EFA002814BF02209C
:10C8000000204BEA000B08AB53F82B1031B3224643
:10C8100034A8FFF78AFA079B3CA81944FFF785FA6A
:10C8200018EE102A33463CA934A8FFF73FFD18EE56
:10C83000903A0499009434AA44A8FFF7C0FA049AE5
:10C8400000964B463CA934A8FFF74FFD18EE101A8E
:10C8500018EE100A334644AAFFF763FB08F1FF38CD
:10C860000FFA88F886E7049B52F8241053F8243016
:10C870004B40039919430391013C9EE72846A2E7E8
:10C880004046A0E703989EE7002301461A46184653
:10C8900000F0E4B908B5074B044613B1002100F0DD
:10C8A0002DFA054B1868836A03B19847204600F0BB
:10C8B00073FA00BFFDCC0700ACD2070038B50A4CB4
:10C8C0000A4D641BA4100AD004F18043013B05EB20
:10C8D0008305013C55F804399847002CF9D1BDE88F
:10C8E000384000F061BA00BFA02B00209C2B002034
:10C8F00070B50D4E0D4D761BB61006D000240134D8
:10C9000055F8043B9847A642F9D1094E094D761BCC
:10C9100000F044FAB61006D00024013455F8043B68
:10C920009847A642F9D170BD982B0020982B002083
:10C930009C2B0020982B0020032A70B412D940EAC7
:10C940000105AD0704460B4620D11946204653F891
:10C95000045B54F8046BAE4218D1043A032A204613
:10C960001946F2D8541E72B103780A789A4208BF69
:10C97000241806D00CE010F8013F11F8012F934263
:10C9800006D1A042F7D1002070BC7047541EEBE7DF
:10C99000981A70BC704700BF844641EA000313F048
:10C9A00003036DD1403A41D351F8043B40F8043BB6
:10C9B00051F8043B40F8043B51F8043B40F8043B79
:10C9C00051F8043B40F8043B51F8043B40F8043B69
:10C9D00051F8043B40F8043B51F8043B40F8043B59
:10C9E00051F8043B40F8043B51F8043B40F8043B49
:10C9F00051F8043B40F8043B51F8043B40F8043B39
:10CA000051F8043B40F8043B51F8043B40F8043B28
:10CA100051F8043B40F8043B51F8043B40F8043B18
:10CA200051F8043B40F8043B403ABDD2303211D3B8
:10CA300051F8043B40F8043B51F8043B40F8043BF8
:10CA400051F8043B40F8043B51F8043B40F8043BE8
:10CA5000103AEDD20C3205D351F8043B40F8043BB8
:10CA6000043AF9D2043208D0D2071CBF11F8013BB6
:10CA700000F8013B01D30B8803806046704700BF7C
:10CA8000082A13D38B078DD010F003038AD0C3F18B
:10CA90000403D21ADB071CBF11F8013B00F8013B6D
:10CAA00080D331F8023B20F8023B7BE7043AD9D32C
:10CAB000013A11F8013B00F8013BF9D20B78037001
:10CAC0004B7843708B78837060467047F0B486076C
:10CAD00046D0541E002A3CD0CAB2034602E014F1EC
:10CAE000FF3436D303F8012B9D07F8D1032C29D945
:10CAF000CDB245EA05250F2C45EA054533D9A4F109
:10CB00001006360903F1200707EB061703F11002A0
:10CB100042E9045542E902551032BA42F8D1721C7A
:10CB200014F00C0F03EB021204F00F0613D0331FA6
:10CB300023F003030433134442F8045B9342FBD114
:10CB400006F003042CB1C9B21C4403F8011B9C423B
:10CB5000FBD1F0BC704734461346002CF3D1F8E704
:10CB600014460346C2E71A462646E0E700000000E6
:10CB700000000000000000000000000000000000B5
:10CB800090F800F06DE9024520F007016FF0000C0D
:10CB900010F0070491F820F040F049804FF00004B5
:10CBA0006FF00700D1E9002391F840F000F1080090
:10CBB00082FA4CF2A4FA8CF283FA4CF3A2FA8CF3C8
:10CBC0004BBBD1E9022382FA4CF200F10800A4FA2F
:10CBD0008CF283FA4CF3A2FA8CF3E3B9D1E9042383
:10CBE00082FA4CF200F10800A4FA8CF283FA4CF3BA
:10CBF000A2FA8CF37BB9D1E9062301F1200182FA74
:10CC00004CF200F10800A4FA8CF283FA4CF3A2FA79
:10CC10008CF3002BC6D0002A04BF04301A4612BA87
:10CC2000B2FA82F2FDE8024500EBD2007047D1E98A
:10CC3000002304F00305C4F100004FEAC50514F019
:10CC4000040F91F840F00CFA05F562EA05021CBFEA
:10CC500063EA050362464FF00004A9E72DE9F843B3
:10CC6000224C25680DB36C681F2C3BDC984691461E
:10CC70000F46064688B1D5F8880028B3D0F80031B1
:10CC800040F824900122A24000EB84011343022EBD
:10CC9000C0F80031C1F8808010D0A31C01346C6052
:10CCA00045F823700020BDE8F883114E114D256032
:10CCB000002ED8D03468C5F88840D4E7D0F80431C5
:10CCC0001A43C0F80421E8E70B4B5BB14FF48470C2
:10CCD000AFF3008030B100236C68C0E94033C5F881
:10CCE0008800CDE74FF0FF30DDE700BFBC4E0020ED
:10CCF00000000000304E0020000000002DE9F04F41
:10CD0000DFF8908083B0D8F8005001900F464FF0C4
:10CD1000010A8DB16C68D5F88860013C0CD405F12E
:10CD2000080B67B12EB106F1800353F82430BB42E3
:10CD300005D014F1FF34F4D203B0BDE8F08F6B6876
:10CD40005BF82420013BA34216BF00236C604BF824
:10CD50002430002AEDD0D5F80490B6B1D6F80011F1
:10CD60000AFA04F30B4210D0D6F8040156F8241046
:10CD700003420CD1019890476B68D8F800204B45CE
:10CD800001D1AA42D5D01546C3E79047F4E708463B
:10CD90009047F1E7BC4E0020FEE700BFF8B500BFAA
:10CDA000F8BC08BC9E467047F8B500BFF8BC08BC8C
:10CDB0009E467047001000000400000001000000C3
:10CDC00095790700B9790700C9790700397A070012
:10CDD000D9790700A1790700A5790700A97907008B
:10CDE000001000000400000001000000457B070067
:10CDF000257B0700157B07004D7D0700017D07009F
:10CE0000E77A0700EB7A0700F17A0700982F8A4249
:10CE100091443771CFFBC0B5A5DBB5E95BC256398C
:10CE2000F111F159A4823F92D55E1CAB98AA07D8A4
:10CE3000015B8312BE853124C37D0C55745DBE72C7
:10CE4000FEB1DE80A706DC9B74F19BC1C1699BE447
:10CE50008647BEEFC69DC10FCCA10C246F2CE92DD7
:10CE6000AA84744ADCA9B05CDA88F97652513E98FB
:10CE70006DC631A8C82703B0C77F59BFF30BE0C602
:10CE80004791A7D55163CA0667292914850AB72790
:10CE900038211B2EFC6D2C4D130D385354730A652D
:10CEA000BB0A6A762EC9C281852C7292A1E8BFA204
:10CEB0004B661AA8708B4BC2A3516CC719E892D16C
:10CEC000240699D685350EF470A06A1016C1A419EF
:10CED000086C371E4C774827B5BCB034B30C1C39EE
:10CEE0004AAAD84E4FCA9C5BF36F2E68EE828F74AD
:10CEF0006F63A5781478C8840802C78CFAFFBE90C7
:10CF0000EB6C50A4F7A3F9BEF27871C64800280074
:10CF10000020400085C50700DDAC843D1EBD6AFCD5
:10CF2000F19B4BD0C49DB1BE608F0D7ACA0083AA1D
:10CF3000B84899DE96F7E90C05200B441BE1104A2E
:10CF4000A3418950BAD2FDB74999C850A1D379AF4E
:10CF50008939544350D9C92D06150E1506110A04F6
:10CF60000A1104041F04041C0B1F251E15160F189C
:10CF7000131C0B1F251E15160F18130000000000B0
:10CF80000338FDD870470000F79207009B92070016
:10CF9000EB9707005D9807007D980700E191070077
:10CFA000A19107007F97070000000000A9980700E3
:10CFB000A398070083980700200000007800000075
:10CFC000000000000100010000000000010000005E
:10CFD0000000000002000500010000004200000007
:10CFE0000000000000000000000000000000000041
:10CFF00000000000010011000100FFFF010000001F
:10D0000000000000020017000200FEFF64010000A3
:10D0100054D00700000000000000000000000000E5
:10D0200000000000010001000000000001000000FD
:10D0300000000000020005000100000022000000C6
:10D0400000000000000000000000000000000000E0
:10D0500000000000010011000400FCFF04000000BB
:10D0600000000000020011000400FCFF04000000AA
:10D0700000000000030021000400FCFF0400100079
:10D0800000000000040011000100FFFF010000008B
:10D0900000000000050011000200FEFF0400000077
:10D0A00000000000060011000400FCFF0400000066
:10D0B00000000000070011000400FCFF0400000055
:10D0C00000000000080017000200FEFF240000001E
:10D0D00024D00700090010000100FFFF010000003C
:10D0E00004D107000A0027000200FEFF44000300ED
:10D0F000C4CF070000000000000000000000000096
:10D100000000000000000000010017000400FCFF08
:10D1100068010000F4CF0700020017000400FCFFC4
:10D12000AC01000038D10700000000000000000042
:10D1300000000000000000000100070000000000E7
:10D1400068010000F4CF07000200010000000000A9
:10D1500001000000000000000300050001000000C5
:10D16000420000000000000000000000000000007D
:10D170000000000000000000446675546172670002
:10D18000000000000000000000000000000000009F
:10D1900050EADA308883B89F604F15F30000C98EDB
:10D1A0000338FDD870470C000C00000058026D6970
:10D1B00063726F6269745F61707000001002010039
:10D1C00008D3070010D3070008000000F8D20700BA
:10D1D00008D3070008000000F0D20700F8D20700CB
:10D1E00008000000E8D20700F0D2070008000000A5
:10D1F00010D3070018D30700080000000820000122
:10D20000FFFFFFFFFFFFFFFFFFFFFFFF000000002A
:10D21000000000000000000001000000FFFFFFFF11
:10D22000512563FCC2CAB9F3849E17A7ADFAE6BCC8
:10D23000FFFFFFFFFFFFFFFF00000000FFFFFFFFFA
:10D2400096C298D84539A1F4A033EB2D817D0377A0
:10D25000F240A463E5E6BCF847422CE1F2D1176B3B
:10D26000F551BF376840B6CBCE5E316B5733CE2B0E
:10D27000169E0F7C4AEBE78E9B7F1AFEE242E34F3D
:10D280004B60D2273E3CCE3BF6B053CCB0061D657A
:10D29000BC86987655BDEBB3E7933AAAD835C65A03
:10D2A0004BBF07009DC00700FDC00700382B0020C2
:10D2B0000000000001A10700599E07004032002035
:10D2C0007C4200208D42002048320020F400000003
:10D2D0000000000003000000F5B30700000000009C
:10D2E00002000000D5B30700A59A07000000000067
:10D2F000C17C07000000000079B7070000000000B3
:10D300007DB8070000000000017B0700000000005E
:10D310001D7C070000000000709FFF7F01000000DF
:10D320000090D0030000000000000000000000009A
:10D3300000000000000000000000000000000000ED
:10D3400001000000000000000000000000000000DC
:10D3500002000000EC2A00200C2B0020FC2A0020F8
:10D36000FF00FFFF0100000000E00700382B002055
:10D3700000000000000000000000000000000000AD
:10D38000000000000000000000000000000000009D
:10D39000000000000000000000000000000000008D
:10D3A000000000000000000000000000000000007D
:10D3B000000000000000000000000000000000006D
:10D3C000000000000000000000000000000000005D
:10D3D00069720700417207000000000000000000B1
:0CD3E00001A2070000100000000008007F
:10E00000BE361649020000000000000000000000BB
:10E0100000000000000000001CD20000105EBCF8F0
:10E0200001000000000000000000000000000000EF
:10E0300000000000000000000000000000000000E0
:10E0400000000000000000000000000000000000D0
:10E0500000000000000000000000000000000000C0
:10E0600000000000000000000000000000000000B0
:10E0700000000000000000000000000000000000A0
:10E080000000000000000000000000000000000090
:10E090000000000000000000000000000000000080
:10E0A0000000000000000000000000000000000070
:10E0B0000000000000000000000000000000000060
:10E0C0000000000000000000000000000000000050
:10E0D0000000000000000000000000000000000040
:10E0E0000000000000000000000000000000000030
:10E0F0000000000000000000000000000000000020
:10E10000000000000000000000000000000000000F
:10E1100000000000000000000000000000000000FF
:10E1200000000000000000000000000000000000EF
:10E1300000000000000000000000000000000000DF
:10E1400000000000000000000000000000000000CF
:10E1500000000000000000000000000000000000BF
:10E1600000000000000000000000000000000000AF
:10E17000000000000000000000000000000000009F
:10E18000000000000000000000000000000000008F
:10E19000000000000000000000000000000000007F
:10E1A000000000000000000000000000000000006F
:10E1B000000000000000000000000000000000005F
:10E1C000000000000000000000000000000000004F
:10E1D000000000000000000000000000000000003F
:10E1E000000000000000000000000000000000002F
:10E1F000000000000000000000000000000000001F
:10E20000000000000000000000000000000000000E
:10E2100000000000000000000000000000000000FE
:10E2200000000000000000000000000000000000EE
:10E2300000000000000000000000000000000000DE
:10E2400000000000000000000000000000000000CE
:10E25000000000000000000000000000A21BDAAC7B
:10E2600000000000000000000000000000000000AE
:10E27000000000000000000000000000000000009E
:10E28000000000000000000000000000000000008E
:10E29000000000000000000000000000000000007E
:10E2A000000000000000000000000000000000006E
:10E2B000000000000000000000000000000000005E
:10E2C000000000000000000000000000000000004E
:10E2D000000000000000000000000000000000003E
:10E2E000000000000000000000000000000000002E
:10E2F000000000000000000000000000000000001E
:10E30000000000000000000000000000000000000D
:10E3100000000000000000000000000000000000FD
:10E3200000000000000000000000000000000000ED
:10E3300000000000000000000000000000000000DD
:10E3400000000000000000000000000000000000CD
:10E3500000000000000000000000000000000000BD
:10E3600000000000000000000000000000000000AD
:10E37000000000000000000000000000000000009D
:10E38000000000000000000000000000000000008D
:10E39000000000000000000000000000000000007D
:10E3A000000000000000000000000000000000006D
:10E3B000000000000000000000000000000000005D
:10E3C000000000000000000000000000000000004D
:10E3D000000000000000000000000000000000003D
:10E3E000000000000000000000000000000000002D
:10E3F000000000000000000000000000000000001D
:10E40000000000000000000000000000000000000C
:10E4100000000000000000000000000000000000FC
:10E4200000000000000000000000000000000000EC
:10E4300000000000000000000000000000000000DC
:10E4400000000000000000000000000000000000CC
:10E4500000000000000000000000000000000000BC
:10E4600000000000000000000000000000000000AC
:10E47000000000000000000000000000000000009C
:10E48000000000000000000000000000000000008C
:10E49000000000000000000000000000000000007C
:10E4A000000000000000000000000000000000006C
:10E4B000000000000000000000000000000000005C
:10E4C000000000000000000000000000000000004C
:10E4D000000000000000000000000000000000003C
:10E4E000000000000000000000000000000000002C
:10E4F000000000000000000000000000000000001C
:10E50000000000000000000000000000000000000B
:10E5100000000000000000000000000000000000FB
:10E5200000000000000000000000000000000000EB
:10E5300000000000000000000000000000000000DB
:10E5400000000000000000000000000000000000CB
:10E5500000000000000000000000000000000000BB
:10E5600000000000000000000000000000000000AB
:10E57000000000000000000000000000000000009B
:10E58000000000000000000000000000000000008B
:10E59000000000000000000000000000000000007B
:10E5A000000000000000000000000000000000006B
:10E5B000000000000000000000000000000000005B
:10E5C000000000000000000000000000000000004B
:10E5D000000000000000000000000000000000003B
:10E5E000000000000000000000000000000000002B
:10E5F000000000000000000000000000000000001B
:10E60000000000000000000000000000000000000A
:10E6100000000000000000000000000000000000FA
:10E6200000000000000000000000000000000000EA
:10E6300000000000000000000000000000000000DA
:10E6400000000000000000000000000000000000CA
:10E6500000000000000000000000000000000000BA
:10E6600000000000000000000000000000000000AA
:10E67000000000000000000000000000000000009A
:10E68000000000000000000000000000000000008A
:10E69000000000000000000000000000000000007A
:10E6A000000000000000000000000000000000006A
:10E6B000000000000000000000000000000000005A
:10E6C000000000000000000000000000000000004A
:10E6D000000000000000000000000000000000003A
:10E6E000000000000000000000000000000000002A
:10E6F000000000000000000000000000000000001A
:10E700000000000000000000000000000000000009
:10E7100000000000000000000000000000000000F9
:10E7200000000000000000000000000000000000E9
:10E7300000000000000000000000000000000000D9
:10E7400000000000000000000000000000000000C9
:10E7500000000000000000000000000000000000B9
:10E7600000000000000000000000000000000000A9
:10E770000000000000000000000000000000000099
:10E780000000000000000000000000000000000089
:10E790000000000000000000000000000000000079
:10E7A0000000000000000000000000000000000069
:10E7B0000000000000000000000000000000000059
:10E7C0000000000000000000000000000000000049
:10E7D0000000000000000000000000000000000039
:10E7E0000000000000000000000000000000000029
:10E7F0000000000000000000000000000000000019
:10E800000000000000000000000000000000000008
:10E8100000000000000000000000000000000000F8
:10E8200000000000000000000000000000000000E8
:10E8300000000000000000000000000000000000D8
:10E8400000000000000000000000000000000000C8
:10E8500000000000000000000000000000000000B8
:10E8600000000000000000000000000000000000A8
:10E870000000000000000000000000000000000098
:10E880000000000000000000000000000000000088
:10E890000000000000000000000000000000000078
:10E8A0000000000000000000000000000000000068
:10E8B0000000000000000000000000000000000058
:10E8C0000000000000000000000000000000000048
:10E8D0000000000000000000000000000000000038
:10E8E0000000000000000000000000000000000028
:10E8F0000000000000000000000000000000000018
:10E900000000000000000000000000000000000007
:10E9100000000000000000000000000000000000F7
:10E9200000000000000000000000000000000000E7
:10E9300000000000000000000000000000000000D7
:10E9400000000000000000000000000000000000C7
:10E9500000000000000000000000000000000000B7
:10E9600000000000000000000000000000000000A7
:10E970000000000000000000000000000000000097
:10E980000000000000000000000000000000000087
:10E990000000000000000000000000000000000077
:10E9A0000000000000000000000000000000000067
:10E9B0000000000000000000000000000000000057
:10E9C0000000000000000000000000000000000047
:10E9D0000000000000000000000000000000000037
:10E9E0000000000000000000000000000000000027
:10E9F0000000000000000000000000000000000017
:10EA00000000000000000000000000000000000006
:10EA100000000000000000000000000000000000F6
:10EA200000000000000000000000000000000000E6
:10EA300000000000000000000000000000000000D6
:10EA400000000000000000000000000000000000C6
:10EA500000000000000000000000000000000000B6
:10EA600000000000000000000000000000000000A6
:10EA70000000000000000000000000000000000096
:10EA80000000000000000000000000000000000086
:10EA90000000000000000000000000000000000076
:10EAA0000000000000000000000000000000000066
:10EAB0000000000000000000000000000000000056
:10EAC0000000000000000000000000000000000046
:10EAD0000000000000000000000000000000000036
:10EAE0000000000000000000000000000000000026
:10EAF0000000000000000000000000000000000016
:10EB00000000000000000000000000000000000005
:10EB100000000000000000000000000000000000F5
:10EB200000000000000000000000000000000000E5
:10EB300000000000000000000000000000000000D5
:10EB400000000000000000000000000000000000C5
:10EB500000000000000000000000000000000000B5
:10EB600000000000000000000000000000000000A5
:10EB70000000000000000000000000000000000095
:10EB80000000000000000000000000000000000085
:10EB90000000000000000000000000000000000075
:10EBA0000000000000000000000000000000000065
:10EBB0000000000000000000000000000000000055
:10EBC0000000000000000000000000000000000045
:10EBD0000000000000000000000000000000000035
:10EBE0000000000000000000000000000000000025
:10EBF0000000000000000000000000000000000015
:10EC00000000000000000000000000000000000004
:10EC100000000000000000000000000000000000F4
:10EC200000000000000000000000000000000000E4
:10EC300000000000000000000000000000000000D4
:10EC400000000000000000000000000000000000C4
:10EC500000000000000000000000000000000000B4
:10EC600000000000000000000000000000000000A4
:10EC70000000000000000000000000000000000094
:10EC80000000000000000000000000000000000084
:10EC90000000000000000000000000000000000074
:10ECA0000000000000000000000000000000000064
:10ECB0000000000000000000000000000000000054
:10ECC0000000000000000000000000000000000044
:10ECD0000000000000000000000000000000000034
:10ECE0000000000000000000000000000000000024
:10ECF0000000000000000000000000000000000014
:10ED00000000000000000000000000000000000003
:10ED100000000000000000000000000000000000F3
:10ED200000000000000000000000000000000000E3
:10ED300000000000000000000000000000000000D3
:10ED400000000000000000000000000000000000C3
:10ED500000000000000000000000000000000000B3
:10ED600000000000000000000000000000000000A3
:10ED70000000000000000000000000000000000093
:10ED80000000000000000000000000000000000083
:10ED90000000000000000000000000000000000073
:10EDA0000000000000000000000000000000000063
:10EDB0000000000000000000000000000000000053
:10EDC0000000000000000000000000000000000043
:10EDD0000000000000000000000000000000000033
:10EDE0000000000000000000000000000000000023
:10EDF0000000000000000000000000000000000013
:10EE00000000000000000000000000000000000002
:10EE100000000000000000000000000000000000F2
:10EE200000000000000000000000000000000000E2
:10EE300000000000000000000000000000000000D2
:10EE400000000000000000000000000000000000C2
:10EE500000000000000000000000000000000000B2
:10EE600000000000000000000000000000000000A2
:10EE70000000000000000000000000000000000092
:10EE80000000000000000000000000000000000082
:10EE90000000000000000000000000000000000072
:10EEA0000000000000000000000000000000000062
:10EEB0000000000000000000000000000000000052
:10EEC0000000000000000000000000000000000042
:10EED0000000000000000000000000000000000032
:10EEE0000000000000000000000000000000000022
:10EEF0000000000000000000000000000000000012
:10EF00000000000000000000000000000000000001
:10EF100000000000000000000000000000000000F1
:10EF200000000000000000000000000000000000E1
:10EF300000000000000000000000000000000000D1
:10EF400000000000000000000000000000000000C1
:10EF500000000000000000000000000000000000B1
:10EF600000000000000000000000000000000000A1
:10EF70000000000000000000000000000000000091
:10EF80000000000000000000000000000000000081
:10EF90000000000000000000000000000000000071
:10EFA0000000000000000000000000000000000061
:10EFB0000000000000000000000000000000000051
:10EFC0000000000000000000000000000000000041
:10EFD0000000000000000000000000000000000031
:10EFE0000000000000000000000000000000000021
:10EFF0000000000000000000000000000000000011
:10F00000BE361649020000000000000000000000AB
:10F0100000000000000000001CD20000105EBCF8E0
:10F0200001000000000000000000000000000000DF
:10F0300000000000000000000000000000000000D0
:10F0400000000000000000000000000000000000C0
:10F0500000000000000000000000000000000000B0
:10F0600000000000000000000000000000000000A0
:10F070000000000000000000000000000000000090
:10F080000000000000000000000000000000000080
:10F090000000000000000000000000000000000070
:10F0A0000000000000000000000000000000000060
:10F0B0000000000000000000000000000000000050
:10F0C0000000000000000000000000000000000040
:10F0D0000000000000000000000000000000000030
:10F0E0000000000000000000000000000000000020
:10F0F0000000000000000000000000000000000010
:10F1000000000000000000000000000000000000FF
:10F1100000000000000000000000000000000000EF
:10F1200000000000000000000000000000000000DF
:10F1300000000000000000000000000000000000CF
:10F1400000000000000000000000000000000000BF
:10F1500000000000000000000000000000000000AF
:10F16000000000000000000000000000000000009F
:10F17000000000000000000000000000000000008F
:10F18000000000000000000000000000000000007F
:10F19000000000000000000000000000000000006F
:10F1A000000000000000000000000000000000005F
:10F1B000000000000000000000000000000000004F
:10F1C000000000000000000000000000000000003F
:10F1D000000000000000000000000000000000002F
:10F1E000000000000000000000000000000000001F
:10F1F000000000000000000000000000000000000F
:10F2000000000000000000000000000000000000FE
:10F2100000000000000000000000000000000000EE
:10F2200000000000000000000000000000000000DE
:10F2300000000000000000000000000000000000CE
:10F2400000000000000000000000000000000000BE
:10F25000000000000000000000000000A21BDAAC6B
:10F26000000000000000000000000000000000009E
:10F27000000000000000000000000000000000008E
:10F28000000000000000000000000000000000007E
:10F29000000000000000000000000000000000006E
:10F2A000000000000000000000000000000000005E
:10F2B000000000000000000000000000000000004E
:10F2C000000000000000000000000000000000003E
:10F2D000000000000000000000000000000000002E
:10F2E000000000000000000000000000000000001E
:10F2F000000000000000000000000000000000000E
:10F3000000000000000000000000000000000000FD
:10F3100000000000000000000000000000000000ED
:03F32000000000EA
:020000020000FC
:020000041000EA
:081014000070070000E0070076
:0400000340003E8DEE
:00000001FF
